{"type": "FeatureCollection", "features": [{"type": "Feature", "properties": {"neighborhood": "Adams Point"}, "geometry": {"type": "Polygon", "coordinates": [[[-122.2492600004087, 37.808239999799525], [-122.24927200010424, 37.80822000033956], [-122.24929999969332, 37.80817099990083], [-122.2493819997091, 37.80800000024419], [-122.24950100043307, 37.80773000016697], [-122.249578000426, 37.80755800018133], [-122.24965500041888, 37.80738399975514], [-122.24988800004739, 37.80686200027519], [-122.2499659998652, 37.80668899965798], [-122.25009499973662, 37.80639899980236], [-122.25010700033052, 37.80637399967584], [-122.25047100037857, 37.80552699970024], [-122.25059699987695, 37.805237000249804], [-122.25067600041798, 37.80505799977593], [-122.25079400041875, 37.80479600002883], [-122.25085100032018, 37.80469299997125], [-122.25091700044241, 37.804613999733306], [-122.25097299962059, 37.804559000101676], [-122.25104600031385, 37.804498000075256], [-122.25112599978146, 37.804438000058234], [-122.2513109997294, 37.8043470002352], [-122.25140100014109, 37.8043069999109], [-122.25147099956295, 37.80428399990984], [-122.25174099989968, 37.80423400034565], [-122.2522410003902, 37.80415899987125], [-122.25265399994376, 37.80410700009381], [-122.25276100007389, 37.804089999708204], [-122.25287700042485, 37.804058999829984], [-122.25303399988539, 37.8039990001661], [-122.2531770000005, 37.80391899982871], [-122.25326599968896, 37.80385000015123], [-122.2533240003136, 37.80379399988209], [-122.2533820000399, 37.80371999974022], [-122.25344700033723, 37.8036079996722], [-122.25366499989711, 37.803105999904176], [-122.2537469999129, 37.80293100026461], [-122.25380899983718, 37.802845999783116], [-122.25407300032612, 37.80252100029659], [-122.25420700022042, 37.80236400014589], [-122.2542880004113, 37.80225400032978], [-122.25437700009975, 37.802114999837386], [-122.2544220003056, 37.80202099971359], [-122.25444599969673, 37.80194900011175], [-122.25446800033633, 37.80183800029227], [-122.25447500000902, 37.80161299985871], [-122.25446699961313, 37.80144600032411], [-122.25444499987181, 37.8011559997548], [-122.25442800015338, 37.80102699967658], [-122.25441899993254, 37.8009120001707], [-122.25445699956735, 37.8006869997555], [-122.25450500014625, 37.80056099990503], [-122.25455399965176, 37.80046900016012], [-122.25461899994909, 37.800385999913914], [-122.2546969997669, 37.80031400013786], [-122.25478200015573, 37.800244999931735], [-122.25486800036944, 37.800188999768494], [-122.25497700014937, 37.800125000036985], [-122.25507599988356, 37.8000819999089], [-122.25515399970138, 37.8000120000761], [-122.25521800017378, 37.80007599990557], [-122.25544599977943, 37.80004099999462], [-122.25551799974946, 37.80001900020436], [-122.25559300009252, 37.800015999845265], [-122.25587099992688, 37.799988000037025], [-122.25605199967684, 37.799994000047555], [-122.25619599961688, 37.800028999980775], [-122.25633000040949, 37.800050999768054], [-122.25652700005298, 37.80007300025861], [-122.25670199995515, 37.800048000120086], [-122.25688600007817, 37.800009999836576], [-122.25719300022485, 37.79994399970855], [-122.2575210002879, 37.799828999936175], [-122.25780499997002, 37.79970400016569], [-122.2580769999566, 37.79954099965885], [-122.25830499956221, 37.799397999936986], [-122.25847699998968, 37.79925700019826], [-122.25867399963316, 37.79906599996695], [-122.25874899997622, 37.798982000139965], [-122.25881400027357, 37.79888800028793], [-122.25887399964971, 37.798798000151336], [-122.25899599984845, 37.79869099969645], [-122.25910200015365, 37.7986130002755], [-122.25923600004795, 37.798560000003135], [-122.25947100022462, 37.79856600012966], [-122.25951800008028, 37.7985679996985], [-122.25952399992805, 37.798536000202134], [-122.25955400006528, 37.7983010003485], [-122.2595909998752, 37.7983019997816], [-122.25984699996823, 37.79830900007185], [-122.26008600034285, 37.79831299993324], [-122.26026299989486, 37.7983229999406], [-122.26041699988063, 37.798332999946666], [-122.26074400011879, 37.79840400009246], [-122.26099900038692, 37.798507999832935], [-122.26119799968025, 37.798607000152856], [-122.26140100006981, 37.798763000344664], [-122.26155300040577, 37.79892900013236], [-122.26166700020859, 37.79909400012468], [-122.26190499985998, 37.799106999712635], [-122.26217199982366, 37.79912399982559], [-122.26224899981656, 37.79913399972317], [-122.26231099974083, 37.79915499964565], [-122.2623979997795, 37.79917799982431], [-122.26260700001684, 37.79924899986774], [-122.26283600034569, 37.799339000164665], [-122.26352300043396, 37.799608999687564], [-122.26375199986451, 37.79969999966981], [-122.26366900002382, 37.79983800032601], [-122.26342200015165, 37.80025200003791], [-122.26334000013586, 37.80039099977742], [-122.26325200027232, 37.80053300030343], [-122.2629910001564, 37.80095900024346], [-122.2629429995775, 37.80103800013217], [-122.26290300029284, 37.801100999677466], [-122.26311500000494, 37.80118800024554], [-122.26313599992136, 37.801195999656244], [-122.26383700025333, 37.80147799997941], [-122.26407099970675, 37.80157200008446], [-122.26430800043153, 37.801661000292675], [-122.2650189999109, 37.80193099984543], [-122.26525599973736, 37.80202099971359], [-122.26514899960725, 37.802193999909285], [-122.26482899994012, 37.802714000277696], [-122.2647229996349, 37.80288800035059], [-122.26449300037943, 37.80324099964701], [-122.26380399974305, 37.804302000312475], [-122.2635750003125, 37.80465600000508], [-122.26381399978878, 37.80475099966992], [-122.26421899984476, 37.8049119999286], [-122.26426400005057, 37.80493000017817], [-122.26448699963335, 37.805019999940676], [-122.2645329996641, 37.8050350000087], [-122.26477799988648, 37.80511900004959], [-122.26468099980211, 37.80528000021578], [-122.26439299992201, 37.80576300002782], [-122.26429699966255, 37.80592500024924], [-122.26453799968697, 37.806011000064686], [-122.26526199958515, 37.8062709996898], [-122.26544900008122, 37.80633799987622], [-122.26537100026341, 37.806450000062625], [-122.26534000030126, 37.80650100028766], [-122.26530599996607, 37.80655499986132], [-122.26526999998107, 37.80661600031797], [-122.26522800014827, 37.806679000073494], [-122.26518600031548, 37.80674399983249], [-122.26514500030758, 37.80680700018856], [-122.26509599990382, 37.80687900002269], [-122.26504099965221, 37.806960000018385], [-122.26496899968218, 37.80706399977741], [-122.26490099991014, 37.80716400000813], [-122.26483700033603, 37.80726000001706], [-122.26477600023667, 37.807354999880864], [-122.2647140003124, 37.80744900031309], [-122.26465800023587, 37.80753399975535], [-122.26459399976343, 37.807616999775895], [-122.26454199988494, 37.80769600035011], [-122.26449500002927, 37.807764999982965], [-122.2644549998463, 37.807822000093886], [-122.26442399988414, 37.80788700026629], [-122.26415100007267, 37.80777400011547], [-122.26402100037635, 37.80770999985908], [-122.26394400038345, 37.807659999775474], [-122.26387099969018, 37.80760100021526], [-122.2638060002912, 37.80753899984472], [-122.2637500002147, 37.80747600011311], [-122.26356400044185, 37.8072159997623], [-122.2635960002289, 37.80732399995365], [-122.26359899970363, 37.807405000170995], [-122.26360999957429, 37.80748200022509], [-122.26360499955142, 37.80758499994146], [-122.26356299971863, 37.807738000288595], [-122.26334400033382, 37.80835699997419], [-122.26316299968552, 37.80889900023306], [-122.26313400027152, 37.808970000158205], [-122.26303999966188, 37.809306000297454], [-122.26301799992059, 37.80937299985931], [-122.26275699980468, 37.81012599998071], [-122.26249800023689, 37.810846999679946], [-122.26246300007679, 37.81094499981215], [-122.26241799987096, 37.81105200025699], [-122.26228499980157, 37.81137599984902], [-122.26224100031895, 37.81148400034334], [-122.26200199994436, 37.81199900009418], [-122.26169800017072, 37.812651999933756], [-122.2616539997898, 37.812748999852026], [-122.26158199981977, 37.81287800003601], [-122.26149499978114, 37.81303399989143], [-122.26140600009268, 37.81294100012648], [-122.26133499994756, 37.812866999924594], [-122.2611540001976, 37.81270699992503], [-122.26086700014243, 37.812406000103834], [-122.26062899959273, 37.81239100011365], [-122.26052300018586, 37.8123900001615], [-122.2604140004059, 37.81239899973029], [-122.26029600040513, 37.81242299999442], [-122.26020500016851, 37.812447000250685], [-122.2601180001299, 37.812484999812575], [-122.25990100039492, 37.81260700010405], [-122.25980299958731, 37.81267400021906], [-122.25950200018676, 37.81292700018987], [-122.25938199963782, 37.813052000290256], [-122.25907200001643, 37.81337900014801], [-122.25901900031297, 37.81342799996938], [-122.25889299991628, 37.8135470003126], [-122.25861000005908, 37.81381599976733], [-122.25838999995104, 37.813978999994205], [-122.25808600017741, 37.81417500033035], [-122.25604900020211, 37.81532699991386], [-122.25414500029615, 37.81638999988082], [-122.25388699965498, 37.816563999664034], [-122.25378500044604, 37.8166419999965], [-122.25368499998862, 37.81670700021065], [-122.25355699994208, 37.816782999897136], [-122.2533889997126, 37.81688999968729], [-122.2532539999934, 37.81695899995386], [-122.25317399962745, 37.81699199987339], [-122.25280700010464, 37.81719400004874], [-122.25312400029705, 37.817686000334106], [-122.2534149996519, 37.81795600019625], [-122.25386099971571, 37.818372000269086], [-122.2541550003419, 37.81864599993037], [-122.25404200036398, 37.818730999965595], [-122.25402700029538, 37.81874299977906], [-122.25385099966998, 37.818868999831096], [-122.25375000028593, 37.818945000130206], [-122.25367900014083, 37.81900100026322], [-122.25343100044373, 37.818816999768096], [-122.25338500041296, 37.81877800005165], [-122.25327200043506, 37.81868299998275], [-122.25309499998474, 37.8185169998902], [-122.25279000038621, 37.818216000339106], [-122.25262800000452, 37.818033999767536], [-122.25260000041541, 37.81799999972801], [-122.25236500023878, 37.817717000168706], [-122.25232599988071, 37.81766400012312], [-122.25220899970483, 37.81750800011615], [-122.25217100007, 37.817455999804054], [-122.25210900014574, 37.81737300019887], [-122.2520079998634, 37.81722099983358], [-122.25198100009924, 37.817179000321694], [-122.25172900020414, 37.81673500006687], [-122.25159699995967, 37.81647000019097], [-122.25152800036267, 37.81633100019974], [-122.2515009997002, 37.81626999996269], [-122.25147499976093, 37.81621299998648], [-122.2514510003698, 37.81615699986739], [-122.25115199972075, 37.8152069996871], [-122.2511290001545, 37.8151350001671], [-122.25106300003227, 37.814918999766455], [-122.25103899974282, 37.81484899980331], [-122.2510019999329, 37.81471699975295], [-122.25089700035092, 37.81434699980562], [-122.25085799999286, 37.814208000075055], [-122.25038500016485, 37.81326400000506], [-122.25030099960095, 37.81314100014761], [-122.25019000017117, 37.813008999882214], [-122.25006399977448, 37.812897999653785], [-122.24993200042832, 37.8127899998084], [-122.249790999963, 37.81270599997716], [-122.2496200002588, 37.81262499989728], [-122.24946399972487, 37.81253800002792], [-122.24923600011924, 37.812410999863296], [-122.24897900020127, 37.8122200002941], [-122.24887700009403, 37.81214500012375], [-122.24857199959719, 37.81191999986544], [-122.24847100021316, 37.81184500010006], [-122.24837800032675, 37.81177799994242], [-122.24809999959407, 37.81157899974074], [-122.24800800043089, 37.811513000015466], [-122.24801699975342, 37.81149599991541], [-122.24804799971555, 37.81144600026627], [-122.24805799976129, 37.811430000115955], [-122.2482700003717, 37.81108000012889], [-122.24854999985588, 37.81058599986654], [-122.24859800043477, 37.8105050002997], [-122.24845600014456, 37.81043699965728], [-122.24812700025659, 37.81030600021563], [-122.24789899975262, 37.810226000323105], [-122.24650399965972, 37.80984100007168], [-122.24660999996495, 37.80976400034829], [-122.24670200002645, 37.80970299965321], [-122.24683400027091, 37.80962199982745], [-122.24689399964704, 37.80958900016216], [-122.24695800011948, 37.80956199971526], [-122.24778099975185, 37.80912999973926], [-122.24811399983778, 37.8089950001156], [-122.2490029995924, 37.80851200015059], [-122.2490160000112, 37.808508000131795], [-122.24908399978325, 37.8084539998571], [-122.24914800025566, 37.80839100019644], [-122.24925299983767, 37.808253999915145], [-122.2492600004087, 37.808239999799525]]]}}, {"type": "Feature", "properties": {"neighborhood": "Brookfield Village"}, "geometry": {"type": "MultiPolygon", "coordinates": [[[[-122.08600099993632, 37.49503299986764], [-122.07801600024162, 37.495107000327884], [-122.07284900032182, 37.49451199968569], [-122.06589800014669, 37.492946000181156], [-122.06148400043739, 37.49160499983134], [-122.06157800014871, 37.48668499978042], [-122.06074899977024, 37.474931000094934], [-122.05988599995489, 37.46946700016315], [-122.05594099987565, 37.463950999895225], [-122.04870699984328, 37.46163900009776], [-122.0457069995952, 37.46180599989258], [-122.04458699986189, 37.46066599993504], [-122.04527099957708, 37.46027599969374], [-122.04585700028133, 37.45993799974076], [-122.04657399960848, 37.45952599971081], [-122.04782499976137, 37.459007000244775], [-122.04818499961151, 37.45897300022685], [-122.04896999960903, 37.45890000007327], [-122.05031299982342, 37.45890000007327], [-122.05076300008521, 37.458950999787575], [-122.05124400030914, 37.459007000244775], [-122.0519310003974, 37.45925099971012], [-122.05264799972458, 37.45965599965732], [-122.0574859997564, 37.46270699986972], [-122.05967300041786, 37.464087000089634], [-122.06020200032238, 37.46442000012406], [-122.06178999986084, 37.46542200023642], [-122.06231999959024, 37.465755999666314], [-122.06350799999393, 37.466505999903895], [-122.06707499978141, 37.46875599967702], [-122.06826400000999, 37.46950599976258], [-122.06838399966058, 37.46958199972778], [-122.06874699988374, 37.469809999872815], [-122.06886800025757, 37.46988699982414], [-122.06896500034193, 37.469947999979254], [-122.06925900006983, 37.470133000016695], [-122.06935699997912, 37.47019500026213], [-122.07177999974382, 37.471723000132314], [-122.07904899993628, 37.47630900023977], [-122.08147300042423, 37.47783800006457], [-122.08710300012629, 37.48180499976563], [-122.10399499978062, 37.49370600030945], [-122.0985879996613, 37.49488400019215], [-122.09107300031987, 37.49503299986764], [-122.08600099993632, 37.49503299986764]]], [[[-122.20184099981513, 37.6952699999332], [-122.20047599985942, 37.692591999940866], [-122.19941200020263, 37.69130000002904], [-122.1972060001729, 37.68862200025404], [-122.19292899983263, 37.68349700018739], [-122.19247400044628, 37.6829610002742], [-122.19228199992735, 37.68273499977336], [-122.19211399969787, 37.68287200012451], [-122.19154899980832, 37.6833349997917], [-122.19105900026187, 37.68276900016952], [-122.18804999979294, 37.679292000222866], [-122.18463899964108, 37.67534900001422], [-122.18057999975902, 37.67065699996146], [-122.17528800016576, 37.67074200018449], [-122.17609999992749, 37.670011999948535], [-122.17678500036594, 37.669395999956855], [-122.17068699996041, 37.67081100031065], [-122.17062699968595, 37.667403000018375], [-122.16728900022734, 37.6674500002988], [-122.16707599979202, 37.6672310000849], [-122.16694699992058, 37.66675800016814], [-122.1668719995775, 37.6664779999711], [-122.16662800007838, 37.66557600024549], [-122.16559299983557, 37.66175799990906], [-122.16386100035704, 37.65536699983684], [-122.16133999978476, 37.647446999947235], [-122.16113200027058, 37.64679499986454], [-122.1601899999142, 37.64105499999347], [-122.15849600007054, 37.63293100027872], [-122.15843400014627, 37.632184999835], [-122.15755299988925, 37.621601000140025], [-122.16247700013479, 37.61475800004982], [-122.16235999995894, 37.614703000225234], [-122.1558590000456, 37.6115369998116], [-122.1524169999316, 37.59909900003026], [-122.15501299994867, 37.591114000010826], [-122.153507000426, 37.582168999902535], [-122.14099799962051, 37.56219299984515], [-122.13576899977645, 37.55885200022242], [-122.1285780003001, 37.548104999774694], [-122.1255360002192, 37.54247400023481], [-122.12209199955707, 37.53610499996217], [-122.12040100008645, 37.532823999754825], [-122.11852099957163, 37.526412999710836], [-122.11729799990617, 37.5136669997513], [-122.11739300034073, 37.50689400026632], [-122.11747199998345, 37.50699000021865], [-122.1182849995701, 37.5079849996916], [-122.12096299960291, 37.511257999919145], [-122.1218559995555, 37.51235000013174], [-122.12309900021079, 37.51386699971365], [-122.12683000002978, 37.51841899977214], [-122.12807399961162, 37.51993700030007], [-122.13041400043397, 37.52281600016429], [-122.13743400020608, 37.53145599981926], [-122.13977499995505, 37.53433599980958], [-122.14165499957156, 37.53663500007992], [-122.14729500021768, 37.54353500020434], [-122.14917499983416, 37.54583500032039], [-122.14942900027737, 37.54615900000179], [-122.15019400018345, 37.54713399977398], [-122.15044899955325, 37.5474590001879], [-122.15157400020773, 37.5488940001624], [-122.15494900037457, 37.55319900026392], [-122.15607499995566, 37.55463499998529], [-122.15831500032058, 37.557454999824756], [-122.16503499961874, 37.56591499986579], [-122.16727599980855, 37.56873500000386], [-122.169820999772, 37.571884000162946], [-122.1744680000081, 37.57763400033159], [-122.17745700038556, 37.5813309998221], [-122.18000300017393, 37.58447999984112], [-122.18133700016747, 37.58613000019919], [-122.18534099979794, 37.59108299992819], [-122.18667599961641, 37.59273399990783], [-122.1867099999516, 37.59277500002332], [-122.18681200005885, 37.592899000304406], [-122.18684600039404, 37.59294099968697], [-122.18836100013753, 37.59478400007438], [-122.19290799991624, 37.600314999900036], [-122.19442400038298, 37.60215899979245], [-122.19483399956349, 37.60265800028558], [-122.19542199991756, 37.60337300031981], [-122.19606700017302, 37.604157999943226], [-122.19642000035041, 37.60458700025137], [-122.19652800030545, 37.604718000155955], [-122.1967090000554, 37.60493900018922], [-122.1968189996603, 37.60507199999907], [-122.19765300006163, 37.60608800004752], [-122.1979319997209, 37.60642700002656], [-122.20007599982634, 37.609035000117586], [-122.20650899996762, 37.61686200027403], [-122.20865399989799, 37.619470999885046], [-122.21075000032289, 37.62202199988153], [-122.21666000040742, 37.62921100009928], [-122.21704100017392, 37.62967499970168], [-122.21871699957593, 37.63171399985602], [-122.21904499963898, 37.63211300004057], [-122.21913800042371, 37.63222600025986], [-122.21941600025804, 37.632564000349724], [-122.22025200030923, 37.63358099992516], [-122.22053099996849, 37.63391999977341], [-122.22244099972224, 37.636243999741936], [-122.22817199970663, 37.643216999662165], [-122.23008300018355, 37.645541999822086], [-122.2334020002739, 37.64957900005995], [-122.24335899964666, 37.66169300003622], [-122.2466789995619, 37.665731000273546], [-122.24773899991905, 37.667071000003915], [-122.25091900009224, 37.67109099980362], [-122.25122600023889, 37.67148000027888], [-122.25197899955107, 37.67243100017136], [-122.25471199983548, 37.675721999846616], [-122.26291199961537, 37.68559599985509], [-122.26469500004582, 37.68774399978268], [-122.2656459997247, 37.68888800009897], [-122.26886400043101, 37.69276299993582], [-122.27852000040316, 37.70438899981786], [-122.2808800004187, 37.707229999786506], [-122.28178000004398, 37.708229999648104], [-122.28245999956124, 37.70930900005265], [-122.2844999999096, 37.71255000033735], [-122.28518000032518, 37.71363000024441], [-122.28609900021704, 37.7150700000316], [-122.28886000009055, 37.71938999988157], [-122.28977999980732, 37.72082999998769], [-122.29019999993186, 37.721490000007456], [-122.29146000030556, 37.72347000031076], [-122.29188000043014, 37.72413000025567], [-122.29222000018878, 37.72462999974368], [-122.29324000036297, 37.72612999998162], [-122.29358000012158, 37.726630000178325], [-122.29376000004665, 37.726909999950855], [-122.29429999982182, 37.727750000021814], [-122.29447999974686, 37.728029999822894], [-122.29766800031595, 37.73319599972965], [-122.30028000022656, 37.73742900004578], [-122.30117999985184, 37.73882900011893], [-122.30727999990718, 37.74866799994732], [-122.31048000017184, 37.753829000010064], [-122.31313599956506, 37.75799900006808], [-122.31609200033057, 37.76263800031781], [-122.32134200009102, 37.77088099991677], [-122.30675100000268, 37.76677200029932], [-122.29180799956183, 37.76300800005631], [-122.28226499956754, 37.760178999820184], [-122.26690600009843, 37.75530399996886], [-122.25946799985157, 37.75259399965669], [-122.2626890000326, 37.74771699981904], [-122.26875399992785, 37.73853399988472], [-122.26911600032611, 37.73798299991353], [-122.2644260004323, 37.73294799976266], [-122.25654200012161, 37.72124199991884], [-122.25628199983059, 37.721077000268075], [-122.25549699983304, 37.72176600028741], [-122.25153099983741, 37.72525700034955], [-122.25091499989429, 37.72578899978004], [-122.25026600033915, 37.72635900015673], [-122.24872099956009, 37.72769500003802], [-122.24803299964692, 37.72828299968684], [-122.24791200017141, 37.728374999746045], [-122.24503900014491, 37.72579799994722], [-122.24196199990389, 37.72374199997556], [-122.2409769998898, 37.72308899972248], [-122.23876800038535, 37.721617000083775], [-122.23618099969079, 37.7198510000469], [-122.23511000036129, 37.72094000016249], [-122.23478399994805, 37.721272999708866], [-122.23448600002222, 37.72157800022896], [-122.23423099975409, 37.72183700006434], [-122.23376299994895, 37.72231499993405], [-122.23305999996714, 37.72303099989933], [-122.23284700043013, 37.723221999745796], [-122.23256500039784, 37.72347499969185], [-122.23217299986237, 37.72385799988405], [-122.2321059999152, 37.7239239997264], [-122.23152199975911, 37.72451299990305], [-122.2299929997719, 37.72604999992109], [-122.22901799980353, 37.72702399978844], [-122.22865899977835, 37.72740799978265], [-122.2285159996632, 37.727553999957486], [-122.22843199999762, 37.72763799994708], [-122.22834300030917, 37.72772899970983], [-122.22816800040697, 37.72767700016357], [-122.22716400012632, 37.72738000018344], [-122.22714099966176, 37.727544000324514], [-122.2267680002912, 37.72765700021909], [-122.22678699965945, 37.73031199979459], [-122.22680599992603, 37.733098999824314], [-122.22677599978879, 37.7331709997076], [-122.22667299985662, 37.7333840001366], [-122.22659300038902, 37.73358900033109], [-122.22652899991661, 37.73380099996289], [-122.22650299997733, 37.73391499984907], [-122.22647700003806, 37.73406699966107], [-122.2264529997486, 37.734244000250115], [-122.22644299970287, 37.734387000264505], [-122.22644900044895, 37.73571500013741], [-122.22645899959637, 37.737782000103465], [-122.22646399961927, 37.73897400027274], [-122.22647200001516, 37.740616000351885], [-122.22647899968787, 37.74223900016007], [-122.22649200010666, 37.74503699971734], [-122.22652100041898, 37.745163999900925], [-122.22653499976438, 37.74522099999633], [-122.22655499985585, 37.745305999982364], [-122.2266000000617, 37.745500999790316], [-122.22654999983298, 37.746836000085054], [-122.2265080000002, 37.74788400000839], [-122.22649999960427, 37.74808000023905], [-122.22554100042775, 37.748066000087576], [-122.2248250000272, 37.74805599967336], [-122.22337700023083, 37.74803600026146], [-122.22327599994848, 37.75197300006455], [-122.22342499991142, 37.753949999823874], [-122.22348099998788, 37.754702000117554], [-122.22212500025303, 37.755953000180504], [-122.21811200040173, 37.75965599996307], [-122.216968000379, 37.76025100035013], [-122.21607700007623, 37.76071600013186], [-122.21510899978057, 37.76131999991444], [-122.21502099991703, 37.76137499977314], [-122.21498699958182, 37.76139299997622], [-122.21488500037289, 37.76144899971213], [-122.21485199986263, 37.761467999828454], [-122.21482000007558, 37.76143100023281], [-122.21480300035715, 37.761412000106986], [-122.21474899993046, 37.761350000036146], [-122.21472600036425, 37.76132299971414], [-122.21469500040212, 37.76128699997965], [-122.21437400001173, 37.76091900003169], [-122.21425500018606, 37.76078199978606], [-122.2136810000757, 37.76013100013815], [-122.21340599971607, 37.75982000033391], [-122.2130840003991, 37.75945400010657], [-122.21295700017751, 37.75930699967437], [-122.21257899988575, 37.75886600017609], [-122.21245300038737, 37.75871899999586], [-122.21238800009003, 37.758648000074714], [-122.2121959995711, 37.75843599987474], [-122.21213199999698, 37.758365999655155], [-122.21181599962951, 37.75802800013849], [-122.21178800004043, 37.757998000089955], [-122.21154799984089, 37.75769699966353], [-122.21141200029678, 37.757556999890305], [-122.2109079996083, 37.75698299968342], [-122.21069900026924, 37.75674499981588], [-122.21060600038282, 37.75663400027834], [-122.21011400028823, 37.75608100010052], [-122.20965700035374, 37.755565999768855], [-122.20926800019133, 37.75511799986764], [-122.20892900025761, 37.75471699974628], [-122.2086530000731, 37.75441300009574], [-122.20859500034675, 37.75434899978587], [-122.20822299990274, 37.753921000285644], [-122.20816299962833, 37.75385999965247], [-122.20803899977976, 37.75371600028701], [-122.2078379999383, 37.75348300004924], [-122.20766499968595, 37.75329100009143], [-122.20756500012683, 37.753180000343534], [-122.20753699963944, 37.753147999662275], [-122.20744100027828, 37.75319300019467], [-122.20735099986658, 37.75323499986193], [-122.20720600010162, 37.75330299988147], [-122.20715500004802, 37.753326000124574], [-122.20705999961343, 37.7533709998385], [-122.20694400016082, 37.753423999845225], [-122.20659600000626, 37.753585999751], [-122.20648100037855, 37.75364000035104], [-122.20622399956227, 37.753758999692835], [-122.20608999966797, 37.753818999664404], [-122.205175999799, 37.75423100000161], [-122.20489700013975, 37.754300999872264], [-122.20448100021314, 37.75440599990922], [-122.20413100040876, 37.75449400007563], [-122.20388600018639, 37.754556000210776], [-122.20314100037177, 37.75474899974895], [-122.20216300003038, 37.75480300021042], [-122.20207500016686, 37.754777999672896], [-122.20148500016298, 37.7546120001507], [-122.20140800017008, 37.7546660000019], [-122.20117800001628, 37.754829000050265], [-122.20110199984833, 37.75488399976333], [-122.20103300025133, 37.75482299992417], [-122.20061899997457, 37.75445699983277], [-122.20031699985078, 37.75419100024873], [-122.19971000012845, 37.753661999742434], [-122.19922100040691, 37.75322600018891], [-122.1991710001782, 37.753180000343534], [-122.19869699962695, 37.75274500012965], [-122.1985719999535, 37.75263799976518], [-122.19820000040781, 37.752320000038786], [-122.19807599966093, 37.752213999826274], [-122.19776699986446, 37.751944999811485], [-122.19757600006874, 37.751778000263435], [-122.19750099972568, 37.751712999742004], [-122.1974320001287, 37.751653000193485], [-122.19723299993706, 37.75147900023319], [-122.19685100034563, 37.75113099979543], [-122.19669599963662, 37.75099000030942], [-122.19661199997104, 37.75091399970432], [-122.19654800039696, 37.75085699973197], [-122.1964060001067, 37.75073900006088], [-122.19627600041038, 37.750631000269216], [-122.19604100023373, 37.750435999772606], [-122.19602100014225, 37.75041899982517], [-122.1957650000492, 37.750193999818606], [-122.19542799976531, 37.74989900013095], [-122.19502000023466, 37.749548999891076], [-122.1947080000651, 37.7492629999191], [-122.19455699955404, 37.74913400018098], [-122.19405699996187, 37.74870699974099], [-122.19396999992324, 37.74863000023786], [-122.19370999963222, 37.74839899982703], [-122.19362400031679, 37.74832200000343], [-122.19304799965833, 37.7478170000968], [-122.1929830002593, 37.74775999986981], [-122.19203400023022, 37.74693500000495], [-122.19135899983752, 37.74632999984683], [-122.19132299985255, 37.746300000027254], [-122.19073100019882, 37.74581499983658], [-122.19069100001586, 37.745779999802394], [-122.18974700000965, 37.744952000132734], [-122.18929900029597, 37.74455800002269], [-122.18841800003896, 37.74378299998711], [-122.18687900000602, 37.742439999944544], [-122.18679500034042, 37.74236699965123], [-122.18611900012283, 37.74177299984302], [-122.18581299980106, 37.74150400023452], [-122.18496099985637, 37.74077099982605], [-122.18495300035875, 37.740763999769726], [-122.18428800001179, 37.74016999988469], [-122.18377800037386, 37.7397319999516], [-122.1830059998968, 37.7390790000353], [-122.18242900031171, 37.73857199980507], [-122.18241699971782, 37.738560999998384], [-122.18197300020212, 37.73816200015792], [-122.18156099957515, 37.73783499990844], [-122.18143000005391, 37.73793300025211], [-122.18103900024167, 37.73822600025935], [-122.180908999647, 37.738325000329446], [-122.18078399997354, 37.73841800023158], [-122.1804080002299, 37.73869999995406], [-122.18028400038135, 37.73879400033324], [-122.18025599989392, 37.738815999875726], [-122.18017399987818, 37.73888199988476], [-122.18014700011396, 37.73890500034762], [-122.1800850001897, 37.738953999827444], [-122.17990199989161, 37.73910299996015], [-122.17987799960216, 37.73912399988795], [-122.17984800036324, 37.73915999975042], [-122.17981400002805, 37.73918900010046], [-122.17973600021026, 37.73925799976082], [-122.17971500029385, 37.73927599966163], [-122.17968299960849, 37.73930600019705], [-122.17966099986717, 37.73932599983677], [-122.17947199972129, 37.73946000005439], [-122.17946199967555, 37.73946799975221], [-122.17884300025766, 37.73993099970562], [-122.17863400002031, 37.74008899985396], [-122.17848300040755, 37.740204000222], [-122.17825200042888, 37.740381999852524], [-122.17802899994778, 37.740546999826144], [-122.17787800033504, 37.740660999980555], [-122.17769699968679, 37.74080900001887], [-122.17767599977039, 37.74082600004267], [-122.17760700017341, 37.740884000136454], [-122.17737600019474, 37.741065000173634], [-122.17714699986585, 37.741231999744706], [-122.17694699984933, 37.741363999658034], [-122.17687599970421, 37.74140599964567], [-122.17678100016796, 37.74145700000458], [-122.17665499977129, 37.74151199971149], [-122.17658100015144, 37.741546000142726], [-122.17640399970111, 37.741628999688274], [-122.1758749997966, 37.741879000093654], [-122.17569900006951, 37.741963000171005], [-122.17551699959631, 37.742048000346784], [-122.17497400034641, 37.74230200009821], [-122.17479299969813, 37.742388000073824], [-122.17461399959798, 37.74247299976156], [-122.1740789998457, 37.74272799965979], [-122.17390099957046, 37.74281399985082], [-122.17371899999557, 37.742898999759724], [-122.17354900011628, 37.74298000026736], [-122.17317400019753, 37.74315199996384], [-122.17299300044758, 37.74323600001732], [-122.17284199993651, 37.743306999810535], [-122.17239099984982, 37.74352199983957], [-122.172241000062, 37.74359499970413], [-122.1718839996866, 37.74375799998834], [-122.17167399962432, 37.74385500013528], [-122.171327000193, 37.744025999762535], [-122.17117499985704, 37.74410600029165], [-122.17093100035787, 37.74424599994393], [-122.17083900029637, 37.744296000313724], [-122.170630000059, 37.74441099982843], [-122.17048899959369, 37.74447100027642], [-122.17045699980666, 37.744426000122566], [-122.17042300036975, 37.74438700020389], [-122.17036599957004, 37.7443109999208], [-122.1700030002452, 37.74382799982154], [-122.16988299969627, 37.743667000035174], [-122.16983800038876, 37.74360600018345], [-122.16970399959612, 37.743426000141675], [-122.16966000011354, 37.74336600026723], [-122.16956999970182, 37.743245000194946], [-122.16930299973812, 37.742885000048894], [-122.16921200039985, 37.74276299971657], [-122.16918200026264, 37.74272000031429], [-122.16909199985095, 37.74259200001282], [-122.16906300043695, 37.74254999998775], [-122.16900099961437, 37.742468999719925], [-122.16881499984152, 37.742225999805335], [-122.16875399974214, 37.74214499989327], [-122.16831600007424, 37.74156499968748], [-122.16830000018071, 37.74154399974172], [-122.16809799961604, 37.741269999700805], [-122.16805099976037, 37.74120499989486], [-122.1679129996681, 37.74101300004734], [-122.16786800036057, 37.74094900022427], [-122.16779800004038, 37.7408519998209], [-122.16758799997808, 37.74056399991017], [-122.16751900038112, 37.74046799992769], [-122.16749199971862, 37.740431999990975], [-122.16742300012164, 37.740341999717415], [-122.16740999970285, 37.74032599979939], [-122.1673829999387, 37.74029200022851], [-122.16732400038745, 37.740213000057956], [-122.16715000031017, 37.73997599975076], [-122.16709199968554, 37.739898000176076], [-122.16700299999708, 37.739777000117705], [-122.16673600003338, 37.73941499969558], [-122.16664700034492, 37.739294999789024], [-122.16655000026056, 37.739168999713314], [-122.1662590000074, 37.73879100033052], [-122.16616299974795, 37.738665000107375], [-122.1660819995571, 37.73855099972062], [-122.16584100043097, 37.73820999988398], [-122.16576100006505, 37.73809699975407], [-122.16570300033872, 37.738015000048534], [-122.16560500042944, 37.737876999767124], [-122.16552900026146, 37.7377699999279], [-122.16547200036005, 37.737689000112724], [-122.16554599997987, 37.737655000041116], [-122.16562299997278, 37.73776000025371], [-122.16571699968412, 37.737728000008474], [-122.16577699995858, 37.737709000189355], [-122.16580299989783, 37.7376970000019], [-122.16630400021324, 37.73746199996551], [-122.16663099955309, 37.73730899976157], [-122.16749900028965, 37.736897999960476], [-122.1683479998613, 37.73650300004626], [-122.16874299987148, 37.73631799984737], [-122.16894200006313, 37.736223999876394], [-122.16951699999838, 37.73595100031192], [-122.1700269996363, 37.73571500013741], [-122.17030700001881, 37.73558100024532], [-122.1706149999904, 37.73543899997838], [-122.17083599992331, 37.73533599988448], [-122.17146199991222, 37.73504099994004], [-122.17152899985936, 37.735010000229245], [-122.17155599962355, 37.7349959997368], [-122.17065400034846, 37.733614000212], [-122.16997300010796, 37.73253499997377], [-122.16987100000071, 37.732371000228824], [-122.16976899989348, 37.7322110000063], [-122.1699389997728, 37.73213199973782], [-122.17009699995653, 37.732055999660865], [-122.17039200040763, 37.73191899997003], [-122.17049699998961, 37.731868999765645], [-122.17056200028695, 37.731857000052564], [-122.17072399977033, 37.73182799967228], [-122.17080999998407, 37.7318120000456], [-122.1709759996654, 37.73177600016239], [-122.17238199962898, 37.731512000010625], [-122.17404000038594, 37.73118999980007], [-122.17424299987722, 37.731143000126615], [-122.17416900025738, 37.731079999928006], [-122.17360299964461, 37.73059999980115], [-122.1723549998648, 37.729511999977966], [-122.17142400027738, 37.72869799978241], [-122.17119900014647, 37.72850600018139], [-122.17091999958893, 37.72826299990596], [-122.1704879997688, 37.72788700032067], [-122.17043000004244, 37.727835999850036], [-122.17038800020966, 37.72779899977922], [-122.1703129998666, 37.72773299983739], [-122.17040099973015, 37.727756000211336], [-122.17064900032557, 37.727820999746754], [-122.17061800036343, 37.727697999779785], [-122.17081800038, 37.72779100024154], [-122.17083599992331, 37.72785700013167], [-122.17084900034213, 37.72790399975923], [-122.17129399968272, 37.72800599986115], [-122.17166299975366, 37.72789899996656], [-122.17199800038775, 37.72764699988956], [-122.17253399996494, 37.72701899993636], [-122.17260799958478, 37.72693099978449], [-122.17270200019442, 37.72681400002626], [-122.1727769996392, 37.72680099980492], [-122.17298400022676, 37.72675699996777], [-122.17353200039783, 37.72674500013689], [-122.1738339996233, 37.72673800017539], [-122.17434099978652, 37.726649999689684], [-122.1744660003583, 37.72651000015475], [-122.17455699969656, 37.72641000022344], [-122.17463200003965, 37.72632900005929], [-122.17483000040637, 37.7261270001763], [-122.17501700000412, 37.72593399989301], [-122.17527899994495, 37.72549299975115], [-122.17529999986132, 37.72546200030616], [-122.17534000004433, 37.72538700019725], [-122.17538799972488, 37.725350000323935], [-122.17544399980139, 37.72531200001234], [-122.17563100029743, 37.72527000013142], [-122.17576400036683, 37.7252400003034], [-122.17580200000165, 37.72523100006842], [-122.17596900040624, 37.725238999882606], [-122.17612099984389, 37.725243999854854], [-122.17616799969957, 37.72524699969595], [-122.17660000041799, 37.72527399968125], [-122.17685200031309, 37.72529000001003], [-122.17693599997868, 37.72529599968832], [-122.17708400011666, 37.72530400020602], [-122.1772759997373, 37.72531799968885], [-122.17745999986032, 37.72532900004195], [-122.17753799967812, 37.725334999717084], [-122.1778890002057, 37.72539099974077], [-122.17859600038545, 37.72527000013142], [-122.17883900005968, 37.72522499967427], [-122.17913699998553, 37.72518299974401], [-122.17938700023078, 37.7252500002474], [-122.17941900001783, 37.72537500014434], [-122.17955700011011, 37.72545700034864], [-122.17999200030327, 37.725713000298356], [-122.18022599975669, 37.72573799999624], [-122.18029799972672, 37.72574500005225], [-122.18050699996407, 37.725735000175085], [-122.18111500040965, 37.725474000344974], [-122.18117300013596, 37.72545099997286], [-122.18159099971238, 37.72540600033623], [-122.1819160003007, 37.72537200030843], [-122.1823949999765, 37.72536500021716], [-122.18255300016025, 37.72539400028639], [-122.18266399959005, 37.725426999885826], [-122.1828789996752, 37.725467999970576], [-122.18300300042205, 37.72549999983026], [-122.18331200021854, 37.725566000341054], [-122.18383600010019, 37.725678999701024], [-122.18419099992742, 37.72600499993792], [-122.18429800005755, 37.726064999672595], [-122.18442000025628, 37.726115999941754], [-122.18463699999124, 37.72620999995575], [-122.18514199960633, 37.72658900002638], [-122.18524100023886, 37.726662000246485], [-122.18572599976243, 37.726807000071325], [-122.18645899988142, 37.7275890000831], [-122.18687900000602, 37.7278260002552], [-122.18746200033719, 37.727979000161305], [-122.18759500040656, 37.72804999966671], [-122.1882580002054, 37.72842700022317], [-122.18852400034419, 37.728489000170505], [-122.18904599967769, 37.72860400008432], [-122.1891100001501, 37.7285089998903], [-122.19021900001273, 37.72883400008681], [-122.19029900037869, 37.728857999780224], [-122.19037700019648, 37.72889300000011], [-122.19102199955366, 37.72801899987101], [-122.19112600020902, 37.72806699977836], [-122.19127900036992, 37.72813900029153], [-122.19130299976105, 37.72815000022558], [-122.19189699996288, 37.72732900007418], [-122.19192700010011, 37.7272880003092], [-122.19219999991158, 37.727413999999925], [-122.19282199970252, 37.727699000167355], [-122.19286699990835, 37.727675999775705], [-122.19356999989016, 37.72729199975005], [-122.19489399983794, 37.72657000019084], [-122.1952079996573, 37.72640500032991], [-122.19545500042781, 37.72627099993122], [-122.1961369995949, 37.726007000048256], [-122.19622600018167, 37.726096999984875], [-122.1963419996343, 37.72622800018669], [-122.1966079997731, 37.726533999890826], [-122.196796999919, 37.72674900031753], [-122.1973119995798, 37.72653599998687], [-122.19790699960653, 37.726289000147325], [-122.19805499974454, 37.72622699977924], [-122.19774599994807, 37.7251709996581], [-122.19752199964208, 37.72523399990999], [-122.1973960001437, 37.7252630000305], [-122.19727700031798, 37.72505100011267], [-122.19692999998837, 37.72445199990075], [-122.19674699969026, 37.724133000141876], [-122.19654699967374, 37.72378499974235], [-122.19651800025974, 37.72373499973023], [-122.19627399986224, 37.72331000004128], [-122.195987999632, 37.72312999968032], [-122.19562500030715, 37.72292999979258], [-122.1952079996573, 37.72270200012873], [-122.19455400007931, 37.7223020003441], [-122.19441199978908, 37.72221500002322], [-122.19430200018427, 37.72214900007919], [-122.19428499956747, 37.722163999910165], [-122.19426700002413, 37.72214999983115], [-122.19421000012275, 37.72211499997738], [-122.19419699970393, 37.72209400019932], [-122.19367100017249, 37.721670999848854], [-122.19315399996353, 37.72125699993348], [-122.19299400012996, 37.72111599967608], [-122.19228100010243, 37.72053300026308], [-122.19173399975625, 37.72009400020942], [-122.19071000028242, 37.719281999828844], [-122.1900390000877, 37.7187340002404], [-122.18902700030942, 37.71790799970512], [-122.18900399984487, 37.71788899977452], [-122.18913799973917, 37.71781200019314], [-122.1896449999024, 37.71766399966549], [-122.189731999941, 37.717639000084915], [-122.19195899988715, 37.71699400003102], [-122.19270200005191, 37.71677899971269], [-122.19274999973248, 37.71676699968641], [-122.1929050004415, 37.71672599975977], [-122.19340099983575, 37.71782899981226], [-122.19471399991289, 37.717537999732286], [-122.19455099970628, 37.71694699987588], [-122.19428399974258, 37.715979000104575], [-122.19426500037432, 37.71591199974273], [-122.19441799963688, 37.715830000341654], [-122.1946579998364, 37.715830000341654], [-122.19506799991524, 37.715830000341654], [-122.19702799989767, 37.71582899979378], [-122.19718199988344, 37.7157449999134], [-122.19969300041002, 37.71435300001004], [-122.20137399983489, 37.71342100004252], [-122.20209699990815, 37.71302099988921], [-122.20216600040344, 37.71298299964863], [-122.20372600035282, 37.7125909997323], [-122.20491399985816, 37.7122919998976], [-122.20567499956627, 37.71210100029624], [-122.20743000040761, 37.71166100012989], [-122.20935500022996, 37.711178000240515], [-122.20972599995073, 37.71108700004281], [-122.2091259999011, 37.70989099974889], [-122.20844200018587, 37.708528000301925], [-122.2077600001205, 37.707169999721124], [-122.2070410002452, 37.70573799971281], [-122.20547299989992, 37.70261899988506], [-122.20524699994411, 37.70218699974164], [-122.20332999961937, 37.698385000203444], [-122.20184099981513, 37.6952699999332]]], [[[-122.36818099982813, 37.885064000304475], [-122.36128099970662, 37.886684999748255], [-122.35898099996555, 37.88722500025857], [-122.35689999960928, 37.88766399983857], [-122.35065999981185, 37.88898499979894], [-122.34858100000372, 37.88942499984576], [-122.34600000005527, 37.889996999662095], [-122.33826100040784, 37.89171499997667], [-122.33568100028431, 37.89228800001181], [-122.33339800026167, 37.892794000249246], [-122.33473499972995, 37.88957599997117], [-122.32762999956901, 37.87735600015926], [-122.32589300006765, 37.87436700010448], [-122.32923100042457, 37.87125700033761], [-122.33136799995904, 37.86640800002512], [-122.33263599983033, 37.86266600017256], [-122.33236999969156, 37.85929300020135], [-122.33123400006474, 37.857185000034725], [-122.32616099985627, 37.85454900025222], [-122.32235600041744, 37.853601000165725], [-122.31401000014938, 37.853601000165725], [-122.31080599968676, 37.85402199978526], [-122.30992399960482, 37.84769899986674], [-122.30959200024212, 37.84554299990838], [-122.32009299958796, 37.84327799988506], [-122.32024800029697, 37.83849299967145], [-122.31948599986565, 37.8369319997534], [-122.31899200012123, 37.8359209999099], [-122.31874600007394, 37.83541699992833], [-122.31227299974971, 37.83220100004593], [-122.31747800020264, 37.83230699979654], [-122.34103899999981, 37.82645700003446], [-122.34094500028846, 37.82050200017452], [-122.34093799971745, 37.82008100009292], [-122.34093100004475, 37.81962499988459], [-122.34093000021984, 37.81953000019621], [-122.34668100029575, 37.81102700028631], [-122.34688100031225, 37.811427000220434], [-122.34718099988794, 37.81224699976899], [-122.34854599984361, 37.81596699995773], [-122.34900100012828, 37.81720799988584], [-122.3490239996945, 37.8172699999435], [-122.34904999963378, 37.81733999973995], [-122.34906700025053, 37.817386000117544], [-122.34919399957381, 37.817728000267124], [-122.34938699991767, 37.81824799982395], [-122.3496070000257, 37.81884100007466], [-122.3497550001637, 37.81923999968162], [-122.35037600012973, 37.820910999815], [-122.352634000038, 37.82698799996313], [-122.35450399960875, 37.83202300006856], [-122.3558810001583, 37.83572699983474], [-122.3582600004404, 37.84192600009155], [-122.3653999998631, 37.860525999734705], [-122.36778099979504, 37.866726000251745], [-122.36898000006937, 37.87012500010896], [-122.3692279997665, 37.870825999771384], [-122.37067599956286, 37.87492699999483], [-122.3722289998395, 37.87932599984688], [-122.37258100019203, 37.88032499969737], [-122.37378200011617, 37.88372500002528], [-122.3731209999672, 37.88388400016003], [-122.37114199971816, 37.88436399968816], [-122.3704820002924, 37.88452499993701], [-122.36818099982813, 37.885064000304475]]]]}}, {"type": "Feature", "properties": {"neighborhood": "Chinatown"}, "geometry": {"type": "Polygon", "coordinates": [[[-122.26377600015395, 37.79963000018483], [-122.26383700025333, 37.79953300006886], [-122.26414299967675, 37.79905800032559], [-122.26415299972251, 37.7990439998863], [-122.26416699996619, 37.79902400006543], [-122.26418200003481, 37.79900099983881], [-122.26419999957818, 37.79897499991348], [-122.26424599960892, 37.798900999912135], [-122.26431900030218, 37.798788000208276], [-122.2645400002351, 37.79845000020047], [-122.26461399985494, 37.79833799994915], [-122.2646520003881, 37.798275000176794], [-122.26470300044174, 37.79819399988349], [-122.26497500042828, 37.79776499987265], [-122.26506599976658, 37.79762200026184], [-122.26515000033045, 37.79748399972463], [-122.2654060004235, 37.79707000011553], [-122.26549099991401, 37.79693199996684], [-122.26557499957958, 37.79679499972369], [-122.26583099967263, 37.79638400030919], [-122.26591600006144, 37.796247999930365], [-122.26600300010007, 37.79610500022238], [-122.26626699969071, 37.79567799979454], [-122.26635499955428, 37.79553599987341], [-122.26640800015605, 37.795452000291526], [-122.26652199995884, 37.79527399971255], [-122.26656399979166, 37.79520099973789], [-122.26661499984527, 37.795116999775104], [-122.26685400021987, 37.795214000010915], [-122.26745799956915, 37.79546000032341], [-122.26757200027026, 37.79550300030257], [-122.2678140001196, 37.79559499984378], [-122.26827299970392, 37.795773999826494], [-122.26898099970857, 37.79608000016063], [-122.27013999979992, 37.79652399968609], [-122.27079099990318, 37.796772000222745], [-122.27123399959397, 37.796928000030675], [-122.27135199959474, 37.79696900025316], [-122.27145700007505, 37.79700599981116], [-122.27218699982099, 37.7973220001539], [-122.27237799961675, 37.79740199982857], [-122.27251499988407, 37.797456999820845], [-122.27283000042665, 37.797557000282694], [-122.27360500037847, 37.79780199974175], [-122.27375799964103, 37.79784899966387], [-122.27386399994624, 37.79788700034929], [-122.27401799993203, 37.79794400027604], [-122.27437000028452, 37.798074000205915], [-122.2747989997316, 37.79822699967196], [-122.27485999983098, 37.798248999995934], [-122.27493500017407, 37.79827600032008], [-122.2749600002884, 37.7982850001893], [-122.27506099967243, 37.798320999655346], [-122.27499999957307, 37.798422999939916], [-122.27490500003682, 37.798587000213615], [-122.27489599981598, 37.798602000168536], [-122.2748680002269, 37.798647000015], [-122.27482899986884, 37.79871000017992], [-122.27481700017327, 37.79873000008587], [-122.27475699989881, 37.798832999941425], [-122.27469300032473, 37.798939000056386], [-122.27466499983731, 37.79897800031481], [-122.27436500026168, 37.799397999936986], [-122.27426599962915, 37.79953799999015], [-122.27418500033659, 37.799676999653684], [-122.27394199976405, 37.80009399991413], [-122.2738620002964, 37.800234000067796], [-122.27377799973253, 37.80037199972634], [-122.27352800038557, 37.80078800021279], [-122.27344499964659, 37.8009269996535], [-122.27335900033115, 37.80106000032875], [-122.27310300023814, 37.80146000030812], [-122.27301799984932, 37.80159400012197], [-122.27292099976495, 37.80173300017526], [-122.27263100023502, 37.802151999657], [-122.27253499997558, 37.80229200016862], [-122.27244999958675, 37.80242599989264], [-122.27219400039202, 37.80282999989867], [-122.27210999982815, 37.80296500014593], [-122.2720239996144, 37.80310699998205], [-122.27176900024459, 37.80353400005371], [-122.27168399985577, 37.80367700028551], [-122.27160299966492, 37.80381399983097], [-122.27135999999066, 37.80422699990713], [-122.27131700033296, 37.80430100025079], [-122.27127399977695, 37.80436099966931], [-122.27114099970755, 37.8043090000341], [-122.2710520000191, 37.804277000185785], [-122.27101299966104, 37.80426099990156], [-122.27097199965317, 37.804245000323604], [-122.27022500018874, 37.80397500000302], [-122.26996300024794, 37.80388000004978], [-122.26972999972114, 37.80378900024893], [-122.26903099993729, 37.803517000245996], [-122.2687980003088, 37.803427000071416], [-122.26855999975909, 37.80333300019784], [-122.26784699973157, 37.80305300001655], [-122.2676099999051, 37.80295999974688], [-122.26737899992644, 37.802867000069845], [-122.26682400008265, 37.802644000100116], [-122.2666879996402, 37.80258899971122], [-122.26645800038473, 37.802496999653165], [-122.26612199992576, 37.80302100033388], [-122.26566099979331, 37.80373900034963], [-122.26562999983118, 37.80378800018029], [-122.26511299962225, 37.80459400000105], [-122.26477799988648, 37.80511900004959], [-122.2645329996641, 37.8050350000087], [-122.26448699963335, 37.805019999940676], [-122.26426400005057, 37.80493000017817], [-122.26421899984476, 37.8049119999286], [-122.26381399978878, 37.80475099966992], [-122.2635750003125, 37.80465600000508], [-122.26380399974305, 37.804302000312475], [-122.26449300037943, 37.80324099964701], [-122.2647229996349, 37.80288800035059], [-122.26482899994012, 37.802714000277696], [-122.26514899960725, 37.802193999909285], [-122.26525599973736, 37.80202099971359], [-122.2650189999109, 37.80193099984543], [-122.26430800043153, 37.801661000292675], [-122.26407099970675, 37.80157200008446], [-122.26383700025333, 37.80147799997941], [-122.26313599992136, 37.801195999656244], [-122.26311500000494, 37.80118800024554], [-122.26290300029284, 37.801100999677466], [-122.2629429995775, 37.80103800013217], [-122.2629910001564, 37.80095900024346], [-122.26325200027232, 37.80053300030343], [-122.26334000013586, 37.80039099977742], [-122.26342200015165, 37.80025200003791], [-122.26366900002382, 37.79983800032601], [-122.26375199986451, 37.79969999966981], [-122.26377600015395, 37.79963000018483]]]}}, {"type": "Feature", "properties": {"neighborhood": "Clinton"}, "geometry": {"type": "Polygon", "coordinates": [[[-122.25952399992805, 37.798536000202134], [-122.25955400006528, 37.7983010003485], [-122.25930299999511, 37.798292999914445], [-122.2588379996647, 37.79826600030635], [-122.25853100041634, 37.79825199971696], [-122.2584080003927, 37.79825900001197], [-122.25828899966872, 37.79826699973992], [-122.2581470002768, 37.79828799990888], [-122.2580920000252, 37.798304000067425], [-122.25800499998657, 37.79833000022893], [-122.25788299978785, 37.79838500024006], [-122.25755499972477, 37.79853100021306], [-122.25712999957734, 37.798725000109876], [-122.2571189997067, 37.79871500015693], [-122.25696600044412, 37.79857399982431], [-122.25647400034953, 37.79812200010034], [-122.256310000318, 37.79797200014923], [-122.25614399973836, 37.7978250003417], [-122.25564599979597, 37.79738500002921], [-122.25548099993951, 37.79723899992075], [-122.25531799973292, 37.79708999975565], [-122.25482900001136, 37.796646000082745], [-122.25466599980474, 37.79649899976613], [-122.25450299959813, 37.79635599983414], [-122.25401700024965, 37.79592699979709], [-122.25385499986793, 37.79578500035457], [-122.25367999996575, 37.79591399964947], [-122.25315500025918, 37.796300000271785], [-122.25298100018193, 37.796430000255405], [-122.25279399968586, 37.79656299979988], [-122.25254199979078, 37.796745000058735], [-122.25223100034447, 37.79696099967484], [-122.2520430000235, 37.79709300023353], [-122.25113500000231, 37.79775700009033], [-122.2509390001837, 37.79789000008502], [-122.25035400020272, 37.79829000019508], [-122.25022699998111, 37.798377999957], [-122.25019799966879, 37.79840400009246], [-122.25016199968375, 37.798426999795126], [-122.25033199956309, 37.798577999671345], [-122.25084399974915, 37.799031000287265], [-122.25095400025234, 37.79912800035262], [-122.25101700000153, 37.799180000086416], [-122.25116699978933, 37.79929799983793], [-122.25119500027675, 37.799317000165274], [-122.25147399993601, 37.79950799974762], [-122.2516709995795, 37.799616999979094], [-122.25179600015127, 37.79967899990227], [-122.25193500006847, 37.79973099995801], [-122.25227800020015, 37.79985300002691], [-122.25373600004225, 37.800373999956115], [-122.25394899957925, 37.80044300004173], [-122.25435100016048, 37.80056699986901], [-122.25450500014625, 37.80056099990503], [-122.25455399965176, 37.80046900016012], [-122.25461899994909, 37.800385999913914], [-122.2546969997669, 37.80031400013786], [-122.25478200015573, 37.800244999931735], [-122.25486800036944, 37.800188999768494], [-122.25497700014937, 37.800125000036985], [-122.25507599988356, 37.8000819999089], [-122.25515399970138, 37.8000120000761], [-122.25521800017378, 37.80007599990557], [-122.25544599977943, 37.80004099999462], [-122.25551799974946, 37.80001900020436], [-122.25559300009252, 37.800015999845265], [-122.25587099992688, 37.799988000037025], [-122.25605199967684, 37.799994000047555], [-122.25619599961688, 37.800028999980775], [-122.25633000040949, 37.800050999768054], [-122.25652700005298, 37.80007300025861], [-122.25670199995515, 37.800048000120086], [-122.25688600007817, 37.800009999836576], [-122.25719300022485, 37.79994399970855], [-122.2575210002879, 37.799828999936175], [-122.25780499997002, 37.79970400016569], [-122.2580769999566, 37.79954099965885], [-122.25830499956221, 37.799397999936986], [-122.25847699998968, 37.79925700019826], [-122.25867399963316, 37.79906599996695], [-122.25874899997622, 37.798982000139965], [-122.25881400027357, 37.79888800028793], [-122.25887399964971, 37.798798000151336], [-122.25899599984845, 37.79869099969645], [-122.25910200015365, 37.7986130002755], [-122.25923600004795, 37.798560000003135], [-122.25947100022462, 37.79856600012966], [-122.25951800008028, 37.7985679996985], [-122.25952399992805, 37.798536000202134]]]}}, {"type": "Feature", "properties": {"neighborhood": "Dimond District"}, "geometry": {"type": "Polygon", "coordinates": [[[-122.21026499990099, 37.788040000337524], [-122.21037700005397, 37.78797499973719], [-122.2105460001084, 37.787876000078285], [-122.21105499992137, 37.787579000305655], [-122.2112249998007, 37.78748099969572], [-122.21137499958853, 37.787392000152025], [-122.21182700039849, 37.78712800034053], [-122.21197800001121, 37.787039999957145], [-122.21210699988264, 37.7869640001871], [-122.21249400039525, 37.78673899988652], [-122.2126240000916, 37.78666499969796], [-122.21273500041966, 37.78659600023241], [-122.21307199980527, 37.78639200023202], [-122.21318399995825, 37.786324000106745], [-122.21332299987542, 37.786241999893335], [-122.213743, 37.785999999945176], [-122.21388299974205, 37.78591899968281], [-122.21391100022946, 37.7859009997702], [-122.21399800026809, 37.78585099983227], [-122.21402800040534, 37.78583400021482], [-122.21414100038324, 37.78577099971918], [-122.21425400036114, 37.78570999979658], [-122.2144769999439, 37.78558000011949], [-122.2145890000969, 37.78551599980128], [-122.21462900027987, 37.78548899978348], [-122.21475300012844, 37.78541000030593], [-122.21479400013631, 37.78538399985731], [-122.21488899967255, 37.78532700017973], [-122.21510499958262, 37.78520200001048], [-122.21517599972773, 37.78515699978419], [-122.21527100016229, 37.785099000319846], [-122.21561400029397, 37.7849369998612], [-122.21585100012044, 37.78479699982739], [-122.21626100019924, 37.784557999684196], [-122.21656099977491, 37.78437299964873], [-122.21679699977645, 37.78422999967625], [-122.21695300031038, 37.78413099997007], [-122.21728700022123, 37.7839209996596], [-122.21741600009265, 37.783824000217365], [-122.21756500005556, 37.783713000143216], [-122.21774099978266, 37.78354199995221], [-122.21826999968717, 37.78303099983455], [-122.21833900018247, 37.78296500015779], [-122.21844200011462, 37.78285699984957], [-122.21851699955937, 37.782777000045456], [-122.21867899994109, 37.78260700017418], [-122.21874500006334, 37.782541000118805], [-122.21882299988113, 37.78246400033469], [-122.21887700030781, 37.782410000189245], [-122.21904100033936, 37.782248999876536], [-122.21909999989057, 37.78219999995868], [-122.21911499995917, 37.78222000007397], [-122.2191300000278, 37.782250000236765], [-122.21914699974623, 37.78229199973423], [-122.219192999777, 37.782362999675605], [-122.21923799998282, 37.782406000176906], [-122.21929099968627, 37.782446999938166], [-122.2193219996484, 37.782475999651666], [-122.21939699999149, 37.78252199973693], [-122.21966200030538, 37.78266100017565], [-122.2198279999867, 37.78274799974012], [-122.2201290002856, 37.78288699975381], [-122.220214999601, 37.78291900034819], [-122.22032199973113, 37.78294500024409], [-122.22065599964195, 37.7830620000174], [-122.22078299986356, 37.78310700009932], [-122.2211650003533, 37.78324200018075], [-122.22129300039984, 37.78328700015314], [-122.22137299986744, 37.78331400026536], [-122.2216149997168, 37.783396999812396], [-122.22169599990765, 37.78342500022881], [-122.22190199977196, 37.78348900022789], [-122.22252199991308, 37.78368400020514], [-122.22272899960231, 37.78374900031989], [-122.22263200041625, 37.78398600027588], [-122.22234399963783, 37.784700000114924], [-122.22224900010161, 37.78493800018504], [-122.22221099956846, 37.785035000295004], [-122.22209900031376, 37.78532799978833], [-122.22206199960553, 37.7854259997037], [-122.2220449998871, 37.78546399967937], [-122.22199700020651, 37.78558000011949], [-122.22198200013791, 37.785619000330605], [-122.22192699988634, 37.785757000311676], [-122.22176399967968, 37.78616999982141], [-122.22171000015133, 37.78630899978883], [-122.22166599977041, 37.78641300022677], [-122.22153400042424, 37.78672800014143], [-122.22149099986822, 37.7868330002879], [-122.22147900017266, 37.786864000295864], [-122.22144200036274, 37.78695799982826], [-122.22143099959376, 37.78699000007984], [-122.22138299991319, 37.78711100030688], [-122.22123999979807, 37.787476999957825], [-122.22119299994239, 37.78759899967529], [-122.22118399972156, 37.78762300018954], [-122.2211579997823, 37.78769799970534], [-122.2211500002847, 37.787722999763645], [-122.2210940002082, 37.78785999979107], [-122.2209259999787, 37.788272000048025], [-122.22087099972713, 37.78841000004441], [-122.22085599965851, 37.78844700033919], [-122.2208130000008, 37.78856099980695], [-122.22079899975712, 37.78859900030035], [-122.22074100003077, 37.78873999979333], [-122.22056899960333, 37.78916500003088], [-122.22051199970191, 37.78930700012843], [-122.2204690000442, 37.78941800031956], [-122.22034099999769, 37.78975200015125], [-122.2202990001649, 37.78986399993114], [-122.22023700024063, 37.78999399988105], [-122.22005499976743, 37.79038500002849], [-122.21999500039126, 37.79051600002004], [-122.22008900010262, 37.7905400002968], [-122.22024599956315, 37.79057599998738], [-122.22034900039361, 37.79060099978194], [-122.22127800033121, 37.79082899970436], [-122.22134299973024, 37.790845000058574], [-122.2214540000583, 37.790887999884156], [-122.22157299988402, 37.7909489997919], [-122.2216230001127, 37.790974000170166], [-122.22169400025781, 37.791010999890936], [-122.2217720000756, 37.79105499986097], [-122.22182099958114, 37.79108399974623], [-122.22192600006143, 37.79113999971271], [-122.22214699999435, 37.79125899976682], [-122.2222420004289, 37.791309999832784], [-122.2223479998358, 37.79136699986481], [-122.222410999585, 37.791401000099604], [-122.22260300010393, 37.79150300000025], [-122.22266699967804, 37.79153799969711], [-122.22279399989964, 37.79160599999367], [-122.22317700021429, 37.79181299978055], [-122.2233050002608, 37.7918830002837], [-122.22339999979704, 37.79193399991896], [-122.22368799967711, 37.792087000033206], [-122.2237839999366, 37.79213800023749], [-122.22383800036329, 37.79216799992362], [-122.22400300021972, 37.79226000006835], [-122.22405799957299, 37.79229099992931], [-122.2243320001077, 37.79243999983503], [-122.22515300009024, 37.792886999879016], [-122.22542799955153, 37.79303700021676], [-122.22553999970451, 37.7931000001968], [-122.22587799981335, 37.79329000002551], [-122.22599099979125, 37.79335399999973], [-122.2260939997234, 37.79340600024857], [-122.2261210003859, 37.79341699970953], [-122.22625799975494, 37.793473000037395], [-122.22637800030387, 37.79349800027152], [-122.22647299984008, 37.79351200034212], [-122.22654099961217, 37.79352299978725], [-122.2266849995522, 37.7935450000924], [-122.22664100006959, 37.79365099998654], [-122.22661900032827, 37.793728000182575], [-122.22657400012243, 37.793889000333216], [-122.2264440004261, 37.79428900010141], [-122.22638499997655, 37.79447599983762], [-122.22632300005228, 37.79467099992765], [-122.22613899992926, 37.79525800031741], [-122.22607899965479, 37.79545399994466], [-122.22601699973052, 37.79564999976167], [-122.22583400033072, 37.79623800035196], [-122.22577300023134, 37.79643499967688], [-122.2256579997053, 37.79679499972369], [-122.22543299957442, 37.797510000174746], [-122.22539900013756, 37.797599999751064], [-122.22536200032764, 37.79767599993892], [-122.22531100027399, 37.79776099998159], [-122.22525299964936, 37.79783999974152], [-122.22518099967932, 37.7979230000093], [-122.22498499986077, 37.79811700008319], [-122.22493499963205, 37.798171000108276], [-122.22489299979925, 37.79822699967196], [-122.22484400029379, 37.79830799992903], [-122.2247139996991, 37.798577000241984], [-122.2246969999807, 37.79862200010367], [-122.22464699975197, 37.798759999934546], [-122.22456800010923, 37.79901000032953], [-122.22447799969757, 37.79929699970849], [-122.22435999969677, 37.79963899988908], [-122.22431700003905, 37.79973300020509], [-122.2243050003435, 37.799751999710764], [-122.2242619997875, 37.799825000156886], [-122.22420099968812, 37.79992599966344], [-122.22416999972597, 37.79997700013482], [-122.22391399963293, 37.79992500025231], [-122.22314600025216, 37.799772000044356], [-122.22309600002345, 37.79976200023315], [-122.22289000015911, 37.799722000264914], [-122.22250799966938, 37.79964800030212], [-122.22187099980982, 37.799527000020944], [-122.22136299982171, 37.79943200002499], [-122.22098100023028, 37.799362000286045], [-122.22094900044323, 37.79935600022417], [-122.22085400000867, 37.79933800003578], [-122.22082300004654, 37.79933199997197], [-122.22037199995985, 37.79923600030478], [-122.22032900030213, 37.79922699984159], [-122.21965700028248, 37.79906999978734], [-122.21902799992057, 37.79891300010922], [-122.21858100003179, 37.79880300012239], [-122.21829999982441, 37.79873299978737], [-122.21825899981651, 37.79872199969822], [-122.21729700026697, 37.79847600031058], [-122.2171669996723, 37.798442999923566], [-122.21706200009034, 37.798422999939916], [-122.21697400022676, 37.79840400009246], [-122.21694400008954, 37.79845100034139], [-122.21689399986083, 37.79853299978285], [-122.21687299994443, 37.79857600010278], [-122.21686399972361, 37.79859999989078], [-122.21684700000517, 37.79865400027262], [-122.21683799978433, 37.79866900021394], [-122.21681199984506, 37.79871699972174], [-122.21680400034745, 37.79873299978737], [-122.21678400025598, 37.79876999988146], [-122.21675999996653, 37.79882799997245], [-122.21674099969995, 37.79887600008677], [-122.2166729999279, 37.79901300001966], [-122.21662699989716, 37.799112999794666], [-122.21658400023944, 37.79920900033153], [-122.21650700024654, 37.799423999713426], [-122.21641400036012, 37.79968700018622], [-122.21628999961324, 37.80007499978666], [-122.21622100001628, 37.80029399995102], [-122.2156949995865, 37.80014799991361], [-122.21505500025222, 37.800036000107376], [-122.2141170000938, 37.79980499983764], [-122.21406000019239, 37.79986100029201], [-122.21382500001575, 37.800113000036774], [-122.21380199955121, 37.800138000153254], [-122.21331299982965, 37.80062399985716], [-122.21291799981944, 37.80100600028625], [-122.21261400004583, 37.80130199992916], [-122.21252299980925, 37.80138900026049], [-122.21225300037084, 37.80165100002739], [-122.21216299995912, 37.80173900004404], [-122.21211000025569, 37.801788999877694], [-122.21195200007195, 37.80193899988547], [-122.21190000019341, 37.80198999967674], [-122.21184099974386, 37.80204800007852], [-122.21166300036695, 37.80222299968092], [-122.2116049997423, 37.80228199998878], [-122.21148599991662, 37.802397000200756], [-122.21113199991429, 37.8027439999279], [-122.2110139999135, 37.80286000021155], [-122.21087400017144, 37.80298799984802], [-122.21062800012413, 37.80321599987096], [-122.21045999989465, 37.80337900007543], [-122.21042899993252, 37.803410000239076], [-122.21032799965016, 37.80351500010134], [-122.21018200006031, 37.803647000304494], [-122.21016399961863, 37.803664000082335], [-122.20976399958555, 37.80406600028443], [-122.20962600039162, 37.80420700007008], [-122.20900700007542, 37.804802999703696], [-122.20845200023163, 37.80535699964654], [-122.20831599978918, 37.805489000106306], [-122.20813300038941, 37.80567000033164], [-122.2079149999312, 37.80589100031111], [-122.20778299968671, 37.80602699996976], [-122.20769999984603, 37.8061030000039], [-122.20745399979874, 37.80633199967134], [-122.20737199978298, 37.806409000134515], [-122.20730099963787, 37.80646199974301], [-122.20722899966783, 37.80651800011827], [-122.20708300007799, 37.80661400025724], [-122.20700899955982, 37.80666300030962], [-122.20682000031225, 37.80678400025629], [-122.20676300041083, 37.80682099986607], [-122.20625899972237, 37.80715499980127], [-122.20607299994954, 37.80727899971571], [-122.20535900009709, 37.80776099992369], [-122.20480199970518, 37.808045000042824], [-122.20346000021404, 37.808733000141686], [-122.20314399984652, 37.80899100012296], [-122.20307000022669, 37.80904500000501], [-122.20291600024089, 37.809142999689975], [-122.20273799996563, 37.809231000006015], [-122.20259200037579, 37.809290999677486], [-122.2023889999862, 37.8093999996656], [-122.20223599982533, 37.80949300034214], [-122.20213799991605, 37.809563999696145], [-122.2020929997102, 37.809602000032065], [-122.20197600043264, 37.80972700008396], [-122.201881999823, 37.809837000124915], [-122.20165800041535, 37.81016899993875], [-122.20160399998866, 37.81023400017431], [-122.20153399966847, 37.8102979996625], [-122.2014109996448, 37.81037200031008], [-122.20132899962904, 37.810410000230185], [-122.20124300031364, 37.81043900032412], [-122.20114100020639, 37.810450000087606], [-122.20106300038857, 37.81045999987116], [-122.20088699976317, 37.81045599995788], [-122.20077700015831, 37.810445000195294], [-122.20059600040832, 37.810414000145904], [-122.20043499985155, 37.81039099991774], [-122.19967099977042, 37.810264000318334], [-122.19954699992184, 37.810239000080855], [-122.19942700027124, 37.81021899974286], [-122.19926099969157, 37.810193000217964], [-122.19914699988877, 37.8101789997603], [-122.19900499959853, 37.81018199970653], [-122.19881299997793, 37.81018700032633], [-122.19868900012935, 37.810196000163636], [-122.19857000030368, 37.810204999999854], [-122.19844399990696, 37.810226000323105], [-122.19834900037071, 37.810258999703755], [-122.19832699973111, 37.81026800024201], [-122.19821399975321, 37.81031799997909], [-122.1980780002091, 37.810388999959265], [-122.19806499979028, 37.81039599981366], [-122.19799100017045, 37.81043900032412], [-122.19779100015391, 37.810588999796245], [-122.19770999996304, 37.81051800000839], [-122.19724600035585, 37.81016899993875], [-122.19670400003254, 37.80977500021232], [-122.19614800036388, 37.80935200000319], [-122.19581399955472, 37.809090999873334], [-122.19570599959968, 37.80900000010605], [-122.19538799958237, 37.808733000141686], [-122.1953569996202, 37.80870500008946], [-122.19505000037186, 37.8084309997281], [-122.1948620000509, 37.80825499992326], [-122.19445399962189, 37.80784899975753], [-122.1943690001314, 37.80775699986426], [-122.19405899961167, 37.807422999812914], [-122.19431499970472, 37.80762299987637], [-122.19434900003989, 37.807650000322475], [-122.19461199980566, 37.80790199975199], [-122.19471499973781, 37.807987000092254], [-122.19481099999727, 37.80807999970951], [-122.19496300033323, 37.808193000101824], [-122.195037999778, 37.80823299974074], [-122.19506500044048, 37.80824099980787], [-122.19508100033403, 37.808246999857644], [-122.1951669996494, 37.80822899970688], [-122.19520199980954, 37.808218000322285], [-122.19522699992388, 37.80820100017329], [-122.19524500036555, 37.80817499993784], [-122.19525799988601, 37.80814399964517], [-122.19526200008396, 37.80811300004923], [-122.1952560002362, 37.80805500015207], [-122.1952129996802, 37.807999000232634], [-122.19506200006745, 37.80785099978481], [-122.19501699986158, 37.8078180000377], [-122.19497300037897, 37.80778500027589], [-122.19469100034667, 37.80760700031708], [-122.19461299963055, 37.80754699998704], [-122.19440599994132, 37.8073559999012], [-122.19424199990978, 37.80717600028225], [-122.19421400032068, 37.80714600030307], [-122.19400599990821, 37.806936000107804], [-122.19373599957149, 37.80662799997138], [-122.19369799993666, 37.806586000111295], [-122.1933849999422, 37.80624400015896], [-122.19326799976635, 37.80610400004119], [-122.19283599994621, 37.80555999976132], [-122.19280599980897, 37.80551399982268], [-122.19255599956371, 37.80512300025196], [-122.19271100027275, 37.80520500009386], [-122.19283699977113, 37.80526300010019], [-122.19320300036733, 37.805568000118036], [-122.19331399979711, 37.80563600027612], [-122.19343599999586, 37.8056939999439], [-122.1935459996007, 37.805718000258125], [-122.193687000066, 37.80572399980318], [-122.19383500020402, 37.805724999845594], [-122.19402199980176, 37.805714000088024], [-122.19419699970393, 37.805689999772504], [-122.19430200018427, 37.80566400007244], [-122.19440199974335, 37.80562000028627], [-122.19447399971338, 37.80555700033708], [-122.19449899982773, 37.80550900030595], [-122.1944970001779, 37.80542399995242], [-122.19444399957614, 37.8052459999807], [-122.19431399987981, 37.805024000148414], [-122.19421199977255, 37.804880000341555], [-122.1941530002213, 37.804805999868286], [-122.19402299962667, 37.80471399973281], [-122.19382900035623, 37.804615999848146], [-122.19367399964722, 37.80452699965196], [-122.19357900011097, 37.804430000288896], [-122.19348399967642, 37.80431799987804], [-122.19329799990358, 37.80405200008467], [-122.19323199978132, 37.8039699996723], [-122.19312800002426, 37.803842000318134], [-122.19303599996275, 37.80369999976587], [-122.19297200038864, 37.803545000135976], [-122.19266500024199, 37.80307500032272], [-122.19275999977823, 37.8030489997021], [-122.19288699999984, 37.80304199986106], [-122.19303299958972, 37.803057000330824], [-122.19353800010308, 37.80312700011697], [-122.19361900029395, 37.80313099971746], [-122.19372600042406, 37.8031100002156], [-122.19391399984671, 37.803035000019285], [-122.19408499955095, 37.80295600013713], [-122.19404600009122, 37.80286000021155], [-122.19403400039563, 37.80281899970991], [-122.19387899968663, 37.802564999799735], [-122.19373599957149, 37.80228600034476], [-122.1935239998594, 37.801681000109355], [-122.19343099997296, 37.80146099969846], [-122.19338199956917, 37.80132600025109], [-122.1936440004083, 37.801370999857696], [-122.19370999963222, 37.80138999965181], [-122.1937499998152, 37.801426999834604], [-122.19380500006677, 37.8015140000187], [-122.19383600002891, 37.801553999726266], [-122.19388200005967, 37.801595000220324], [-122.1939609997024, 37.80165200012497], [-122.19406799983251, 37.80170599969517], [-122.19426500037432, 37.80180299979669], [-122.19434499984195, 37.80182499976541], [-122.19441400033725, 37.80183899967752], [-122.19448100028438, 37.801843000057545], [-122.19453999983563, 37.80183800029227], [-122.1946160000036, 37.80181500023208], [-122.19464199994286, 37.80179499974187], [-122.19466299985926, 37.80177000018623], [-122.19474900007297, 37.80153899966099], [-122.19481699984506, 37.80140499974734], [-122.1948700004468, 37.8013139997362], [-122.19491899995228, 37.80125000026964], [-122.19500099996807, 37.80117799991623], [-122.19524100016757, 37.801000999754564], [-122.19533700042705, 37.800881999776394], [-122.1953929996052, 37.8007769997199], [-122.19549700026062, 37.80052600022389], [-122.19557699972825, 37.800301000052514], [-122.19563500035288, 37.800179000013735], [-122.19573900010995, 37.799994000047555], [-122.19580900043013, 37.79988699990548], [-122.1958489997148, 37.79984400034873], [-122.19589200027083, 37.79981199998552], [-122.1960300003631, 37.799741999896845], [-122.19623299985435, 37.79964999984163], [-122.1962980001517, 37.79960499989636], [-122.19634599983227, 37.79955200033581], [-122.19640500028181, 37.79944699980834], [-122.19641600015247, 37.799403999995384], [-122.19641399960433, 37.79935700035282], [-122.1963829996422, 37.79926800020768], [-122.19628499973291, 37.79914400032922], [-122.19625899979364, 37.799105000158384], [-122.19623600022743, 37.799059999881095], [-122.19619500021953, 37.798948999979004], [-122.19619000019667, 37.7989099997052], [-122.19619199984648, 37.79886100018748], [-122.19621000028813, 37.79879300018], [-122.19623100020453, 37.79873500006147], [-122.19626600036464, 37.798675000331556], [-122.19635699970291, 37.79857200025564], [-122.196468000031, 37.798459000048496], [-122.19661100014613, 37.79832000022245], [-122.19668099956804, 37.79824199969999], [-122.19677000015479, 37.798152000196005], [-122.19683100025416, 37.79822299980592], [-122.19688599960743, 37.7983019997816], [-122.19702899972256, 37.798461000330065], [-122.19709400001989, 37.79854500003973], [-122.1973400000672, 37.79893099969137], [-122.19736299963341, 37.79898399969754], [-122.19741100021228, 37.79916799993269], [-122.19747899998438, 37.799339000164665], [-122.1975810000916, 37.79937800021191], [-122.19764399984082, 37.7993969998089], [-122.19773000005453, 37.79941499998292], [-122.1978050003976, 37.79942599996882], [-122.19784399985737, 37.79942900035188], [-122.19805800011761, 37.79944699980834], [-122.1980999999504, 37.7994519997354], [-122.19812500006475, 37.79946100017118], [-122.19818899963883, 37.79949500023018], [-122.19819700003475, 37.79950199969761], [-122.19825200028635, 37.79955000008377], [-122.198299000142, 37.79967199974185], [-122.19833099992906, 37.7998229999123], [-122.19835600004343, 37.799916999994146], [-122.1983970000513, 37.80006399989741], [-122.19845800015067, 37.799995000167556], [-122.19852900029578, 37.79993500004146], [-122.19854500018934, 37.79992300001039], [-122.1990439999566, 37.79956200017544], [-122.19921100036117, 37.79944199988087], [-122.19924399997312, 37.799407999797474], [-122.19928599980591, 37.79934599964683], [-122.19933900040768, 37.79923600030478], [-122.19934299970734, 37.79922500029058], [-122.19950500008903, 37.79885799978135], [-122.19963800015844, 37.798515000103684], [-122.19973199986977, 37.79827699975352], [-122.19978899977116, 37.79812599997185], [-122.19996299984847, 37.79767700009027], [-122.20002099957476, 37.7975269999454], [-122.20006800032876, 37.79741800017902], [-122.20008800042024, 37.797386000184495], [-122.20011199981134, 37.79735099970881], [-122.20039999969144, 37.797035000199976], [-122.20050599999666, 37.79692000015777], [-122.20067699970089, 37.79706899995591], [-122.20119300008493, 37.79751599967672], [-122.20136499961404, 37.79766499969242], [-122.20151199992716, 37.797549999921124], [-122.20195600034116, 37.797205000243004], [-122.20210399958086, 37.79709099991497], [-122.2022259997796, 37.796994000014124], [-122.20259200037579, 37.796707000205494], [-122.20271500039942, 37.796610999966255], [-122.20284500009578, 37.79650699968463], [-122.20323799955786, 37.79619699972377], [-122.2032970000074, 37.79615199980451], [-122.20337099962724, 37.79609600008756], [-122.20317399998375, 37.79593800030239], [-122.20258300015497, 37.795465999991855], [-122.20238700033637, 37.795308999752564], [-122.20215899983242, 37.79512700021511], [-122.20150299970634, 37.79454000020423], [-122.20128500014643, 37.794344999768384], [-122.20115700009993, 37.79421899974819], [-122.20095000041067, 37.79401500020634], [-122.20077499961018, 37.793843000224534], [-122.20073500032552, 37.79380299989077], [-122.20065300030976, 37.79371299994786], [-122.20082499983887, 37.79361499966451], [-122.20134299987275, 37.79332400008527], [-122.20151600012511, 37.793227000207416], [-122.20165500004227, 37.79314300012984], [-122.20207400034194, 37.79289299975636], [-122.20221400008403, 37.79281000022622], [-122.20244099986475, 37.79267300014772], [-122.20291100021805, 37.792368000122984], [-122.20320300029607, 37.79219700008194], [-122.20340499996246, 37.79207699989155], [-122.20345000016827, 37.79205000014129], [-122.20365900040565, 37.791924999985866], [-122.20370000041353, 37.79190100015898], [-122.20419300033304, 37.79159500026314], [-122.2042820000215, 37.791541999925045], [-122.20434899996866, 37.791501999765266], [-122.20449100025887, 37.79141700032995], [-122.20454899998519, 37.79138300010252], [-122.20472399988736, 37.79128500027812], [-122.20478300033692, 37.79125200022833], [-122.20482500016972, 37.791225999705425], [-122.20495300021622, 37.79115199975076], [-122.20499599987393, 37.79112700014264], [-122.20508799993544, 37.791071999697145], [-122.20536800031792, 37.79090700024487], [-122.20546100020434, 37.790852999879455], [-122.20554599969485, 37.790800999963494], [-122.2058019997879, 37.79064900027244], [-122.20588800000161, 37.79059899999746], [-122.20606999957648, 37.79049199973549], [-122.20661699992266, 37.790174999741694], [-122.20680000022075, 37.790068999830055], [-122.20695199965841, 37.78997999985376], [-122.20741000031614, 37.78971600005922], [-122.2075629995787, 37.78962799991812], [-122.20777500018912, 37.78950100011052], [-122.20841200004865, 37.78912300017974], [-122.20862499958568, 37.788998000042], [-122.20886300013535, 37.788857999892244], [-122.20958000036084, 37.78844199966724], [-122.20981899983715, 37.788303000162266], [-122.20993000016522, 37.788237000224015], [-122.21026499990099, 37.788040000337524]]]}}, {"type": "Feature", "properties": {"neighborhood": "Downtown"}, "geometry": {"type": "Polygon", "coordinates": [[[-122.27574299973783, 37.80613100033299], [-122.27503599955807, 37.805858999728784], [-122.27480100027977, 37.80576900027897], [-122.27456100008024, 37.80567399979436], [-122.27384399985475, 37.805388999736664], [-122.27360500037847, 37.805295000231006], [-122.27337500022469, 37.805199999846465], [-122.27268599958829, 37.804916000142136], [-122.27245700015776, 37.80482200003443], [-122.27222000033129, 37.80472899986299], [-122.2715099997785, 37.804453000244536], [-122.27127399977695, 37.80436099966931], [-122.27131700033296, 37.80430100025079], [-122.27135999999066, 37.80422699990713], [-122.27160299966492, 37.80381399983097], [-122.27168399985577, 37.80367700028551], [-122.27176900024459, 37.80353400005371], [-122.2720239996144, 37.80310699998205], [-122.27210999982815, 37.80296500014593], [-122.27219400039202, 37.80282999989867], [-122.27244999958675, 37.80242599989264], [-122.27253499997558, 37.80229200016862], [-122.27263100023502, 37.802151999657], [-122.27292099976495, 37.80173300017526], [-122.27301799984932, 37.80159400012197], [-122.27310300023814, 37.80146000030812], [-122.27335900033115, 37.80106000032875], [-122.27344499964659, 37.8009269996535], [-122.27352800038557, 37.80078800021279], [-122.27377799973253, 37.80037199972634], [-122.2738620002964, 37.800234000067796], [-122.27394199976405, 37.80009399991413], [-122.27418500033659, 37.799676999653684], [-122.27426599962915, 37.79953799999015], [-122.27436500026168, 37.799397999936986], [-122.27466499983731, 37.79897800031481], [-122.27469300032473, 37.798939000056386], [-122.27475699989881, 37.798832999941425], [-122.27481700017327, 37.79873000008587], [-122.27482899986884, 37.79871000017992], [-122.2748680002269, 37.798647000015], [-122.27489599981598, 37.798602000168536], [-122.27490500003682, 37.798587000213615], [-122.27499999957307, 37.798422999939916], [-122.27506099967243, 37.798320999655346], [-122.27527400010777, 37.79840099966776], [-122.27591299961713, 37.79864200003344], [-122.27597799991447, 37.798666999938], [-122.27612699987736, 37.79872299983545], [-122.27614699996886, 37.79873000008587], [-122.27620700024332, 37.79875299968703], [-122.27622800015973, 37.79876100007127], [-122.27652899956028, 37.79887200025587], [-122.27713799983076, 37.799097999943555], [-122.27743199955862, 37.79920800020088], [-122.27773299985748, 37.79932200010119], [-122.27787000012484, 37.79937300027983], [-122.27809400043083, 37.79945699966218], [-122.27826000011217, 37.79952400035168], [-122.27828000020368, 37.79953300006886], [-122.27841499992287, 37.79959199968623], [-122.27845000008298, 37.79960999981279], [-122.27853600029673, 37.79965400034022], [-122.27855600038819, 37.799665000290524], [-122.27859099964996, 37.799684999937845], [-122.27865099992444, 37.79972000001748], [-122.27876300007742, 37.799790000127], [-122.27889000029903, 37.799879000353016], [-122.278999000079, 37.79994700007058], [-122.27916499976033, 37.80006299977833], [-122.27938999989124, 37.80025900014338], [-122.27948600015071, 37.80035100014985], [-122.2795639999685, 37.80044900001525], [-122.27968699999215, 37.80025599979403], [-122.2808679998248, 37.80072499969078], [-122.28173599966306, 37.801049999982105], [-122.2820639997261, 37.80118999974341], [-122.28318000015977, 37.80164700034676], [-122.28332199955167, 37.80169999982372], [-122.28330700038136, 37.801743999815955], [-122.28326200017554, 37.80187500025066], [-122.28324799993183, 37.801920000232535], [-122.2832189996195, 37.802019000238225], [-122.28319600005327, 37.80210300016047], [-122.28304899974019, 37.802654000230945], [-122.2830410002426, 37.80268700015624], [-122.28301899960297, 37.80277699981298], [-122.28301000028044, 37.802840000004316], [-122.28296800044765, 37.80301000017356], [-122.28295699967867, 37.80305899977809], [-122.28279799967004, 37.8035089996671], [-122.28273999994371, 37.80367500014524], [-122.2826069998743, 37.80403599975164], [-122.28255800036882, 37.80417099992384], [-122.28235800035229, 37.804720000069146], [-122.28221199986412, 37.8051210001508], [-122.28210499973397, 37.80541700033647], [-122.28208100034284, 37.80548399987809], [-122.28199400030424, 37.80573799968598], [-122.2819220003342, 37.805953999975365], [-122.28188200015123, 37.80605300025174], [-122.28166100021829, 37.806467999937325], [-122.28161600001245, 37.806553999830136], [-122.28158099985234, 37.80664399974278], [-122.28155300026326, 37.80671399967786], [-122.28129299997227, 37.80737200022462], [-122.28111800007007, 37.807856999866274], [-122.28101400031301, 37.80815599976003], [-122.28096499990922, 37.80830100028377], [-122.28082199979407, 37.80820300019103], [-122.28068899972469, 37.80813800029678], [-122.28035599963874, 37.80797699997379], [-122.28025100005677, 37.80792900009613], [-122.27991100029814, 37.80778400026137], [-122.27981199966563, 37.80774299965446], [-122.27951700011285, 37.80761799979264], [-122.27934899988334, 37.80755100005784], [-122.27884500009318, 37.807349999778985], [-122.27867799968863, 37.807283999822346], [-122.27858099960423, 37.8072270000059], [-122.27855399984006, 37.807216999784515], [-122.27844300041029, 37.807177000305], [-122.2782409998456, 37.807108000122746], [-122.27815399980696, 37.80707700009185], [-122.2780219995625, 37.80702999965393], [-122.27796999968395, 37.80701099989121], [-122.27781499987324, 37.80695399986405], [-122.27776399981961, 37.806936000107804], [-122.2776349999482, 37.80688900028985], [-122.27756800000104, 37.806864999646436], [-122.27737499965721, 37.806795999882404], [-122.27724999998374, 37.806752000060925], [-122.27712199993722, 37.80670700018413], [-122.2770080001344, 37.80663900030252], [-122.27690000017937, 37.80659399964715], [-122.27665300030716, 37.806492000000006], [-122.27620899989316, 37.806313999763496], [-122.27597899973938, 37.80622200008708], [-122.27574299973783, 37.80613100033299]]]}}, {"type": "Feature", "properties": {"neighborhood": "Eastlake"}, "geometry": {"type": "Polygon", "coordinates": [[[-122.2457410003018, 37.79623700018108], [-122.24592600024971, 37.79610599968518], [-122.24610699999967, 37.79598200017767], [-122.24664400030011, 37.79560199968075], [-122.24682400022517, 37.79547599967475], [-122.24689199999723, 37.79542700000874], [-122.24701300037106, 37.795338000097686], [-122.24758300028344, 37.79492399981982], [-122.24777300025424, 37.79478599992152], [-122.24795700037728, 37.79465499969215], [-122.24851200022106, 37.79426199973979], [-122.24869700016896, 37.79413200020037], [-122.2488820001169, 37.79399899982872], [-122.24943899961049, 37.79360000011673], [-122.24962500028167, 37.79346799970565], [-122.24980199983365, 37.793341000109294], [-122.25033699958595, 37.79296000001041], [-122.25051499986118, 37.79283399975785], [-122.25068399991558, 37.792978000333186], [-122.25070400000709, 37.79299499972698], [-122.25105200016161, 37.7933019997143], [-122.25118699988083, 37.79341699970953], [-122.25135599993524, 37.79356300027267], [-122.25151999996675, 37.793710000042516], [-122.25171699961027, 37.79388699992785], [-122.2520150004344, 37.79415400032413], [-122.25218000029082, 37.794303000022126], [-122.25234299959915, 37.794448000059056], [-122.25283300004392, 37.794885999739826], [-122.25299700007544, 37.79503299971676], [-122.25316799977969, 37.79518299995671], [-122.2536840001637, 37.79563300026895], [-122.25380999966208, 37.795744000184825], [-122.25385499986793, 37.79578500035457], [-122.25367999996575, 37.79591399964947], [-122.25315500025918, 37.796300000271785], [-122.25298100018193, 37.796430000255405], [-122.25279399968586, 37.79656299979988], [-122.25254199979078, 37.796745000058735], [-122.25223100034447, 37.79696099967484], [-122.2520430000235, 37.79709300023353], [-122.25113500000231, 37.79775700009033], [-122.2509390001837, 37.79789000008502], [-122.25035400020272, 37.79829000019508], [-122.25022699998111, 37.798377999957], [-122.25019799966879, 37.79840400009246], [-122.25016199968375, 37.798426999795126], [-122.25033199956309, 37.798577999671345], [-122.25084399974915, 37.799031000287265], [-122.25095400025234, 37.79912800035262], [-122.25101700000153, 37.799180000086416], [-122.25116699978933, 37.79929799983793], [-122.25119500027675, 37.799317000165274], [-122.25147399993601, 37.79950799974762], [-122.2516709995795, 37.799616999979094], [-122.25179600015127, 37.79967899990227], [-122.25193500006847, 37.79973099995801], [-122.25227800020015, 37.79985300002691], [-122.25373600004225, 37.800373999956115], [-122.25394899957925, 37.80044300004173], [-122.25435100016048, 37.80056699986901], [-122.25450500014625, 37.80056099990503], [-122.25445699956735, 37.8006869997555], [-122.25441899993254, 37.8009120001707], [-122.25442800015338, 37.80102699967658], [-122.25444499987181, 37.8011559997548], [-122.25446699961313, 37.80144600032411], [-122.25447500000902, 37.80161299985871], [-122.25446800033633, 37.80183800029227], [-122.25444599969673, 37.80194900011175], [-122.2544220003056, 37.80202099971359], [-122.25437700009975, 37.802114999837386], [-122.2542880004113, 37.80225400032978], [-122.25420700022042, 37.80236400014589], [-122.25407300032612, 37.80252100029659], [-122.25380899983718, 37.802845999783116], [-122.2537469999129, 37.80293100026461], [-122.25366499989711, 37.803105999904176], [-122.25344700033723, 37.8036079996722], [-122.2533820000399, 37.80371999974022], [-122.2533240003136, 37.80379399988209], [-122.25326599968896, 37.80385000015123], [-122.2531770000005, 37.80391899982871], [-122.25303399988539, 37.8039990001661], [-122.25287700042485, 37.804058999829984], [-122.25276100007389, 37.804089999708204], [-122.25265399994376, 37.80410700009381], [-122.2522410003902, 37.80415899987125], [-122.25174099989968, 37.80423400034565], [-122.25147099956295, 37.80428399990984], [-122.25140100014109, 37.8043069999109], [-122.2513109997294, 37.8043470002352], [-122.25112599978146, 37.804438000058234], [-122.25104600031385, 37.804498000075256], [-122.25097299962059, 37.804559000101676], [-122.25091700044241, 37.804613999733306], [-122.25085100032018, 37.80469299997125], [-122.25079400041875, 37.80479600002883], [-122.25067600041798, 37.80505799977593], [-122.25059699987695, 37.805237000249804], [-122.25050300016562, 37.80520700019275], [-122.25040199988328, 37.80517199987416], [-122.25005999957651, 37.80505599967301], [-122.2498189995521, 37.80497499971825], [-122.24962500028167, 37.80490999982172], [-122.24956099980922, 37.80489999999636], [-122.24952800019729, 37.80489599978195], [-122.24937800040944, 37.804843999813656], [-122.24931800013499, 37.80482300008907], [-122.24936499999065, 37.80475800005876], [-122.24938500008213, 37.80469500008401], [-122.2493349998534, 37.804453000244536], [-122.2492190004008, 37.803842000318134], [-122.24903399955454, 37.80308400031702], [-122.24901299963814, 37.803013999780326], [-122.24889200016264, 37.80249899982539], [-122.24885799982745, 37.802311999814435], [-122.24865299978804, 37.80147499967957], [-122.24859900025967, 37.801266999889386], [-122.24856400009959, 37.80113400029662], [-122.24855700042687, 37.8011029998875], [-122.24844699992371, 37.80060800020113], [-122.24841099993871, 37.80044300004173], [-122.24828100024236, 37.80048599995961], [-122.24819400020374, 37.800515999804944], [-122.24803699984489, 37.800581000019626], [-122.24790799997346, 37.80065200013407], [-122.24778900014776, 37.80071899973963], [-122.2476500002306, 37.800815000318636], [-122.24736900002318, 37.80101100010784], [-122.24725100002244, 37.80108500012476], [-122.24722699973299, 37.80109699996705], [-122.24707799977006, 37.80117599970822], [-122.24677399999646, 37.80130300003146], [-122.24670399967624, 37.801332000152875], [-122.2465389998198, 37.8013870000582], [-122.24615499968026, 37.801512999919254], [-122.24601099974022, 37.801547999842505], [-122.24586299960221, 37.801589999728506], [-122.24559800018663, 37.80164700034676], [-122.24538999977418, 37.801675000235925], [-122.24398200016081, 37.801854999776694], [-122.24374100013637, 37.80189800029217], [-122.24359600037141, 37.80193500022044], [-122.24342099957093, 37.801980000165806], [-122.2432499998667, 37.80204000005029], [-122.24291199975788, 37.802175000322], [-122.24256199995352, 37.80227199980757], [-122.24247099971693, 37.80229200016862], [-122.24235199989124, 37.80231999981321], [-122.24208300027772, 37.80235700023993], [-122.24200000043703, 37.80236500023382], [-122.24175299966652, 37.802390000297855], [-122.24167099965076, 37.80239899966589], [-122.2412930002573, 37.80243100032785], [-122.24060000032127, 37.802490999846015], [-122.2401879996943, 37.802548999854366], [-122.24016299957995, 37.80255300019596], [-122.23979100003429, 37.80262100029091], [-122.2396320000256, 37.80265200006292], [-122.23959900041365, 37.80265899994093], [-122.23902500030329, 37.802774000275704], [-122.23883399960927, 37.80281299992887], [-122.2385740002166, 37.802859000130326], [-122.23850999974417, 37.80287500000849], [-122.23839000009356, 37.80290699975448], [-122.23808200012198, 37.80300699993596], [-122.23789399980102, 37.803046000175875], [-122.2377440000132, 37.803069999931104], [-122.23754900001953, 37.80308799991983], [-122.23722199978137, 37.80312099965121], [-122.23686500030432, 37.8031619999852], [-122.23667100013553, 37.80318500033567], [-122.2357940000765, 37.80327999976336], [-122.23543800042434, 37.803319999934104], [-122.23529399958596, 37.8033359997124], [-122.23528000024059, 37.80333699978717], [-122.23501800029979, 37.80335900000874], [-122.23486599996383, 37.80337599985282], [-122.2348090000624, 37.80338900010674], [-122.23474499958998, 37.80340399979625], [-122.23465799955136, 37.80343499994941], [-122.23458099955843, 37.803468000235526], [-122.23448900039527, 37.80352600018644], [-122.23447099995359, 37.80353800034193], [-122.23403099973756, 37.80387799991497], [-122.23401599966893, 37.803891000080476], [-122.23387699975176, 37.80399299977119], [-122.23379700028411, 37.80405799976501], [-122.23378100039062, 37.80406999983406], [-122.23356600030544, 37.804241000073716], [-122.2334929996122, 37.80429800006562], [-122.23339700025106, 37.804374999810506], [-122.23328900029603, 37.80430799997251], [-122.2329360001186, 37.804040000012684], [-122.23278499960755, 37.80392600029642], [-122.23178299987502, 37.803130000349704], [-122.23160200012506, 37.8029750002333], [-122.23117000030493, 37.80260499964792], [-122.23123300005412, 37.8025559997422], [-122.23125700034356, 37.80253600016239], [-122.23133099996339, 37.80247800014383], [-122.23152000010927, 37.802331000076286], [-122.23160899979774, 37.802263999803614], [-122.2323519999625, 37.80168300030368], [-122.23308199970846, 37.8011089998074], [-122.23336100026603, 37.80088999993004], [-122.23379100043636, 37.80053900026964], [-122.23467900036607, 37.799826999691646], [-122.23466900032031, 37.799863999947576], [-122.23482400013103, 37.79974300002028], [-122.2348860000553, 37.79969599988359], [-122.23522900018698, 37.799418999784415], [-122.23528100006551, 37.799358999900264], [-122.23539400004341, 37.79920800020088], [-122.23542699965536, 37.799165000248856], [-122.23552600028788, 37.799036999665695], [-122.23555999972477, 37.79899499974763], [-122.23602400023027, 37.798407999948694], [-122.23664000017341, 37.79761700021085], [-122.23673200023491, 37.797500000057326], [-122.23701099989417, 37.79715199967027], [-122.23702500013788, 37.79713499981333], [-122.23712100039735, 37.79705200007987], [-122.23729100027666, 37.796933000128305], [-122.23780199973952, 37.796578000165795], [-122.23797300034205, 37.79646000032835], [-122.23815699956675, 37.79632699988864], [-122.23871300013376, 37.795930999787394], [-122.23889800008168, 37.795798999991796], [-122.23908399985453, 37.79566599978173], [-122.23964600026933, 37.795268000028514], [-122.23983299986708, 37.79513599975816], [-122.24001699999008, 37.79500399996177], [-122.24056900035912, 37.79461199992924], [-122.24075400030706, 37.7944820002958], [-122.24094099990482, 37.794350000040836], [-122.24150599979434, 37.79395599968405], [-122.2416940001153, 37.7938250001125], [-122.24185800014683, 37.79397200007099], [-122.24235000024143, 37.79441500000223], [-122.24251400027296, 37.79456299969018], [-122.24267999995429, 37.79470799992671], [-122.24317899972156, 37.79514300034843], [-122.24334600012615, 37.79528900034015], [-122.24351299963243, 37.795436000225116], [-122.24401399994784, 37.79587899989609], [-122.24418100035243, 37.79602700020049], [-122.24434500038396, 37.796174000036594], [-122.24483699958023, 37.796617000251075], [-122.24500200033499, 37.79676499978678], [-122.24518599955968, 37.79663300006171], [-122.2457410003018, 37.79623700018108]]]}}, {"type": "Feature", "properties": {"neighborhood": "Eastmont"}, "geometry": {"type": "MultiPolygon", "coordinates": [[[[-122.15605400003926, 37.772177999872454], [-122.1559589996047, 37.772230999895974], [-122.1558930003808, 37.77226099985225], [-122.155875999764, 37.77226900026457], [-122.15582399988548, 37.772353999710354], [-122.15563700028775, 37.77242100012354], [-122.15553400035559, 37.772454000060975], [-122.15540499958584, 37.77248699998374], [-122.15527099969155, 37.77250999994264], [-122.15515799971362, 37.77252500022076], [-122.15505599960638, 37.77253100033114], [-122.15485899996288, 37.772544000331926], [-122.15471199964979, 37.77254200005884], [-122.15465399992348, 37.77254200005884], [-122.15449400008991, 37.77252999983939], [-122.15427800017984, 37.772496999935875], [-122.1541359998896, 37.77246199974238], [-122.15395699978947, 37.77239999970385], [-122.15381600022246, 37.772330999702874], [-122.15371300029032, 37.77227399990056], [-122.15359100009158, 37.772177999872454], [-122.15349400000721, 37.77209400001193], [-122.15342299986207, 37.772012000343445], [-122.15263600021473, 37.771092000150084], [-122.15251800021395, 37.77097700020863], [-122.15236199968002, 37.77085100011069], [-122.15215599981569, 37.77071500031636], [-122.15187100030865, 37.77058700015609], [-122.1516489996525, 37.77050799966362], [-122.1514589996817, 37.77046500005228], [-122.1513530002748, 37.7704409996473], [-122.15121000015968, 37.7704200000854], [-122.15094400002089, 37.770404000279925], [-122.15060900028513, 37.77042199970578], [-122.15053499976696, 37.77043100012715], [-122.15034700034433, 37.770456000345106], [-122.15031600038219, 37.77046000029397], [-122.15024299968891, 37.770472000139335], [-122.15015499982536, 37.77048600031145], [-122.1499940001669, 37.77051700007457], [-122.14975099959433, 37.77056699973378], [-122.14971600033253, 37.77057399981118], [-122.14957300021742, 37.77060799967056], [-122.1494030003381, 37.770651999715916], [-122.14917200035941, 37.770724999798034], [-122.14888600012917, 37.77082200009721], [-122.14871000040208, 37.77089000028232], [-122.14857499978453, 37.770948000244566], [-122.14831600021675, 37.771067999948606], [-122.14820900008664, 37.77112400016989], [-122.14805599992576, 37.771206000113054], [-122.14774499958114, 37.77139300003302], [-122.14740800019555, 37.77162399965716], [-122.14641499978553, 37.77230900018304], [-122.14639899989203, 37.772319999943775], [-122.14606499998119, 37.77255500005775], [-122.14590699979745, 37.77265500013653], [-122.14589299955374, 37.772664000286085], [-122.14571299962867, 37.77278799986843], [-122.1456869996894, 37.772806000134125], [-122.1455739997115, 37.77287799973282], [-122.14539999963425, 37.772968999973486], [-122.14537399969495, 37.77298000034611], [-122.14525800024232, 37.77303100024497], [-122.1451850004474, 37.77305400003465], [-122.14507199957117, 37.77308999972207], [-122.14490699971473, 37.77312999990641], [-122.1447140002692, 37.77316099998116], [-122.14468400013196, 37.773166000266855], [-122.14459399972027, 37.773175000354215], [-122.14444999978024, 37.773185000213296], [-122.14420600028106, 37.773182999957555], [-122.14398299980002, 37.77316099998116], [-122.1438689999972, 37.773145000058705], [-122.14366800015573, 37.77309800004469], [-122.14348900005561, 37.77304299967304], [-122.14333500006978, 37.77298799997056], [-122.1430320001211, 37.772864000013605], [-122.1426510003546, 37.77271000008672], [-122.14252199958486, 37.77265999974637], [-122.14224899977336, 37.772539999785714], [-122.14213499997054, 37.77248300014447], [-122.14185399976314, 37.77232600007079], [-122.14174800035627, 37.772260000066936], [-122.14157099990594, 37.77213400002507], [-122.14146100030109, 37.772046000251706], [-122.14133699955421, 37.7719390001118], [-122.14114599975852, 37.77175500023913], [-122.14098400027511, 37.77156900031932], [-122.14088899984058, 37.77145299990331], [-122.14059500011267, 37.77107899989396], [-122.1403780003777, 37.7708500003063], [-122.14022900041479, 37.770712000187544], [-122.14001500015453, 37.77052499996549], [-122.13987399968924, 37.770417999754855], [-122.1396589996041, 37.770267999663396], [-122.13948000040224, 37.77015900016354], [-122.1392159999133, 37.77001300022984], [-122.13913499972244, 37.769968999804185], [-122.13866299971934, 37.76974000032941], [-122.13841400019729, 37.7696439998518], [-122.1382660000593, 37.769604999733104], [-122.13810700005067, 37.769570000301016], [-122.13792600030068, 37.769540999785086], [-122.13780300027703, 37.76953100014329], [-122.13769799979674, 37.7695289997887], [-122.13758099962087, 37.76952700014417], [-122.13746500016822, 37.769530000321055], [-122.13732799990088, 37.76954799995966], [-122.13714600032601, 37.76958700010837], [-122.13702900015014, 37.76961999989045], [-122.13679399997349, 37.769705000251115], [-122.13657600041361, 37.76978500000001], [-122.13653200003269, 37.76980099993943], [-122.1363999997882, 37.769848999736844], [-122.13635600030558, 37.76986499966242], [-122.13623499993174, 37.76991399994546], [-122.13609400036475, 37.7699600000367], [-122.13607500009817, 37.769967000171555], [-122.13572799976855, 37.770097000324185], [-122.13558300000359, 37.77015900016354], [-122.1353229997126, 37.77027899972781], [-122.13507099981753, 37.77039700018644], [-122.13490500013617, 37.770487999930104], [-122.13440700019379, 37.7707619997149], [-122.13423800013938, 37.77084599966843], [-122.1340489999935, 37.770910999710736], [-122.13393500019068, 37.770952000166815], [-122.13383499973325, 37.77097400009045], [-122.1337250001284, 37.770991000285186], [-122.13359500043207, 37.77100600016132], [-122.13346300018759, 37.77100799976586], [-122.13337399960082, 37.771010999882705], [-122.13326399999595, 37.77101000008043], [-122.1330279999944, 37.770999000124824], [-122.13293500010798, 37.770992999890126], [-122.1319500000939, 37.770931999843235], [-122.13191099973582, 37.77093000023665], [-122.1317190001152, 37.77091300002794], [-122.13162299985575, 37.770899999740344], [-122.13153199961913, 37.77088700016061], [-122.13136500011288, 37.77084700018297], [-122.1311969998834, 37.77079499968266], [-122.13104899974539, 37.77073499998853], [-122.13089099956164, 37.770654000040125], [-122.13079199982745, 37.77059699965508], [-122.13069499974304, 37.77052700029314], [-122.13055800037404, 37.770417999754855], [-122.13044700004595, 37.77030399999716], [-122.13020900039456, 37.77004100003522], [-122.13017099986143, 37.77000100031004], [-122.13006200008147, 37.76988699990945], [-122.12986000041512, 37.76969199975113], [-122.12977800039934, 37.76963699968637], [-122.12964799980467, 37.76957599994106], [-122.12953300017696, 37.769534000320014], [-122.12940699978027, 37.76950099978949], [-122.12928399975662, 37.76947999996065], [-122.1291339999688, 37.76947000031055], [-122.1289590000666, 37.769468999777374], [-122.12893499977716, 37.76947100013359], [-122.12886899965494, 37.76947699978173], [-122.12881099992859, 37.76949199996499], [-122.12877699959343, 37.76951000032297], [-122.12875499985212, 37.76953500014219], [-122.12873399993572, 37.76957299976605], [-122.12871899986709, 37.76958300011228], [-122.12868299988209, 37.76960799990683], [-122.1286350002015, 37.7695289997887], [-122.1284949995611, 37.76929800001065], [-122.12819900018341, 37.76882400030927], [-122.1276269997229, 37.76789500019854], [-122.1275980003089, 37.76786300020159], [-122.1275630001488, 37.76782100031774], [-122.12750299987431, 37.767726000035935], [-122.1272900003373, 37.76737600033664], [-122.1272619998499, 37.76733999999768], [-122.12721300034443, 37.76728100019326], [-122.12719699955255, 37.76725200019997], [-122.12658499980738, 37.76615300015243], [-122.12585000003855, 37.76483100034959], [-122.12565900024283, 37.764489000275816], [-122.12524999998891, 37.76375299987392], [-122.1251930000875, 37.76342300006548], [-122.12510299967582, 37.762904999979106], [-122.12509000015535, 37.76284199982676], [-122.12507900028469, 37.76280099984532], [-122.12505900019322, 37.76274000014262], [-122.12504400012457, 37.76269900010464], [-122.12502700040616, 37.76265899995906], [-122.1250080001396, 37.762619999707525], [-122.12498700022319, 37.7625810001456], [-122.12496499958357, 37.762542999769636], [-122.12494100019242, 37.76250500008433], [-122.12491500025318, 37.76246800029724], [-122.12488799959067, 37.76243199969971], [-122.12485900017667, 37.762395999794784], [-122.12482900003944, 37.76236199971067], [-122.1247970002524, 37.762328000321155], [-122.12465499996216, 37.762192999687365], [-122.12456200007576, 37.76210600007954], [-122.12452500026583, 37.76207099993905], [-122.12449599995351, 37.76204100010983], [-122.12447000001426, 37.762010000344496], [-122.12444499989988, 37.7619779999317], [-122.12442999983128, 37.76195700009711], [-122.12440300006709, 37.76191199992427], [-122.12438499962543, 37.76187699969198], [-122.12436999955682, 37.7618420001533], [-122.12435600021142, 37.761805999961226], [-122.12426400014992, 37.76147899978146], [-122.12423400001268, 37.7613839998752], [-122.1242130000963, 37.76132900002325], [-122.12418899980686, 37.76127400013042], [-122.12414899962388, 37.761193999696715], [-122.12412000020989, 37.76114100028502], [-122.12408800042283, 37.761089000061475], [-122.12405400008764, 37.76103799973848], [-122.12401800010264, 37.760988000028235], [-122.12397899974455, 37.76093900022259], [-122.12393899956157, 37.76089100032353], [-122.1238959999039, 37.76084500027266], [-122.12382800013184, 37.76077700008335], [-122.12345300021309, 37.760476000311684], [-122.12340299998438, 37.76043499972895], [-122.12336100015159, 37.76039499977943], [-122.12332099996861, 37.76035299991565], [-122.1232830003338, 37.76031000008114], [-122.12324899999861, 37.76026500032666], [-122.12320799999074, 37.76020399995295], [-122.12317200000571, 37.76013999968143], [-122.12314199986847, 37.760074000164565], [-122.12311799957902, 37.760006999927626], [-122.12310400023365, 37.759956000279026], [-122.12309300036299, 37.75990399993263], [-122.1230439999592, 37.759622000039904], [-122.12301700019499, 37.759502000227954], [-122.12298500040795, 37.75940300007671], [-122.12295600009564, 37.7593300001816], [-122.12293400035435, 37.75928299990944], [-122.12290900023997, 37.759236000317635], [-122.12288300030069, 37.759188999985746], [-122.122869000057, 37.759166000144894], [-122.12282399985115, 37.759098999795754], [-122.1227920000641, 37.75905499997866], [-122.12273900036068, 37.758991000133406], [-122.12141100021489, 37.757447000136224], [-122.12128700036634, 37.7573009999647], [-122.12111199956584, 37.757095000108144], [-122.12076299958638, 37.7566820000988], [-122.12039100004068, 37.75624299987048], [-122.11999799968032, 37.75577999968696], [-122.1198420000447, 37.75559700010402], [-122.11950800013386, 37.75518100020629], [-122.11928300000295, 37.754877000331575], [-122.11916800037523, 37.754712000343865], [-122.11898699972696, 37.754454999780734], [-122.11891200028218, 37.75434799975839], [-122.11886500042652, 37.75428100001746], [-122.118841999962, 37.75423500011778], [-122.11883000026644, 37.75420399992218], [-122.11881799967254, 37.75415299982418], [-122.11855300025701, 37.75379600028476], [-122.11841699981457, 37.75361800024289], [-122.11837800035484, 37.75356499966487], [-122.11835999991317, 37.7535499998026], [-122.11833399997388, 37.753521000107646], [-122.11832700030119, 37.75351199975915], [-122.11834200036981, 37.753505000197585], [-122.11824199991237, 37.753360000100336], [-122.11752399986197, 37.75232400025824], [-122.11714499974529, 37.7517770002012], [-122.11618300019575, 37.750372000284415], [-122.11612600029433, 37.750263999957106], [-122.11608600011135, 37.75018100015088], [-122.11605099995127, 37.75009600008169], [-122.1160040000956, 37.74996799975153], [-122.11597800015632, 37.74988099997225], [-122.11596599956245, 37.749836999644934], [-122.11594600036929, 37.74974999971163], [-122.11591799988189, 37.74953999976974], [-122.11581300029988, 37.74872600028873], [-122.11597599960818, 37.74864499967689], [-122.12081600018814, 37.74640399991792], [-122.12082600023388, 37.74642700017456], [-122.1209760000217, 37.74671200032142], [-122.12107200028119, 37.74688399986904], [-122.12153900026141, 37.74772399992813], [-122.12160600020857, 37.74781599998105], [-122.12178199993568, 37.74805400015862], [-122.12200899971639, 37.74837199975044], [-122.12229699959649, 37.74875200013306], [-122.12242399981807, 37.74886599972532], [-122.12258200000183, 37.74894999968632], [-122.12280600030782, 37.74909900029583], [-122.12293799965398, 37.749201000320774], [-122.12304999980697, 37.74933200013272], [-122.12313000017292, 37.74947099975007], [-122.12319499957192, 37.74962900013242], [-122.12322399988423, 37.74975500015963], [-122.12327900013582, 37.7498910001399], [-122.12347599977933, 37.75020299986041], [-122.12354699992441, 37.75031199964849], [-122.1237979999946, 37.75069699968707], [-122.12414100012627, 37.751209000317544], [-122.12400999970671, 37.75130700000096], [-122.12413899957815, 37.75136599976226], [-122.12416399969248, 37.75137799986449], [-122.12442999983128, 37.75151000014994], [-122.1246070002816, 37.75161299975714], [-122.12461700032733, 37.75161900014361], [-122.12476000044248, 37.751712999742004], [-122.12507400026182, 37.751925000030056], [-122.12509799965295, 37.75194399975147], [-122.12585000003855, 37.75254600002504], [-122.12606000010081, 37.752708999772054], [-122.12608400039029, 37.75272800000243], [-122.12629399955425, 37.75292300014098], [-122.12635399982871, 37.75299399987442], [-122.126523999708, 37.75326000021063], [-122.12703599989409, 37.75405899977433], [-122.12711700008494, 37.75418500007085], [-122.12722900023792, 37.75430900009679], [-122.12725799965193, 37.75434000024834], [-122.12734800006365, 37.75443299991492], [-122.12737800020085, 37.75446400001452], [-122.12776300016533, 37.754843000342724], [-122.12794100044056, 37.75503999991509], [-122.1280219997331, 37.75511499981632], [-122.12807600015975, 37.755153999763316], [-122.12813999973386, 37.75518600028727], [-122.1284240003143, 37.75530099992513], [-122.12854399996492, 37.75537200021759], [-122.12856200040657, 37.75538299965658], [-122.12866799981347, 37.75545299985776], [-122.12885199993649, 37.75559900012518], [-122.1291139998773, 37.75581699997843], [-122.12929200015255, 37.755954000186286], [-122.12933800018328, 37.755977000315525], [-122.12951999975817, 37.75604599995021], [-122.12975699958463, 37.7561080002052], [-122.13078400032984, 37.75632999998196], [-122.13181799984942, 37.75653599983795], [-122.13272300039587, 37.75658299972474], [-122.13277600009933, 37.75658399972201], [-122.13305499975858, 37.75658999970534], [-122.13315299966786, 37.756611000353345], [-122.13327700041474, 37.75666100018119], [-122.13417799986493, 37.75706699966279], [-122.13433500022376, 37.75713799968085], [-122.13461499970794, 37.75724799989433], [-122.13479700018114, 37.7573149997893], [-122.13486699960303, 37.75733800020565], [-122.135090999909, 37.757410999935814], [-122.13545999997994, 37.7575069999578], [-122.1356320004074, 37.75754400009571], [-122.13593299980798, 37.757587000117674], [-122.1361479998931, 37.75760599980558], [-122.13672299982838, 37.75762900013146], [-122.13706000011227, 37.757634000046934], [-122.13745299957435, 37.75764099992809], [-122.13755300003179, 37.757649999774294], [-122.13765599996395, 37.75767600003404], [-122.1377880002084, 37.75773099976129], [-122.13800199957036, 37.75784699968466], [-122.13815499973123, 37.75791799966435], [-122.13823400027225, 37.75794799974533], [-122.13832399978563, 37.75796500009354], [-122.138384999885, 37.757969999986365], [-122.13845699985501, 37.757961000179094], [-122.13852200015235, 37.75794099989323], [-122.13859300029746, 37.75791299976802], [-122.13889600024615, 37.75776799978719], [-122.13899300033052, 37.757727999815934], [-122.13924900042356, 37.75765399970557], [-122.13935900002842, 37.75760499982208], [-122.13971800005362, 37.75735100003643], [-122.13979000002365, 37.757307999877305], [-122.1398920001309, 37.75725999975281], [-122.13998400019241, 37.75722600014881], [-122.14009399979726, 37.75721600026232], [-122.14019599990452, 37.7572150002736], [-122.14030100038482, 37.75722400017163], [-122.1403990002941, 37.757241999964414], [-122.14046799989107, 37.75726399970517], [-122.14050899989894, 37.757280000222785], [-122.14059199973964, 37.757313999801916], [-122.14066200005982, 37.75735499998387], [-122.14085500040368, 37.75745999994779], [-122.14094400009216, 37.75749500013943], [-122.14105299987209, 37.757510999896795], [-122.14120799968279, 37.75752499968171], [-122.14126299993437, 37.75753100029891], [-122.14161299973877, 37.757517999789584], [-122.1416739998381, 37.75750599997301], [-122.14182799982389, 37.75747699969798], [-122.14208999976472, 37.757416999852076], [-122.14279899959428, 37.7572579997765], [-122.1428770003104, 37.75724099997604], [-122.14314099990104, 37.75718599988449], [-122.14318100008401, 37.75717699998184], [-122.14334699976536, 37.75714099965008], [-122.1434539998955, 37.75710799998162], [-122.14361399972904, 37.757047999836445], [-122.1437280004302, 37.75699700027844], [-122.14387700039312, 37.75691600019801], [-122.14398799982288, 37.756856999890736], [-122.14428999994666, 37.75668300009473], [-122.14447400006968, 37.75655799978866], [-122.14466400004048, 37.75639299999877], [-122.14474699988115, 37.75635999999666], [-122.1451369998685, 37.75624799987968], [-122.14525999989213, 37.75618999975245], [-122.14535600015161, 37.75612500026605], [-122.14540300000728, 37.75608700012465], [-122.14547099977933, 37.7560019997377], [-122.14552000018313, 37.75590099986122], [-122.14558799995521, 37.75578699974353], [-122.1456509997044, 37.755701999722135], [-122.14571799965154, 37.75563699980699], [-122.14576299985738, 37.755604000177854], [-122.14588099985815, 37.75552299999276], [-122.14605599976032, 37.755414000068384], [-122.14644699957262, 37.755214000024104], [-122.14658600038807, 37.75513800020644], [-122.14700599961434, 37.754913000344565], [-122.14714600025475, 37.754838000238564], [-122.14745400022632, 37.7546790003022], [-122.14749900043216, 37.754655999769376], [-122.14821599975933, 37.75430499998461], [-122.1483339997601, 37.75425399995628], [-122.14839300020965, 37.75423200003065], [-122.14844300043836, 37.754214000215796], [-122.14850100016469, 37.75420099983385], [-122.14859599970093, 37.75419499965676], [-122.14866500019622, 37.754202999892755], [-122.14873200014338, 37.75418300001146], [-122.14878800021987, 37.75418099995201], [-122.14884900031923, 37.754168000274476], [-122.14890200002269, 37.75414300023258], [-122.1489609995739, 37.754105999814186], [-122.14901699965041, 37.75404700010691], [-122.14902500004632, 37.754032000342406], [-122.14903400026715, 37.7540179998965], [-122.14916999981129, 37.75372900004391], [-122.1492209998649, 37.75360899990619], [-122.14925299965195, 37.75356699974096], [-122.14930100023085, 37.753535999975746], [-122.14935599958412, 37.75352000006898], [-122.14974599957146, 37.75343699965344], [-122.15008299985536, 37.75336600034513], [-122.15014200030488, 37.7533539998551], [-122.15020599987899, 37.75334200007334], [-122.15027399965105, 37.75334200007334], [-122.15030600033643, 37.75334500019651], [-122.15032200022995, 37.75334600023753], [-122.15038300032933, 37.75334999969129], [-122.15040900026858, 37.753351999773194], [-122.15046600016998, 37.75335499989601], [-122.15051200020075, 37.75336200018197], [-122.15056200042947, 37.7533709998385], [-122.1507120002173, 37.7534199996852], [-122.15087700007373, 37.753482000010074], [-122.15104699995305, 37.75356300029893], [-122.1512059999617, 37.75364000035104], [-122.15114599968722, 37.75371799964875], [-122.15105799982372, 37.75384899998705], [-122.15102199983869, 37.753903999718354], [-122.1508460001116, 37.75414799967345], [-122.15082900039314, 37.75416600021462], [-122.1508100001266, 37.75418400004115], [-122.15078500001222, 37.75421500024508], [-122.15075800024803, 37.75424499969695], [-122.15070100034663, 37.75429699975971], [-122.15060500008715, 37.75438600008274], [-122.15056200042947, 37.75443399994124], [-122.15051999969836, 37.75448399981986], [-122.15038099978119, 37.75461600024628], [-122.15033700029856, 37.75465399972272], [-122.15020599987899, 37.7547710002311], [-122.15017099971888, 37.75480300021042], [-122.15016300022131, 37.754810999670404], [-122.15011700019053, 37.75485199981906], [-122.1496490003854, 37.75526900016121], [-122.14944299962275, 37.755453999870355], [-122.14920699962121, 37.75566700010271], [-122.14903300044224, 37.755835000113535], [-122.14901300035078, 37.7558540002514], [-122.1486440002798, 37.75626399990675], [-122.14852499955582, 37.75641399999252], [-122.14843199966941, 37.75654199982518], [-122.14835899987446, 37.75663200028515], [-122.14829500030035, 37.75673999984031], [-122.14824500007167, 37.756802000223935], [-122.14821099973645, 37.756859999871374], [-122.14819700039108, 37.75688599969858], [-122.14814100031458, 37.75698800035285], [-122.1480800002152, 37.75711599990257], [-122.14797499973491, 37.757367999811606], [-122.14791299981061, 37.75753300026779], [-122.14787000015293, 37.757646999825646], [-122.14783099979488, 37.75780099987148], [-122.14780099965763, 37.7579250002288], [-122.14777300006853, 37.75807599976472], [-122.14776100037298, 37.75818699997951], [-122.14773700008352, 37.75855999987785], [-122.14773700008352, 37.758759000141495], [-122.1477429999313, 37.75894600028676], [-122.14775899982484, 37.75911499991643], [-122.1478059996805, 37.75942200000842], [-122.14783800036588, 37.75959099997103], [-122.14787699982561, 37.75975299986691], [-122.14791299981061, 37.75987699979302], [-122.14793499955194, 37.75995399966544], [-122.14800099967418, 37.76015800018506], [-122.14800700042028, 37.760175999974145], [-122.14808900043604, 37.76038099982746], [-122.14814100031458, 37.76048799964649], [-122.14822599980509, 37.760664000319736], [-122.14870799985391, 37.761537000023075], [-122.14882900022774, 37.761716000114575], [-122.15023799966605, 37.76380800005393], [-122.15037599975832, 37.76400100031032], [-122.15082199982214, 37.76455799978265], [-122.15098300037894, 37.7647440002939], [-122.15118199967225, 37.76498899988699], [-122.15129499965015, 37.765145000033925], [-122.15133700038126, 37.76520199965042], [-122.15199000013436, 37.76595499976784], [-122.15218599995293, 37.766235999793736], [-122.15249099955142, 37.76673499980631], [-122.15340899961839, 37.768233999914955], [-122.15371499994015, 37.76873399977104], [-122.15395599996458, 37.76909499967457], [-122.15468099968766, 37.770178999986044], [-122.15492300043529, 37.77054099974479], [-122.15516899958428, 37.77085599984251], [-122.15521999963791, 37.770921999679445], [-122.15532799959294, 37.77105099977158], [-122.15556500031772, 37.77130699968429], [-122.15585099964967, 37.77159800003982], [-122.15599299993988, 37.77172999975033], [-122.15628800039099, 37.77200200032571], [-122.1561970001544, 37.77207799985864], [-122.15618200008578, 37.772090999939074], [-122.15605400003926, 37.772177999872454]]], [[[-122.165032000144, 37.762632000114884], [-122.1651869999547, 37.762557999939055], [-122.16593900034027, 37.76220700000652], [-122.16619000041045, 37.76208999989559], [-122.16633199980232, 37.7620210002169], [-122.16676000032284, 37.761817999790466], [-122.16690300043797, 37.76175099971287], [-122.167047000378, 37.76168199971788], [-122.16748000002308, 37.76147899978146], [-122.16762499978803, 37.76141100017499], [-122.16784499989605, 37.761308000004405], [-122.16807000002696, 37.761203999755665], [-122.16850799969485, 37.76099999999018], [-122.16872899962779, 37.76089799989649], [-122.16880499979577, 37.76086100001573], [-122.16903499994953, 37.76075400002605], [-122.16911199994244, 37.76071800001463], [-122.17036800011817, 37.76009000007435], [-122.17054700021832, 37.75999599975572], [-122.17081900020489, 37.76035000007666], [-122.17113600039728, 37.76069200011382], [-122.17129100020799, 37.760829999755856], [-122.17153700025528, 37.76104899975542], [-122.17176400003599, 37.76123900030642], [-122.17192399986958, 37.761373999840636], [-122.17207600020554, 37.76150999976934], [-122.17228299989479, 37.7616950002056], [-122.17235999988766, 37.761765000115695], [-122.17253300014005, 37.761920000035886], [-122.1725590000793, 37.761943999655436], [-122.17268100027805, 37.76206199992052], [-122.17269600034663, 37.76207700018748], [-122.17274400002722, 37.762122000259986], [-122.17276099974566, 37.762136999804596], [-122.17290600040894, 37.762273999671116], [-122.17293599964783, 37.76230200027612], [-122.1733340000311, 37.762692999906655], [-122.17347700014625, 37.76283299990205], [-122.17358199972823, 37.76293799990227], [-122.17389999974554, 37.763254000335955], [-122.17400699987567, 37.7633600003543], [-122.17411700037884, 37.763468999933394], [-122.17444999956648, 37.76379900024676], [-122.17456099989454, 37.7639089997873], [-122.17466800002465, 37.76401299978346], [-122.17498900041504, 37.76432600020744], [-122.17509599964684, 37.764431000218586], [-122.17521100017287, 37.764538999749924], [-122.17534000004433, 37.764659999800244], [-122.17550599972566, 37.76479899973697], [-122.17557000019805, 37.76484600005498], [-122.1756980002446, 37.76493999989123], [-122.1770430001088, 37.76572599993507], [-122.17719700009457, 37.765815999873304], [-122.17723899992735, 37.765770999917876], [-122.17742700024834, 37.76559599990988], [-122.17763200028776, 37.765446999856714], [-122.17765099965602, 37.7654309996854], [-122.17775600013631, 37.765366999675706], [-122.17847099981365, 37.764898999652516], [-122.17905900016773, 37.76453299970117], [-122.17915700007703, 37.76447000022536], [-122.1792059995825, 37.76443700027563], [-122.17935500044375, 37.76434199990764], [-122.17940499977415, 37.76430999979361], [-122.17954600023945, 37.76422000015321], [-122.17985599986083, 37.7640230001714], [-122.17996899983875, 37.76394999986472], [-122.18011000030407, 37.76385999978619], [-122.18016499965731, 37.76382399986619], [-122.18033000041208, 37.76371699990179], [-122.18038599959027, 37.76368199981349], [-122.1805429999491, 37.76358099977014], [-122.18101699960204, 37.76328000004634], [-122.18117499978578, 37.7631800000723], [-122.18197900004992, 37.76265399967304], [-122.18257400007667, 37.76226800014879], [-122.18263000015315, 37.76223200016405], [-122.18279900020755, 37.762126999871775], [-122.18285600010896, 37.76209199974127], [-122.18304500025486, 37.76196999982631], [-122.18361599999217, 37.7616050002239], [-122.18380599996294, 37.76148400014691], [-122.18398099986514, 37.761373999840636], [-122.18450899994474, 37.76104400007077], [-122.18468499967183, 37.760934999758746], [-122.18517299956847, 37.7606180001277], [-122.18552699957078, 37.76038900010471], [-122.18614099986414, 37.760005999976634], [-122.18663999963141, 37.75966900009673], [-122.18668800021028, 37.75963800004751], [-122.1868570002647, 37.75949699972846], [-122.18705399990819, 37.759263999942085], [-122.18721499956666, 37.759352000011624], [-122.18769999998857, 37.75961900017128], [-122.18786200037027, 37.759707999773596], [-122.18791500007372, 37.75973100015614], [-122.18807699955713, 37.75980299970173], [-122.18813099998378, 37.759827000008165], [-122.18824399996168, 37.75987000012345], [-122.18858600026844, 37.76000100022147], [-122.18870000007128, 37.76004500018603], [-122.18876600019351, 37.76007500011463], [-122.1889639996619, 37.760164999827374], [-122.18902999978414, 37.76019599965575], [-122.1891310000665, 37.7602440000058], [-122.18943700038825, 37.76039000005051], [-122.18953899959718, 37.76043900021984], [-122.18969099993316, 37.76050799995393], [-122.19014600021781, 37.76071600013186], [-122.19029900037869, 37.76078600025818], [-122.19044999999143, 37.7608560003183], [-122.19090399955286, 37.76106799997454], [-122.19105599988885, 37.76113899970349], [-122.19120999987462, 37.761212999878595], [-122.19167500020502, 37.7614349999597], [-122.19183099984063, 37.76150899983866], [-122.19203000003228, 37.76160600015328], [-122.19263000008188, 37.761898000259414], [-122.19283000009843, 37.76199599998805], [-122.19231100023967, 37.76233399983856], [-122.19075399976504, 37.76334800006511], [-122.19023499990628, 37.763686000128764], [-122.19016899978402, 37.76375000017277], [-122.18997100031564, 37.763944999665924], [-122.18990600001831, 37.76401000009292], [-122.18943700038825, 37.764430000327394], [-122.18934299977859, 37.764516000152256], [-122.18904999987564, 37.764701000171506], [-122.18902399993638, 37.764716999790586], [-122.18785399997435, 37.76545799992811], [-122.18732300042002, 37.76579600029104], [-122.18673800043901, 37.76617199977057], [-122.1849840003209, 37.76730299978885], [-122.1844000001648, 37.76767999997519], [-122.18292499970593, 37.7686219999267], [-122.18218099971625, 37.76909700004091], [-122.18205100001992, 37.76918399994649], [-122.18200599981408, 37.76922199975071], [-122.18195999978333, 37.76927799994981], [-122.18192200014849, 37.76933400010654], [-122.18187600011775, 37.769455999946025], [-122.18186900044506, 37.76952099979002], [-122.18187100009486, 37.7695710001227], [-122.18194600043795, 37.76957800029439], [-122.18191899977543, 37.76965199983717], [-122.18178400005624, 37.770380999665875], [-122.18176800016269, 37.77046400024263], [-122.18170500041353, 37.77082699983099], [-122.18164400031415, 37.77110600020482], [-122.18159599973525, 37.77139300003302], [-122.1815920004356, 37.77142100002589], [-122.1815630001233, 37.771662000337706], [-122.18157900001681, 37.77180399997982], [-122.18159499991033, 37.77187199997192], [-122.18162599987247, 37.771948000348516], [-122.18168000029915, 37.772059000337755], [-122.18176599961456, 37.772201999713644], [-122.18177700038356, 37.77221399998634], [-122.18183500010986, 37.772276999965996], [-122.18198099969973, 37.77242199990668], [-122.1815279999632, 37.772713000134466], [-122.18017200022834, 37.77358900034867], [-122.17996100034114, 37.77372600030289], [-122.17972899963925, 37.773893000007355], [-122.17965099982143, 37.77383699975307], [-122.17941999984275, 37.773669000155806], [-122.17934399967477, 37.77361299973187], [-122.17920700030574, 37.77350499996099], [-122.178796000402, 37.773182000184704], [-122.17865900013464, 37.77307500026865], [-122.17851799966935, 37.77297200001072], [-122.17809699971984, 37.77266500006594], [-122.17795699997778, 37.77256299972817], [-122.17767099974752, 37.77226300013294], [-122.17734500023258, 37.77191900005518], [-122.17694900039747, 37.771529999795725], [-122.17680700010725, 37.77141000013141], [-122.17678600019086, 37.77139300003302], [-122.17671000002288, 37.77133300011403], [-122.17660000041799, 37.771262000229825], [-122.1764380000363, 37.77117300032873], [-122.1762410003928, 37.771082999809124], [-122.17565399986364, 37.770815999848146], [-122.17545800004507, 37.77072700012028], [-122.17313499983948, 37.76966699998498], [-122.17280699977643, 37.76952799996644], [-122.17238400017712, 37.769346999959296], [-122.17200000003756, 37.76917299971919], [-122.17161800044613, 37.769379999848475], [-122.17141900025452, 37.76950200032218], [-122.17126199989569, 37.76960899972806], [-122.17102099987125, 37.769805999742246], [-122.17092399978688, 37.7698930002339], [-122.17004500007799, 37.77067799966588], [-122.16996999973493, 37.77075399984956], [-122.1699189996813, 37.77081800016792], [-122.16987199982565, 37.7708790003088], [-122.16978200031227, 37.77102000023238], [-122.16973899975623, 37.77108999983772], [-122.16959700036433, 37.771358000027035], [-122.16921900007254, 37.77208000014427], [-122.16917399986671, 37.7721640000207], [-122.16903300029973, 37.77243299965066], [-122.16898100042118, 37.77254100027733], [-122.16895799995665, 37.77259000020721], [-122.16894500043618, 37.77264399971555], [-122.16893899969007, 37.77269600033565], [-122.1689410002382, 37.7727390000698], [-122.16894299988805, 37.77279900026798], [-122.16896399980445, 37.77289099967265], [-122.16898200024607, 37.77296399967447], [-122.1689970003147, 37.77300699996279], [-122.16905500004103, 37.77321199975512], [-122.16910400044482, 37.77327900010089], [-122.16933100022557, 37.77359099988336], [-122.16943300033282, 37.7736930002231], [-122.16965500009064, 37.77397799971638], [-122.16972500041084, 37.774066999791444], [-122.16974200012929, 37.77410700015728], [-122.16975100035013, 37.77414600003161], [-122.16975700019792, 37.774246999847215], [-122.1697360002815, 37.774293999840886], [-122.16971299981697, 37.77432800011981], [-122.16966799961112, 37.774372999838505], [-122.16962699960325, 37.77439599992079], [-122.16958300012062, 37.77442199997436], [-122.16983199964267, 37.77493699966981], [-122.17042800039265, 37.775594999952105], [-122.1705589999139, 37.77571499992472], [-122.17060199957162, 37.775753999660864], [-122.17071000042493, 37.775890000127276], [-122.17077800019699, 37.775989000220726], [-122.17083300044858, 37.776081999649776], [-122.17086500023564, 37.77614900023486], [-122.17087799975613, 37.77617499967195], [-122.17093600038075, 37.77631300024505], [-122.17101099982551, 37.77646000024802], [-122.17102000004633, 37.77647600016312], [-122.17117099965908, 37.7767399996818], [-122.17130600027662, 37.77694600020588], [-122.17140800038386, 37.777099999829865], [-122.1715029999201, 37.77722200034617], [-122.17158199956282, 37.77732399993654], [-122.17177599973157, 37.7775400002335], [-122.17180500004389, 37.777575000153135], [-122.17190499960303, 37.777694000040036], [-122.17203900039561, 37.77782100025696], [-122.17206799980961, 37.77784399997664], [-122.17259199969126, 37.77825599997822], [-122.17276699959343, 37.77839400021677], [-122.17283000024094, 37.778440999704145], [-122.17302000021176, 37.77858200011695], [-122.17308399978585, 37.778629999893965], [-122.17319400028902, 37.77868699976619], [-122.17334499990176, 37.778765000342304], [-122.17352999984969, 37.778848000027445], [-122.1736439996525, 37.778899999834074], [-122.17382199992774, 37.778969000094435], [-122.17385999956258, 37.778978999879854], [-122.17404500040881, 37.77902900020674], [-122.17423100018166, 37.779066999921326], [-122.17453999997814, 37.779112999998134], [-122.17477000013191, 37.77914300000199], [-122.17503299989762, 37.78014500009259], [-122.17505499963893, 37.78020999976964], [-122.17454400017611, 37.780295000025696], [-122.17393400008075, 37.78036700014108], [-122.17380400038438, 37.78042499976884], [-122.17377000004922, 37.780504999988686], [-122.17375199960753, 37.78056100016206], [-122.1737480003079, 37.780574999843765], [-122.17368800003342, 37.78082000023447], [-122.17365500042149, 37.780953000187615], [-122.17364799985047, 37.78098599986669], [-122.17361900043646, 37.781128999725766], [-122.17298400022676, 37.78079000020128], [-122.17134999975922, 37.77991800025868], [-122.17107899959757, 37.77977300010939], [-122.17044400028615, 37.77943400004602], [-122.17039300023255, 37.77940900002377], [-122.17024000007167, 37.779335000306], [-122.17018999984295, 37.779310999940265], [-122.17015600040608, 37.77929200014812], [-122.17005500012375, 37.779235000032386], [-122.17002199961347, 37.77921699991197], [-122.16996399988714, 37.77918600024654], [-122.16978999980986, 37.779092999752166], [-122.16973299990848, 37.77906200003474], [-122.16949100005911, 37.77893400012477], [-122.1687279998029, 37.77855199988548], [-122.16847699973272, 37.77842599991633], [-122.16825999999773, 37.77831699966269], [-122.16822499983762, 37.778299999732425], [-122.1680409997146, 37.77821400031756], [-122.1677290004434, 37.778067999959035], [-122.16745900010665, 37.777946999837305], [-122.1672030000136, 37.77783199990772], [-122.16700100034727, 37.77774399981607], [-122.16651699975029, 37.777533999819596], [-122.16639600027477, 37.77747800019311], [-122.16619700008313, 37.77738699982209], [-122.16615500025034, 37.77736800024548], [-122.1660320002267, 37.7773110000662], [-122.16599100021881, 37.77729199976001], [-122.16563700021649, 37.77713799982602], [-122.16559799985843, 37.777119999905004], [-122.16442500042169, 37.776596000125714], [-122.16403500043434, 37.77642199990336], [-122.16397699980968, 37.77639599984309], [-122.16370099962516, 37.776255000231075], [-122.16270499974043, 37.77574799981199], [-122.16237300037773, 37.77557899984638], [-122.16216599979018, 37.77547300030103], [-122.16169600033523, 37.77523200034039], [-122.1602739995798, 37.77450399981028], [-122.1596610000097, 37.7741999998236], [-122.15897999976922, 37.773862000239525], [-122.15879200034657, 37.77376799967304], [-122.15838999976533, 37.773547000166765], [-122.1582459998253, 37.773458000175765], [-122.15820200034268, 37.77343100001375], [-122.15806800044838, 37.7733479999272], [-122.1584559998876, 37.77338299970128], [-122.15886900033946, 37.773431999783234], [-122.15889100008076, 37.77342899976467], [-122.15865599990414, 37.773278000329334], [-122.15842599975036, 37.773113999977255], [-122.15839800016126, 37.77309400023853], [-122.15821300021334, 37.77295500027145], [-122.15795999959504, 37.772732000197315], [-122.1577810003932, 37.77255999967434], [-122.15723200039719, 37.77193200016362], [-122.15686300032627, 37.77151000033857], [-122.15677700011253, 37.77143599981485], [-122.15652100001951, 37.77121700003788], [-122.15643599963069, 37.77114399973144], [-122.15634600011731, 37.77103199998681], [-122.15629000004081, 37.77097099997215], [-122.15618200008578, 37.7708790003088], [-122.15575899958816, 37.77053900012763], [-122.15558200003618, 37.77039700018644], [-122.15537199997387, 37.77022000013796], [-122.15527599971442, 37.77013099969278], [-122.15521899981299, 37.77005600010406], [-122.15509900016238, 37.769850000264874], [-122.1546559995733, 37.76919599999887], [-122.15460399969476, 37.7691170001507], [-122.15438100011201, 37.768779000053826], [-122.15452400022716, 37.76871000022446], [-122.15495500022237, 37.768505999858334], [-122.15509900016238, 37.76843800032132], [-122.15524999977512, 37.76836699978775], [-122.15570400023489, 37.76815499974915], [-122.15585599967254, 37.76808500020585], [-122.15601600040445, 37.76801499988622], [-122.15649699973005, 37.767808000196666], [-122.15665800028684, 37.76773900017137], [-122.15681499974734, 37.76796499992164], [-122.1572189999784, 37.768544999846526], [-122.15725199959037, 37.76866400006574], [-122.15726699965902, 37.76871500010104], [-122.15728799957537, 37.768938000218306], [-122.15732000026075, 37.76890199992962], [-122.15735500042086, 37.768846000155904], [-122.15740499975124, 37.76880300028817], [-122.15746800039874, 37.76876100022803], [-122.15747900026939, 37.768753999979005], [-122.15759899992001, 37.76869000000458], [-122.15765800036957, 37.76864100033071], [-122.15771199989791, 37.76858499964917], [-122.15776600032457, 37.768510999748706], [-122.157815999655, 37.76840999990901], [-122.1579010000438, 37.768108999955324], [-122.15791799976225, 37.768050000054345], [-122.15793899967863, 37.76794600005406], [-122.15794600024964, 37.76784500015283], [-122.15786599988371, 37.76756600025718], [-122.15762900005724, 37.76673599966633], [-122.15759499972206, 37.76663899968832], [-122.15758499967632, 37.766566999695605], [-122.15759399989714, 37.766508999847765], [-122.15763099970707, 37.76646199987646], [-122.15767199971494, 37.76644400019684], [-122.15774799988291, 37.7664529996821], [-122.157823000226, 37.76647899968821], [-122.1580700000982, 37.766612999738506], [-122.15808099996886, 37.76661699989525], [-122.15829199985606, 37.76670700016941], [-122.15842099972747, 37.766747000256096], [-122.15857600043647, 37.76678400003302], [-122.15871399963044, 37.766809999922714], [-122.1589000003016, 37.76682199965023], [-122.15903800039385, 37.76682099979137], [-122.15914399980075, 37.766808000204655], [-122.1594860001075, 37.7668199999325], [-122.15953100031336, 37.76682099979137], [-122.16002500005776, 37.76683199965835], [-122.1599709996311, 37.76672200020447], [-122.15992600032357, 37.766682999965006], [-122.15983000006409, 37.76663100008714], [-122.15977499981251, 37.76660599999624], [-122.159654000337, 37.766553000201746], [-122.15904300041672, 37.76629800002972], [-122.15881400008786, 37.76622200023728], [-122.15879800019435, 37.76621399988079], [-122.15870799978264, 37.76617400021597], [-122.15862400011706, 37.766123999716804], [-122.15858200028427, 37.766083000134415], [-122.15855299997197, 37.76602900009555], [-122.1585479999491, 37.765995000261256], [-122.15855100032213, 37.76593600009395], [-122.15857499971327, 37.7658800002046], [-122.15860999987338, 37.76583999964898], [-122.15862099974403, 37.765829000344546], [-122.15873200007209, 37.765746000246466], [-122.15905699976211, 37.765578000019495], [-122.1592119995728, 37.76549899985693], [-122.15944900029758, 37.76565399976364], [-122.15948699993241, 37.765675999843175], [-122.1598509999805, 37.76588899975849], [-122.15993899984404, 37.76591499996288], [-122.15998599969971, 37.76592000002844], [-122.1600979998527, 37.765925000093695], [-122.16028000032588, 37.7659010003456], [-122.16040199962632, 37.76587500013634], [-122.16042500009084, 37.76587099993941], [-122.16056599965785, 37.76583100008907], [-122.16071399979586, 37.76577599999316], [-122.1608140002533, 37.765707000202404], [-122.16111800002689, 37.76550100032053], [-122.16121900030922, 37.76543300015084], [-122.16117199955524, 37.76529900009291], [-122.16115900003479, 37.76527400026195], [-122.16092600040628, 37.76482100007084], [-122.16090499959157, 37.76478099965261], [-122.16083099997172, 37.76468200017546], [-122.16093999975168, 37.76462899971232], [-122.16127100018778, 37.76447000022536], [-122.16138099979263, 37.76441800021181], [-122.16253300021128, 37.76386499999072], [-122.1634479999052, 37.76341799983111], [-122.16356000005818, 37.76337199993143], [-122.16420199994059, 37.763042999753424], [-122.16484999967079, 37.76273000029132], [-122.1649419997323, 37.762684999878594], [-122.165032000144, 37.762632000114884]]]]}}, {"type": "Feature", "properties": {"neighborhood": "Elmhurst"}, "geometry": {"type": "Polygon", "coordinates": [[[-122.17093100035787, 37.74424599994393], [-122.17117499985704, 37.74410600029165], [-122.171327000193, 37.744025999762535], [-122.17167399962432, 37.74385500013528], [-122.1718839996866, 37.74375799998834], [-122.172241000062, 37.74359499970413], [-122.17239099984982, 37.74352199983957], [-122.17284199993651, 37.743306999810535], [-122.17299300044758, 37.74323600001732], [-122.17317400019753, 37.74315199996384], [-122.17354900011628, 37.74298000026736], [-122.17371899999557, 37.742898999759724], [-122.17390099957046, 37.74281399985082], [-122.1740789998457, 37.74272799965979], [-122.17461399959798, 37.74247299976156], [-122.17479299969813, 37.742388000073824], [-122.17497400034641, 37.74230200009821], [-122.17551699959631, 37.742048000346784], [-122.17569900006951, 37.741963000171005], [-122.1758749997966, 37.741879000093654], [-122.17640399970111, 37.741628999688274], [-122.17658100015144, 37.741546000142726], [-122.17665499977129, 37.74151199971149], [-122.17678100016796, 37.74145700000458], [-122.17687599970421, 37.74140599964567], [-122.17694699984933, 37.741363999658034], [-122.17714699986585, 37.741231999744706], [-122.17737600019474, 37.741065000173634], [-122.17760700017341, 37.740884000136454], [-122.17767599977039, 37.74082600004267], [-122.17769699968679, 37.74080900001887], [-122.17787800033504, 37.740660999980555], [-122.17802899994778, 37.740546999826144], [-122.17825200042888, 37.740381999852524], [-122.17848300040755, 37.740204000222], [-122.17863400002031, 37.74008899985396], [-122.17884300025766, 37.73993099970562], [-122.17946199967555, 37.73946799975221], [-122.17947199972129, 37.73946000005439], [-122.17966099986717, 37.73932599983677], [-122.17968299960849, 37.73930600019705], [-122.17971500029385, 37.73927599966163], [-122.17973600021026, 37.73925799976082], [-122.17981400002805, 37.73918900010046], [-122.17984800036324, 37.73915999975042], [-122.17987799960216, 37.73912399988795], [-122.17990199989161, 37.73910299996015], [-122.1800850001897, 37.738953999827444], [-122.18014700011396, 37.73890500034762], [-122.18017399987818, 37.73888199988476], [-122.18025599989392, 37.738815999875726], [-122.18028400038135, 37.73879400033324], [-122.1804080002299, 37.73869999995406], [-122.18078399997354, 37.73841800023158], [-122.180908999647, 37.738325000329446], [-122.18103900024167, 37.73822600025935], [-122.18143000005391, 37.73793300025211], [-122.18156099957515, 37.73783499990844], [-122.18197300020212, 37.73816200015792], [-122.18241699971782, 37.738560999998384], [-122.18242900031171, 37.73857199980507], [-122.1830059998968, 37.7390790000353], [-122.18377800037386, 37.7397319999516], [-122.18428800001179, 37.74016999988469], [-122.18495300035875, 37.740763999769726], [-122.18496099985637, 37.74077099982605], [-122.18581299980106, 37.74150400023452], [-122.18611900012283, 37.74177299984302], [-122.18679500034042, 37.74236699965123], [-122.18687900000602, 37.742439999944544], [-122.18841800003896, 37.74378299998711], [-122.18929900029597, 37.74455800002269], [-122.18974700000965, 37.744952000132734], [-122.19069100001586, 37.745779999802394], [-122.19073100019882, 37.74581499983658], [-122.19132299985255, 37.746300000027254], [-122.19135899983752, 37.74632999984683], [-122.19203400023022, 37.74693500000495], [-122.1929830002593, 37.74775999986981], [-122.19304799965833, 37.7478170000968], [-122.19362400031679, 37.74832200000343], [-122.19361199972295, 37.74833299978016], [-122.19357800028608, 37.7483690001359], [-122.19356700041541, 37.748381000013836], [-122.19350899979078, 37.748450000339524], [-122.19333800008654, 37.74865100030398], [-122.1926519998232, 37.74946299971269], [-122.19242400021754, 37.74973399969645], [-122.19238800023257, 37.74975700033871], [-122.19232499958507, 37.749799999914416], [-122.19228299975225, 37.7498270001803], [-122.19224799959217, 37.74985000008335], [-122.19187199984853, 37.75003599993233], [-122.19050100004503, 37.75069099993618], [-122.18842300006183, 37.75168400003734], [-122.18638299971344, 37.75264600016952], [-122.18501000026016, 37.75329500025843], [-122.18492099967337, 37.75319200015158], [-122.1846539997097, 37.75288399972825], [-122.18456500002124, 37.75278199980817], [-122.18440199981463, 37.75285299967686], [-122.18391200026817, 37.753068999718856], [-122.18374999988647, 37.75314200011007], [-122.18329600032502, 37.7533640002636], [-122.1819370002171, 37.754032999663885], [-122.18148399958227, 37.754257000042465], [-122.18100200043172, 37.75448699989677], [-122.17955700011011, 37.755180000190066], [-122.17930199984198, 37.7553029999543], [-122.17922099965111, 37.75536300009426], [-122.17918399984119, 37.75540399993696], [-122.17911699989405, 37.75547100008143], [-122.17918800003916, 37.75550599979358], [-122.17940300012431, 37.755611000251086], [-122.17947500009434, 37.755646999906915], [-122.17968400033172, 37.75574800013021], [-122.18031299979535, 37.75605099997268], [-122.18052299985763, 37.75615200035468], [-122.18157999984173, 37.756655000203615], [-122.18244600003014, 37.757064999681255], [-122.18268000038186, 37.75717400001406], [-122.18347899972481, 37.75754500008004], [-122.18393400000949, 37.757763999862085], [-122.18398099986514, 37.75778700013884], [-122.18405799985804, 37.75782400013673], [-122.18428999966164, 37.75793699997742], [-122.18436800037775, 37.7579749998788], [-122.1847240000299, 37.75814400030636], [-122.18488800006145, 37.758221999827185], [-122.18504700007009, 37.75829800002779], [-122.18548599956291, 37.75850999991308], [-122.18562600020331, 37.75857700008547], [-122.18604899980261, 37.75877800023856], [-122.18619000026793, 37.75884600013496], [-122.18636199979706, 37.75892900016393], [-122.18687300015822, 37.75917699973001], [-122.18705399990819, 37.759263999942085], [-122.1868570002647, 37.75949699972846], [-122.18668800021028, 37.75963800004751], [-122.18663999963141, 37.75966900009673], [-122.18614099986414, 37.760005999976634], [-122.18552699957078, 37.76038900010471], [-122.18517299956847, 37.7606180001277], [-122.18468499967183, 37.760934999758746], [-122.18450899994474, 37.76104400007077], [-122.18398099986514, 37.761373999840636], [-122.18380599996294, 37.76148400014691], [-122.18361599999217, 37.7616050002239], [-122.18304500025486, 37.76196999982631], [-122.18285600010896, 37.76209199974127], [-122.18279900020755, 37.762126999871775], [-122.18263000015315, 37.76223200016405], [-122.18257400007667, 37.76226800014879], [-122.18197900004992, 37.76265399967304], [-122.18117499978578, 37.7631800000723], [-122.18101699960204, 37.76328000004634], [-122.1805429999491, 37.76358099977014], [-122.18038599959027, 37.76368199981349], [-122.18033000041208, 37.76371699990179], [-122.18016499965731, 37.76382399986619], [-122.18011000030407, 37.76385999978619], [-122.17996899983875, 37.76394999986472], [-122.17985599986083, 37.7640230001714], [-122.17954600023945, 37.76422000015321], [-122.17940499977415, 37.76430999979361], [-122.17935500044375, 37.76434199990764], [-122.1792059995825, 37.76443700027563], [-122.17915700007703, 37.76447000022536], [-122.17905900016773, 37.76453299970117], [-122.17847099981365, 37.764898999652516], [-122.17775600013631, 37.765366999675706], [-122.17765099965602, 37.7654309996854], [-122.17763200028776, 37.765446999856714], [-122.17742700024834, 37.76559599990988], [-122.17723899992735, 37.765770999917876], [-122.17719700009457, 37.765815999873304], [-122.1770430001088, 37.76572599993507], [-122.1756980002446, 37.76493999989123], [-122.17557000019805, 37.76484600005498], [-122.17550599972566, 37.76479899973697], [-122.17534000004433, 37.764659999800244], [-122.17521100017287, 37.764538999749924], [-122.17509599964684, 37.764431000218586], [-122.17498900041504, 37.76432600020744], [-122.17466800002465, 37.76401299978346], [-122.17456099989454, 37.7639089997873], [-122.17444999956648, 37.76379900024676], [-122.17411700037884, 37.763468999933394], [-122.17400699987567, 37.7633600003543], [-122.17389999974554, 37.763254000335955], [-122.17358199972823, 37.76293799990227], [-122.17347700014625, 37.76283299990205], [-122.1733340000311, 37.762692999906655], [-122.17293599964783, 37.76230200027612], [-122.17290600040894, 37.762273999671116], [-122.17276099974566, 37.762136999804596], [-122.17274400002722, 37.762122000259986], [-122.17269600034663, 37.76207700018748], [-122.17268100027805, 37.76206199992052], [-122.1725590000793, 37.761943999655436], [-122.17253300014005, 37.761920000035886], [-122.17235999988766, 37.761765000115695], [-122.17228299989479, 37.7616950002056], [-122.17207600020554, 37.76150999976934], [-122.17192399986958, 37.761373999840636], [-122.17176400003599, 37.76123900030642], [-122.17153700025528, 37.76104899975542], [-122.17129100020799, 37.760829999755856], [-122.17113600039728, 37.76069200011382], [-122.17081900020489, 37.76035000007666], [-122.17054700021832, 37.75999599975572], [-122.17036800011817, 37.76009000007435], [-122.16911199994244, 37.76071800001463], [-122.16903499994953, 37.76075400002605], [-122.16880499979577, 37.76086100001573], [-122.16872899962779, 37.76089799989649], [-122.16850799969485, 37.76099999999018], [-122.16807000002696, 37.761203999755665], [-122.16784499989605, 37.761308000004405], [-122.16762499978803, 37.76141100017499], [-122.16748000002308, 37.76147899978146], [-122.167047000378, 37.76168199971788], [-122.16690300043797, 37.76175099971287], [-122.16676000032284, 37.761817999790466], [-122.16633199980232, 37.7620210002169], [-122.16619000041045, 37.76208999989559], [-122.16593900034027, 37.76220700000652], [-122.1651869999547, 37.762557999939055], [-122.165032000144, 37.762632000114884], [-122.1649419997323, 37.762684999878594], [-122.16484999967079, 37.76273000029132], [-122.16420199994059, 37.763042999753424], [-122.16356000005818, 37.76337199993143], [-122.1634479999052, 37.76341799983111], [-122.16253300021128, 37.76386499999072], [-122.16138099979263, 37.76441800021181], [-122.16127100018778, 37.76447000022536], [-122.16093999975168, 37.76462899971232], [-122.16083099997172, 37.76468200017546], [-122.16090499959157, 37.76478099965261], [-122.16092600040628, 37.76482100007084], [-122.16115900003479, 37.76527400026195], [-122.16117199955524, 37.76529900009291], [-122.16121900030922, 37.76543300015084], [-122.16111800002689, 37.76550100032053], [-122.1608140002533, 37.765707000202404], [-122.16071399979586, 37.76577599999316], [-122.16056599965785, 37.76583100008907], [-122.16042500009084, 37.76587099993941], [-122.16040199962632, 37.76587500013634], [-122.16028000032588, 37.7659010003456], [-122.1600979998527, 37.765925000093695], [-122.15998599969971, 37.76592000002844], [-122.15993899984404, 37.76591499996288], [-122.1598509999805, 37.76588899975849], [-122.15948699993241, 37.765675999843175], [-122.15944900029758, 37.76565399976364], [-122.1592119995728, 37.76549899985693], [-122.15905699976211, 37.765578000019495], [-122.15873200007209, 37.765746000246466], [-122.15862099974403, 37.765829000344546], [-122.15860999987338, 37.76583999964898], [-122.15857499971327, 37.7658800002046], [-122.15855100032213, 37.76593600009395], [-122.1585479999491, 37.765995000261256], [-122.15855299997197, 37.76602900009555], [-122.15858200028427, 37.766083000134415], [-122.15862400011706, 37.766123999716804], [-122.15870799978264, 37.76617400021597], [-122.15879800019435, 37.76621399988079], [-122.15881400008786, 37.76622200023728], [-122.15904300041672, 37.76629800002972], [-122.159654000337, 37.766553000201746], [-122.15977499981251, 37.76660599999624], [-122.15983000006409, 37.76663100008714], [-122.15992600032357, 37.766682999965006], [-122.1599709996311, 37.76672200020447], [-122.16002500005776, 37.76683199965835], [-122.15953100031336, 37.76682099979137], [-122.1594860001075, 37.7668199999325], [-122.15914399980075, 37.766808000204655], [-122.15903800039385, 37.76682099979137], [-122.1589000003016, 37.76682199965023], [-122.15871399963044, 37.766809999922714], [-122.15857600043647, 37.76678400003302], [-122.15842099972747, 37.766747000256096], [-122.15829199985606, 37.76670700016941], [-122.15808099996886, 37.76661699989525], [-122.1580700000982, 37.766612999738506], [-122.157823000226, 37.76647899968821], [-122.15774799988291, 37.7664529996821], [-122.15767199971494, 37.76644400019684], [-122.15763099970707, 37.76646199987646], [-122.15759399989714, 37.766508999847765], [-122.15758499967632, 37.766566999695605], [-122.15759499972206, 37.76663899968832], [-122.15762900005724, 37.76673599966633], [-122.15786599988371, 37.76756600025718], [-122.15794600024964, 37.76784500015283], [-122.15793899967863, 37.76794600005406], [-122.15791799976225, 37.768050000054345], [-122.1579010000438, 37.768108999955324], [-122.157815999655, 37.76840999990901], [-122.15776600032457, 37.768510999748706], [-122.15771199989791, 37.76858499964917], [-122.15765800036957, 37.76864100033071], [-122.15759899992001, 37.76869000000458], [-122.15747900026939, 37.768753999979005], [-122.15746800039874, 37.76876100022803], [-122.15740499975124, 37.76880300028817], [-122.15735500042086, 37.768846000155904], [-122.15732000026075, 37.76890199992962], [-122.15728799957537, 37.768938000218306], [-122.15726699965902, 37.76871500010104], [-122.15725199959037, 37.76866400006574], [-122.1572189999784, 37.768544999846526], [-122.15681499974734, 37.76796499992164], [-122.15665800028684, 37.76773900017137], [-122.15649699973005, 37.767808000196666], [-122.15601600040445, 37.76801499988622], [-122.15585599967254, 37.76808500020585], [-122.15570400023489, 37.76815499974915], [-122.15524999977512, 37.76836699978775], [-122.15509900016238, 37.76843800032132], [-122.15495500022237, 37.768505999858334], [-122.15452400022716, 37.76871000022446], [-122.15438100011201, 37.768779000053826], [-122.15460399969476, 37.7691170001507], [-122.1546559995733, 37.76919599999887], [-122.15509900016238, 37.769850000264874], [-122.15521899981299, 37.77005600010406], [-122.15527599971442, 37.77013099969278], [-122.15537199997387, 37.77022000013796], [-122.15558200003618, 37.77039700018644], [-122.15575899958816, 37.77053900012763], [-122.15618200008578, 37.7708790003088], [-122.15629000004081, 37.77097099997215], [-122.15634600011731, 37.77103199998681], [-122.15643599963069, 37.77114399973144], [-122.15652100001951, 37.77121700003788], [-122.15677700011253, 37.77143599981485], [-122.15686300032627, 37.77151000033857], [-122.15723200039719, 37.77193200016362], [-122.1577810003932, 37.77255999967434], [-122.15795999959504, 37.772732000197315], [-122.15821300021334, 37.77295500027145], [-122.15839800016126, 37.77309400023853], [-122.15842599975036, 37.773113999977255], [-122.15865599990414, 37.773278000329334], [-122.15889100008076, 37.77342899976467], [-122.15886900033946, 37.773431999783234], [-122.1584559998876, 37.77338299970128], [-122.15806800044838, 37.7733479999272], [-122.15770000020235, 37.77309299975439], [-122.1574499999571, 37.77292000029477], [-122.15683400001393, 37.77244700016156], [-122.15665699956362, 37.77230600011892], [-122.15663200034757, 37.772284999666496], [-122.15628800039099, 37.77200200032571], [-122.15599299993988, 37.77172999975033], [-122.15585099964967, 37.77159800003982], [-122.15556500031772, 37.77130699968429], [-122.15532799959294, 37.77105099977158], [-122.15521999963791, 37.770921999679445], [-122.15516899958428, 37.77085599984251], [-122.15492300043529, 37.77054099974479], [-122.15468099968766, 37.770178999986044], [-122.15395599996458, 37.76909499967457], [-122.15371499994015, 37.76873399977104], [-122.15340899961839, 37.768233999914955], [-122.15249099955142, 37.76673499980631], [-122.15218599995293, 37.766235999793736], [-122.15199000013436, 37.76595499976784], [-122.15133700038126, 37.76520199965042], [-122.15129499965015, 37.765145000033925], [-122.15118199967225, 37.76498899988699], [-122.15098300037894, 37.7647440002939], [-122.15082199982214, 37.76455799978265], [-122.15037599975832, 37.76400100031032], [-122.15023799966605, 37.76380800005393], [-122.14882900022774, 37.761716000114575], [-122.14870799985391, 37.761537000023075], [-122.14822599980509, 37.760664000319736], [-122.14814100031458, 37.76048799964649], [-122.14808900043604, 37.76038099982746], [-122.14800700042028, 37.760175999974145], [-122.14800099967418, 37.76015800018506], [-122.14793499955194, 37.75995399966544], [-122.14791299981061, 37.75987699979302], [-122.14787699982561, 37.75975299986691], [-122.14783800036588, 37.75959099997103], [-122.1478059996805, 37.75942200000842], [-122.14775899982484, 37.75911499991643], [-122.1477429999313, 37.75894600028676], [-122.14773700008352, 37.758759000141495], [-122.14773700008352, 37.75855999987785], [-122.14776100037298, 37.75818699997951], [-122.14777300006853, 37.75807599976472], [-122.14780099965763, 37.7579250002288], [-122.14783099979488, 37.75780099987148], [-122.14787000015293, 37.757646999825646], [-122.14791299981061, 37.75753300026779], [-122.14797499973491, 37.757367999811606], [-122.1480800002152, 37.75711599990257], [-122.14814100031458, 37.75698800035285], [-122.14819700039108, 37.75688599969858], [-122.14821099973645, 37.756859999871374], [-122.14824500007167, 37.756802000223935], [-122.14829500030035, 37.75673999984031], [-122.14835899987446, 37.75663200028515], [-122.14843199966941, 37.75654199982518], [-122.14852499955582, 37.75641399999252], [-122.1486440002798, 37.75626399990675], [-122.14901300035078, 37.7558540002514], [-122.14903300044224, 37.755835000113535], [-122.14920699962121, 37.75566700010271], [-122.14944299962275, 37.755453999870355], [-122.1496490003854, 37.75526900016121], [-122.15011700019053, 37.75485199981906], [-122.15016300022131, 37.754810999670404], [-122.15017099971888, 37.75480300021042], [-122.15020599987899, 37.7547710002311], [-122.15033700029856, 37.75465399972272], [-122.15038099978119, 37.75461600024628], [-122.15051999969836, 37.75448399981986], [-122.15056200042947, 37.75443399994124], [-122.15060500008715, 37.75438600008274], [-122.15070100034663, 37.75429699975971], [-122.15075800024803, 37.75424499969695], [-122.15078500001222, 37.75421500024508], [-122.1508100001266, 37.75418400004115], [-122.15082900039314, 37.75416600021462], [-122.1508460001116, 37.75414799967345], [-122.15102199983869, 37.753903999718354], [-122.15105799982372, 37.75384899998705], [-122.15114599968722, 37.75371799964875], [-122.1512059999617, 37.75364000035104], [-122.15104699995305, 37.75356300029893], [-122.15087700007373, 37.753482000010074], [-122.1507120002173, 37.7534199996852], [-122.15056200042947, 37.7533709998385], [-122.15051200020075, 37.75336200018197], [-122.15046600016998, 37.75335499989601], [-122.15040900026858, 37.753351999773194], [-122.15038300032933, 37.75334999969129], [-122.15032200022995, 37.75334600023753], [-122.15030600033643, 37.75334500019651], [-122.15027399965105, 37.75334200007334], [-122.15020599987899, 37.75334200007334], [-122.15014200030488, 37.7533539998551], [-122.15008299985536, 37.75336600034513], [-122.14974599957146, 37.75343699965344], [-122.14935599958412, 37.75352000006898], [-122.14930100023085, 37.753535999975746], [-122.14925299965195, 37.75356699974096], [-122.1492209998649, 37.75360899990619], [-122.14916999981129, 37.75372900004391], [-122.14903400026715, 37.7540179998965], [-122.14902500004632, 37.754032000342406], [-122.14901699965041, 37.75404700010691], [-122.1489609995739, 37.754105999814186], [-122.14890200002269, 37.75414300023258], [-122.14884900031923, 37.754168000274476], [-122.14878800021987, 37.75418099995201], [-122.14873200014338, 37.75418300001146], [-122.14866500019622, 37.754202999892755], [-122.14859599970093, 37.75419499965676], [-122.14850100016469, 37.75420099983385], [-122.14844300043836, 37.754214000215796], [-122.14839300020965, 37.75423200003065], [-122.1483339997601, 37.75425399995628], [-122.14821599975933, 37.75430499998461], [-122.14749900043216, 37.754655999769376], [-122.14745400022632, 37.7546790003022], [-122.14714600025475, 37.754838000238564], [-122.14700599961434, 37.754913000344565], [-122.14658600038807, 37.75513800020644], [-122.14644699957262, 37.755214000024104], [-122.14605599976032, 37.755414000068384], [-122.14588099985815, 37.75552299999276], [-122.14576299985738, 37.755604000177854], [-122.14571799965154, 37.75563699980699], [-122.1456509997044, 37.755701999722135], [-122.14558799995521, 37.75578699974353], [-122.14552000018313, 37.75590099986122], [-122.14547099977933, 37.7560019997377], [-122.14540300000728, 37.75608700012465], [-122.14535600015161, 37.75612500026605], [-122.14525999989213, 37.75618999975245], [-122.1451369998685, 37.75624799987968], [-122.14474699988115, 37.75635999999666], [-122.14466400004048, 37.75639299999877], [-122.14447400006968, 37.75655799978866], [-122.14428999994666, 37.75668300009473], [-122.14398799982288, 37.756856999890736], [-122.14387700039312, 37.75691600019801], [-122.1437280004302, 37.75699700027844], [-122.14361399972904, 37.757047999836445], [-122.1434539998955, 37.75710799998162], [-122.14334699976536, 37.75714099965008], [-122.14318100008401, 37.75717699998184], [-122.14314099990104, 37.75718599988449], [-122.1428770003104, 37.75724099997604], [-122.14279899959428, 37.7572579997765], [-122.14208999976472, 37.757416999852076], [-122.14182799982389, 37.75747699969798], [-122.1416739998381, 37.75750599997301], [-122.14161299973877, 37.757517999789584], [-122.14126299993437, 37.75753100029891], [-122.14120799968279, 37.75752499968171], [-122.14105299987209, 37.757510999896795], [-122.14094400009216, 37.75749500013943], [-122.14085500040368, 37.75745999994779], [-122.14066200005982, 37.75735499998387], [-122.14059199973964, 37.757313999801916], [-122.14050899989894, 37.757280000222785], [-122.14046799989107, 37.75726399970517], [-122.1403990002941, 37.757241999964414], [-122.14030100038482, 37.75722400017163], [-122.14019599990452, 37.7572150002736], [-122.14009399979726, 37.75721600026232], [-122.13998400019241, 37.75722600014881], [-122.1398920001309, 37.75725999975281], [-122.13979000002365, 37.757307999877305], [-122.13971800005362, 37.75735100003643], [-122.13935900002842, 37.75760499982208], [-122.13924900042356, 37.75765399970557], [-122.13899300033052, 37.757727999815934], [-122.13889600024615, 37.75776799978719], [-122.13859300029746, 37.75791299976802], [-122.13852200015235, 37.75794099989323], [-122.13845699985501, 37.757961000179094], [-122.138384999885, 37.757969999986365], [-122.13832399978563, 37.75796500009354], [-122.13823400027225, 37.75794799974533], [-122.13815499973123, 37.75791799966435], [-122.13800199957036, 37.75784699968466], [-122.1377880002084, 37.75773099976129], [-122.13765599996395, 37.75767600003404], [-122.13755300003179, 37.757649999774294], [-122.13745299957435, 37.75764099992809], [-122.13706000011227, 37.757634000046934], [-122.13672299982838, 37.75762900013146], [-122.1361479998931, 37.75760599980558], [-122.13593299980798, 37.757587000117674], [-122.1356320004074, 37.75754400009571], [-122.13545999997994, 37.7575069999578], [-122.135090999909, 37.757410999935814], [-122.13486699960303, 37.75733800020565], [-122.13479700018114, 37.7573149997893], [-122.13461499970794, 37.75724799989433], [-122.13433500022376, 37.75713799968085], [-122.13417799986493, 37.75706699966279], [-122.13327700041474, 37.75666100018119], [-122.13315299966786, 37.756611000353345], [-122.13305499975858, 37.75658999970534], [-122.13277600009933, 37.75658399972201], [-122.13272300039587, 37.75658299972474], [-122.13181799984942, 37.75653599983795], [-122.13078400032984, 37.75632999998196], [-122.12975699958463, 37.7561080002052], [-122.12951999975817, 37.75604599995021], [-122.12933800018328, 37.755977000315525], [-122.12929200015255, 37.755954000186286], [-122.1291139998773, 37.75581699997843], [-122.12885199993649, 37.75559900012518], [-122.12866799981347, 37.75545299985776], [-122.12856200040657, 37.75538299965658], [-122.12854399996492, 37.75537200021759], [-122.1284240003143, 37.75530099992513], [-122.12813999973386, 37.75518600028727], [-122.12807600015975, 37.755153999763316], [-122.1280219997331, 37.75511499981632], [-122.12794100044056, 37.75503999991509], [-122.12776300016533, 37.754843000342724], [-122.12737800020085, 37.75446400001452], [-122.12734800006365, 37.75443299991492], [-122.12725799965193, 37.75434000024834], [-122.12722900023792, 37.75430900009679], [-122.12711700008494, 37.75418500007085], [-122.12703599989409, 37.75405899977433], [-122.126523999708, 37.75326000021063], [-122.12635399982871, 37.75299399987442], [-122.12629399955425, 37.75292300014098], [-122.12608400039029, 37.75272800000243], [-122.12606000010081, 37.752708999772054], [-122.12585000003855, 37.75254600002504], [-122.12509799965295, 37.75194399975147], [-122.12507400026182, 37.751925000030056], [-122.12476000044248, 37.751712999742004], [-122.12461700032733, 37.75161900014361], [-122.1246070002816, 37.75161299975714], [-122.12442999983128, 37.75151000014994], [-122.12416399969248, 37.75137799986449], [-122.12413899957815, 37.75136599976226], [-122.12400999970671, 37.75130700000096], [-122.12414100012627, 37.751209000317544], [-122.1237979999946, 37.75069699968707], [-122.12354699992441, 37.75031199964849], [-122.12347599977933, 37.75020299986041], [-122.12327900013582, 37.7498910001399], [-122.12322399988423, 37.74975500015963], [-122.12319499957192, 37.74962900013242], [-122.12313000017292, 37.74947099975007], [-122.12304999980697, 37.74933200013272], [-122.12293799965398, 37.749201000320774], [-122.12280600030782, 37.74909900029583], [-122.12258200000183, 37.74894999968632], [-122.12242399981807, 37.74886599972532], [-122.12229699959649, 37.74875200013306], [-122.12200899971639, 37.74837199975044], [-122.12178199993568, 37.74805400015862], [-122.12160600020857, 37.74781599998105], [-122.12153900026141, 37.74772399992813], [-122.12107200028119, 37.74688399986904], [-122.1209760000217, 37.74671200032142], [-122.12082600023388, 37.74642700017456], [-122.12081600018814, 37.74640399991792], [-122.11597599960818, 37.74864499967689], [-122.11581300029988, 37.74872600028873], [-122.11564099987243, 37.74880700010159], [-122.11550299978018, 37.748871000233], [-122.11548299968867, 37.74868099988084], [-122.11545799957433, 37.7486049997454], [-122.11527500017455, 37.746481000316585], [-122.11531000033463, 37.74639399998945], [-122.11532700005309, 37.74632399974182], [-122.1153289997029, 37.746254000138315], [-122.11531700000735, 37.746159999998305], [-122.11523499999157, 37.74565299996551], [-122.11519300015878, 37.745573999833965], [-122.11504300037096, 37.74385799993277], [-122.11500300018798, 37.74337800024601], [-122.11500099963982, 37.743204000008205], [-122.11498599957125, 37.743010000011935], [-122.11489799970768, 37.74246499967812], [-122.11479700032365, 37.74185299996578], [-122.1147930001257, 37.74107699981507], [-122.11480099962328, 37.740556000330756], [-122.11480399999634, 37.7403289997399], [-122.11479899997349, 37.74022000016639], [-122.11479700032365, 37.7401639999907], [-122.11523400016665, 37.73915300025215], [-122.115223000296, 37.738579000068675], [-122.1151949998086, 37.737159000020775], [-122.1150740003331, 37.736840999849356], [-122.11479800014857, 37.73611800005317], [-122.11509100005154, 37.73527899999165], [-122.1161870003937, 37.73412699996837], [-122.11714300009548, 37.733494000138215], [-122.11737300024926, 37.733284000251665], [-122.11774399997, 37.73294799976266], [-122.11881799967254, 37.73227300033778], [-122.11996400024344, 37.732042000030795], [-122.12022899965902, 37.73198800001192], [-122.12108200032692, 37.73189899975023], [-122.12120600017549, 37.7318120000456], [-122.12123999961236, 37.731748000083265], [-122.12174400030081, 37.730814999791235], [-122.12216600007524, 37.73011400011723], [-122.12223499967219, 37.72999699970383], [-122.12222799999951, 37.72993300030426], [-122.12221299993088, 37.72979499987876], [-122.12216799972502, 37.72938600030431], [-122.12237699996241, 37.729409000164864], [-122.1229259999584, 37.72904500017434], [-122.12446199961833, 37.728587999761054], [-122.12500599959145, 37.7292340001195], [-122.12534500042347, 37.72963600013543], [-122.12545800040138, 37.729760000085236], [-122.12724400030656, 37.72982700000033], [-122.12808299983246, 37.72988199982173], [-122.12885000028665, 37.729929999942534], [-122.12904100008237, 37.72994199996783], [-122.13026499957274, 37.73007200011763], [-122.1305840003133, 37.73010600011918], [-122.13065000043554, 37.73012200011448], [-122.13122700002063, 37.73042699971939], [-122.13158900041887, 37.73089499967776], [-122.13173699965857, 37.73105699987597], [-122.13234500010411, 37.73172599986145], [-122.13194300042119, 37.73190299965253], [-122.13111599969255, 37.732266000188375], [-122.13060299968154, 37.732679000056784], [-122.13049100042687, 37.73277000001915], [-122.1304639997644, 37.732820999933494], [-122.13044500039611, 37.73295200031877], [-122.13042100010668, 37.73312000003432], [-122.13038400029673, 37.73341200030754], [-122.1304019998401, 37.733432999718325], [-122.13042699995445, 37.7334629997797], [-122.13044399967289, 37.73348300028751], [-122.13062299977304, 37.7336939999163], [-122.13099299966888, 37.73362800025526], [-122.13122500037079, 37.733586999715016], [-122.13140299974773, 37.73360599988157], [-122.13202600026187, 37.73367799998236], [-122.13262399976337, 37.73391100005546], [-122.13283399982565, 37.733996000241106], [-122.13340399973804, 37.73409900006786], [-122.13342700020256, 37.73410099995959], [-122.1336759997246, 37.73415100007768], [-122.13443800015592, 37.73430500000186], [-122.13485599973238, 37.73431700002867], [-122.1354700000257, 37.73361200030706], [-122.13570400037742, 37.733200000272355], [-122.13609600001458, 37.73270499985443], [-122.13644699964387, 37.73215300022214], [-122.13669299969116, 37.73186699981356], [-122.13709400044746, 37.73161699969931], [-122.13722699961855, 37.73154499972584], [-122.13748500025973, 37.731437999971455], [-122.13759800023763, 37.731392000082614], [-122.1376540003141, 37.73136900012748], [-122.13803599990553, 37.73105600024424], [-122.13809299980693, 37.73101000011809], [-122.138208000333, 37.73097799979725], [-122.13824000012005, 37.73097599982116], [-122.13831399973989, 37.73097100023591], [-122.1383790000372, 37.73096700028326], [-122.13841400019729, 37.73096500030688], [-122.13848299979428, 37.730961000353894], [-122.13875200030611, 37.73094699980632], [-122.13897700043702, 37.73093200033318], [-122.13904299966094, 37.73117900031757], [-122.13906500030055, 37.73124300006116], [-122.13908799986679, 37.731312000022555], [-122.13916800023271, 37.731593999814066], [-122.13950100031866, 37.73285399977581], [-122.13960800044877, 37.73330799992377], [-122.13967899969556, 37.733596999952844], [-122.13975200038884, 37.733909999751795], [-122.13987799988722, 37.73443599989286], [-122.13988600028314, 37.734470000021936], [-122.13989100030598, 37.7344920001389], [-122.14009399979726, 37.73542899998934], [-122.14020799960008, 37.73590499967466], [-122.14024299976019, 37.736051000146915], [-122.14028899979093, 37.7362369998644], [-122.14037099980669, 37.736461000118474], [-122.14046799989107, 37.73670300022123], [-122.14061199983111, 37.737004000087786], [-122.14070999974041, 37.73718200030859], [-122.14077199966471, 37.7372819999017], [-122.14105899971987, 37.73767200007887], [-122.14113400006293, 37.73776699988368], [-122.14118900031453, 37.73783499990844], [-122.14133300025459, 37.73799800008949], [-122.14141199989727, 37.73807499999792], [-122.1415180002025, 37.738165999721886], [-122.14236500012431, 37.73886599965116], [-122.14302500044839, 37.739386999663736], [-122.14359799983554, 37.73988500012059], [-122.14394699981499, 37.74020899989419], [-122.14404399989938, 37.740306999936664], [-122.14510400025654, 37.74168200029087], [-122.14559399980297, 37.74233900002562], [-122.14571799965154, 37.742479999656275], [-122.14580600041342, 37.742568999985174], [-122.14605099973748, 37.742801999780596], [-122.14652199991568, 37.74249899967161], [-122.14660899995431, 37.74235400002936], [-122.14672100010729, 37.74216999972653], [-122.1468900001617, 37.74193599987748], [-122.14698999972082, 37.74180000019606], [-122.14707599993456, 37.74169500003077], [-122.14733700005044, 37.74138100026481], [-122.14735100029415, 37.74136499986098], [-122.14743599978466, 37.741289000026796], [-122.14745699970106, 37.741269999700805], [-122.1475029997318, 37.741228999840786], [-122.14752100017348, 37.74121600001905], [-122.14754499956459, 37.74120000028993], [-122.14767000013636, 37.74113800033024], [-122.14777200024363, 37.741103999711605], [-122.14790699996283, 37.74106100005591], [-122.14843300039263, 37.7408980002258], [-122.14848000024828, 37.74088800026374], [-122.14855800006609, 37.74087400017256], [-122.14872499957237, 37.740858999868905], [-122.14896200029712, 37.74079600012332], [-122.14901800037362, 37.74077900009257], [-122.14954100043036, 37.74062200020924], [-122.14989399970948, 37.74052099994084], [-122.15018699961242, 37.740439000078695], [-122.15037900013135, 37.740386000006886], [-122.15095700043967, 37.740230000218645], [-122.15114999988519, 37.74017800021622], [-122.15130999971876, 37.74013200007429], [-122.1517900001178, 37.73999700014131], [-122.15195099977628, 37.73995200010893], [-122.1522420000294, 37.73987000032694], [-122.15311700043866, 37.73962799992086], [-122.15340899961839, 37.73954800023496], [-122.15375000010025, 37.73945299987404], [-122.1547760001222, 37.739171000178494], [-122.1550149995985, 37.73910599995018], [-122.15511900025388, 37.73908200002634], [-122.15702399998473, 37.7385479997081], [-122.15814899974092, 37.738228000039605], [-122.1585420001013, 37.7381059998462], [-122.15928400044116, 37.73791300023599], [-122.16007399956327, 37.73769099990748], [-122.16015800012714, 37.7376679997778], [-122.16029000037165, 37.73763399969655], [-122.16036200034165, 37.737619000157196], [-122.16041400022019, 37.73761199980281], [-122.16042900028881, 37.73761100025958], [-122.16050200008374, 37.737606999955204], [-122.16078599976588, 37.737494000325725], [-122.16088799987311, 37.73745400005094], [-122.16129799995194, 37.737269000097236], [-122.16133300011204, 37.737253000225444], [-122.1616240003652, 37.737119000275406], [-122.16190300002445, 37.73699199978606], [-122.16235400011114, 37.736781000320654], [-122.1637080001962, 37.736150000283885], [-122.1641600001078, 37.73594000011581], [-122.16440199995714, 37.73626200027202], [-122.16513099987819, 37.73722800015242], [-122.16536199985686, 37.73753500012323], [-122.16537399955244, 37.73755099993408], [-122.16539299981899, 37.737577999695844], [-122.16541899975829, 37.73761400031007], [-122.16545200026856, 37.737661000138466], [-122.16547200036005, 37.737689000112724], [-122.16552900026146, 37.7377699999279], [-122.16560500042944, 37.737876999767124], [-122.16570300033872, 37.738015000048534], [-122.16576100006505, 37.73809699975407], [-122.16584100043097, 37.73820999988398], [-122.1660819995571, 37.73855099972062], [-122.16616299974795, 37.738665000107375], [-122.1662590000074, 37.73879100033052], [-122.16655000026056, 37.739168999713314], [-122.16664700034492, 37.739294999789024], [-122.16673600003338, 37.73941499969558], [-122.16700299999708, 37.739777000117705], [-122.16709199968554, 37.739898000176076], [-122.16715000031017, 37.73997599975076], [-122.16732400038745, 37.740213000057956], [-122.1673829999387, 37.74029200022851], [-122.16740999970285, 37.74032599979939], [-122.16742300012164, 37.740341999717415], [-122.16749199971862, 37.740431999990975], [-122.16751900038112, 37.74046799992769], [-122.16758799997808, 37.74056399991017], [-122.16779800004038, 37.7408519998209], [-122.16786800036057, 37.74094900022427], [-122.1679129996681, 37.74101300004734], [-122.16805099976037, 37.74120499989486], [-122.16809799961604, 37.741269999700805], [-122.16830000018071, 37.74154399974172], [-122.16831600007424, 37.74156499968748], [-122.16875399974214, 37.74214499989327], [-122.16881499984152, 37.742225999805335], [-122.16900099961437, 37.742468999719925], [-122.16906300043695, 37.74254999998775], [-122.16909199985095, 37.74259200001282], [-122.16918200026264, 37.74272000031429], [-122.16921200039985, 37.74276299971657], [-122.16930299973812, 37.742885000048894], [-122.16956999970182, 37.743245000194946], [-122.16966000011354, 37.74336600026723], [-122.16970399959612, 37.743426000141675], [-122.16983800038876, 37.74360600018345], [-122.16988299969627, 37.743667000035174], [-122.1700030002452, 37.74382799982154], [-122.17036599957004, 37.7443109999208], [-122.17042300036975, 37.74438700020389], [-122.17045699980666, 37.744426000122566], [-122.17048899959369, 37.74447100027642], [-122.170630000059, 37.74441099982843], [-122.17083900029637, 37.744296000313724], [-122.17093100035787, 37.74424599994393]]]}}, {"type": "Feature", "properties": {"neighborhood": "Financial District"}, "geometry": {"type": "Polygon", "coordinates": [[[-122.27127399977695, 37.80436099966931], [-122.27114099970755, 37.8043090000341], [-122.2710520000191, 37.804277000185785], [-122.27101299966104, 37.80426099990156], [-122.27097199965317, 37.804245000323604], [-122.27022500018874, 37.80397500000302], [-122.26996300024794, 37.80388000004978], [-122.26972999972114, 37.80378900024893], [-122.26903099993729, 37.803517000245996], [-122.2687980003088, 37.803427000071416], [-122.26855999975909, 37.80333300019784], [-122.26784699973157, 37.80305300001655], [-122.2676099999051, 37.80295999974688], [-122.26737899992644, 37.802867000069845], [-122.26682400008265, 37.802644000100116], [-122.2666879996402, 37.80258899971122], [-122.26645800038473, 37.802496999653165], [-122.26612199992576, 37.80302100033388], [-122.26566099979331, 37.80373900034963], [-122.26562999983118, 37.80378800018029], [-122.26511299962225, 37.80459400000105], [-122.26477799988648, 37.80511900004959], [-122.26468099980211, 37.80528000021578], [-122.26439299992201, 37.80576300002782], [-122.26429699966255, 37.80592500024924], [-122.26453799968697, 37.806011000064686], [-122.26526199958515, 37.8062709996898], [-122.26544900008122, 37.80633799987622], [-122.26537100026341, 37.806450000062625], [-122.26534000030126, 37.80650100028766], [-122.26530599996607, 37.80655499986132], [-122.26526999998107, 37.80661600031797], [-122.26522800014827, 37.806679000073494], [-122.26518600031548, 37.80674399983249], [-122.26514500030758, 37.80680700018856], [-122.26509599990382, 37.80687900002269], [-122.26504099965221, 37.806960000018385], [-122.26496899968218, 37.80706399977741], [-122.26490099991014, 37.80716400000813], [-122.26483700033603, 37.80726000001706], [-122.26477600023667, 37.807354999880864], [-122.2647140003124, 37.80744900031309], [-122.26465800023587, 37.80753399975535], [-122.26459399976343, 37.807616999775895], [-122.26454199988494, 37.80769600035011], [-122.26449500002927, 37.807764999982965], [-122.2644549998463, 37.807822000093886], [-122.26442399988414, 37.80788700026629], [-122.26415100007267, 37.80777400011547], [-122.26402100037635, 37.80770999985908], [-122.26394400038345, 37.807659999775474], [-122.26387099969018, 37.80760100021526], [-122.2638060002912, 37.80753899984472], [-122.2637500002147, 37.80747600011311], [-122.26356400044185, 37.8072159997623], [-122.2635960002289, 37.80732399995365], [-122.26359899970363, 37.807405000170995], [-122.26360999957429, 37.80748200022509], [-122.26360499955142, 37.80758499994146], [-122.26356299971863, 37.807738000288595], [-122.26334400033382, 37.80835699997419], [-122.26316299968552, 37.80889900023306], [-122.26313400027152, 37.808970000158205], [-122.26303999966188, 37.809306000297454], [-122.26301799992059, 37.80937299985931], [-122.26275699980468, 37.81012599998071], [-122.26249800023689, 37.810846999679946], [-122.26246300007679, 37.81094499981215], [-122.26283299997266, 37.81101200001597], [-122.26338199996864, 37.8111129998376], [-122.26394400038345, 37.81122199997489], [-122.26431500010419, 37.811293999762455], [-122.26542099959379, 37.81146800020121], [-122.2655529998383, 37.81147799984689], [-122.26593199995499, 37.81148199970481], [-122.26654399970016, 37.81150400033869], [-122.2666669997238, 37.811533999966706], [-122.26677100037921, 37.81155299998506], [-122.26683999997616, 37.811445000301376], [-122.26716600038942, 37.810938000009806], [-122.26748699988147, 37.81040800027222], [-122.26773200010385, 37.810048999844796], [-122.26784199970871, 37.8098579998431], [-122.2681739999697, 37.80928699970089], [-122.2682850002978, 37.809096999854034], [-122.26834200019921, 37.80900500009621], [-122.26844900032933, 37.80883500024203], [-122.26894700027171, 37.80805500015207], [-122.26911299995307, 37.807794999710616], [-122.26924900039549, 37.80756999968162], [-122.2696579997511, 37.80689499973976], [-122.26979500001842, 37.806670999837145], [-122.26998499998923, 37.806387000111734], [-122.27019099985355, 37.806080999890014], [-122.27028999958777, 37.80592400020952], [-122.2705249997644, 37.80551599991318], [-122.27069800001678, 37.80522100017357], [-122.27079799957586, 37.80503800016392], [-122.2710029996153, 37.80466799997698], [-122.27113599968467, 37.80451699977473], [-122.27127399977695, 37.80436099966931]]]}}, {"type": "Feature", "properties": {"neighborhood": "Fruitvale"}, "geometry": {"type": "Polygon", "coordinates": [[[-122.21495899999275, 37.77225199965364], [-122.2154560001102, 37.77187899992579], [-122.21562199979155, 37.77175500023913], [-122.21607700007623, 37.771400000032216], [-122.21611300006124, 37.77137200003139], [-122.21615999991691, 37.771337999813255], [-122.21619500007702, 37.77131299989351], [-122.21671300011087, 37.770910999710736], [-122.21679500012664, 37.770847999987396], [-122.2168629998987, 37.77079399987751], [-122.21692399999804, 37.77074800030509], [-122.21706700011319, 37.77063299982862], [-122.21707600033403, 37.77062700027433], [-122.21713999990814, 37.77058499983007], [-122.21733400007689, 37.770443999787105], [-122.21739400035135, 37.77040199994895], [-122.21791099966198, 37.77001199970401], [-122.21810400000581, 37.769867999825586], [-122.21898500026285, 37.76919799965241], [-122.21990300032977, 37.76848099969122], [-122.21993199974376, 37.768460000282836], [-122.2202570003321, 37.768206999975675], [-122.22033699979974, 37.76814300023791], [-122.22043100040938, 37.76808100012851], [-122.2204690000442, 37.76805400013336], [-122.22053599999136, 37.76800699972375], [-122.22060799996139, 37.767959999994346], [-122.22066499986282, 37.767918000165594], [-122.22072299958911, 37.76787499975824], [-122.22083100044246, 37.767795000073306], [-122.22098500042826, 37.767680999822446], [-122.22142100044634, 37.767359000020946], [-122.22154899959453, 37.76725999973398], [-122.22193600010715, 37.76696400006534], [-122.22206499997857, 37.766865999817995], [-122.2224030000874, 37.76660799971976], [-122.22341700041378, 37.765836000160306], [-122.22375600034752, 37.765578999895155], [-122.224249000267, 37.7651320001526], [-122.22438800018419, 37.76501999982402], [-122.22440099970464, 37.76500899968748], [-122.22457499978195, 37.7648500003073], [-122.22490399966992, 37.76456299993995], [-122.2249249995863, 37.76460000009936], [-122.22528799980947, 37.76541799985434], [-122.2257559996146, 37.76596499989319], [-122.22658300034325, 37.76693400009036], [-122.2286499995575, 37.76830599970494], [-122.23001000038863, 37.76889300003227], [-122.2302050003823, 37.76897699997866], [-122.23031400016225, 37.76902399977176], [-122.23045399990433, 37.769084999972414], [-122.23635499976807, 37.77163299993221], [-122.23648799983745, 37.77169599969676], [-122.23656599965524, 37.77173100025285], [-122.23620599980514, 37.772156000307056], [-122.23617200036826, 37.772203000209835], [-122.23603799957564, 37.7723599998346], [-122.23595200026024, 37.77245899968445], [-122.23591100025234, 37.7725129999985], [-122.235878999567, 37.77257799999555], [-122.23586199984855, 37.77264500020576], [-122.23586299967347, 37.772758000125975], [-122.23586699987142, 37.77280099982408], [-122.23591200007726, 37.773264999747525], [-122.23594700023735, 37.773492999897776], [-122.23598499987222, 37.773741000334255], [-122.23600300031386, 37.7738590002384], [-122.23614200023103, 37.77474700022732], [-122.23617700039114, 37.775168000292496], [-122.23621199965292, 37.77557299998336], [-122.23627699995025, 37.7757589997712], [-122.23630100023969, 37.776332000092815], [-122.2363099995622, 37.77652399988749], [-122.23631100028543, 37.776547000010694], [-122.23631600030832, 37.77661900022651], [-122.23631799995812, 37.77664300004617], [-122.23613300001021, 37.77671099984797], [-122.23610899972076, 37.776725000258836], [-122.23605099999443, 37.776759000129864], [-122.23616099959932, 37.776882000221754], [-122.23621699967579, 37.77693499971331], [-122.23631700013323, 37.77705999966328], [-122.2364779997917, 37.77727500030406], [-122.23653600041634, 37.777361000101266], [-122.23657700042423, 37.77745199979425], [-122.23658900011979, 37.77748800018023], [-122.23661400023414, 37.7775650001778], [-122.23662900030274, 37.77764400023026], [-122.23663199977749, 37.77771399995454], [-122.23663400032564, 37.77777500008621], [-122.23662900030274, 37.77796100001408], [-122.23662799957954, 37.77802400006675], [-122.23663400032564, 37.77825899980092], [-122.23675399997623, 37.77906600022805], [-122.23689899974119, 37.77980200016199], [-122.23695099961971, 37.78009499981058], [-122.23702299958973, 37.78039500028534], [-122.2371599998571, 37.780895000264195], [-122.23727200001008, 37.78149899995386], [-122.23730899982, 37.78175800028948], [-122.23742099997301, 37.782134000249854], [-122.2374550003082, 37.78220800000545], [-122.23751700023247, 37.782337999934], [-122.23759800042332, 37.78244600029059], [-122.23765100012676, 37.78251199972081], [-122.23777199960227, 37.78261999982316], [-122.23805100015984, 37.782830999922766], [-122.23843000027654, 37.78305600005174], [-122.23856300034593, 37.78315400013985], [-122.23862699992002, 37.78322699994721], [-122.23868600036958, 37.78332200019154], [-122.23869399986718, 37.783349999926386], [-122.23871300013376, 37.78341900029262], [-122.2387230001795, 37.78351600026632], [-122.23871599960847, 37.783584999767584], [-122.23867999962347, 37.7836749999772], [-122.23861500022447, 37.7837670000466], [-122.23821900038934, 37.783545000270365], [-122.23815099971895, 37.78350700001793], [-122.23773599961727, 37.78326099966756], [-122.23705600010001, 37.78284099989567], [-122.23674300010556, 37.78264900017877], [-122.23666699993761, 37.78260999982031], [-122.23651299995181, 37.782769999703476], [-122.23605299964426, 37.783250000114734], [-122.23595200026024, 37.78335599986819], [-122.23590000038172, 37.783410000032404], [-122.23569100014433, 37.78328300018825], [-122.23515700021696, 37.782961000175476], [-122.23506500015544, 37.782904000049136], [-122.23485799956791, 37.78277599969236], [-122.23444500001435, 37.782533000108074], [-122.23383400009403, 37.78217700017439], [-122.23376200012403, 37.78213000022257], [-122.23370400039771, 37.78209500032964], [-122.23258700013913, 37.78142799989249], [-122.23239299997039, 37.781309000336734], [-122.23148099975124, 37.78076900002878], [-122.23134699985694, 37.78091000026101], [-122.23094400034911, 37.78133300005374], [-122.23081100027972, 37.78147500029075], [-122.23077500029471, 37.78151300016791], [-122.23071900021823, 37.781571000316404], [-122.23063499965431, 37.7816590001121], [-122.23010900012285, 37.78221600005135], [-122.22993500004557, 37.782402000164346], [-122.22978600008267, 37.78255100013099], [-122.22934099984374, 37.78300099998876], [-122.22919400042893, 37.78315200015385], [-122.22893699961269, 37.78342500022881], [-122.22816699968375, 37.78424400008292], [-122.22796099981943, 37.78446399993896], [-122.22793499988016, 37.78449999974981], [-122.2279299998573, 37.78452900007768], [-122.22753700039522, 37.78494999981028], [-122.22679199968232, 37.784510999826516], [-122.22605699991347, 37.785311999659385], [-122.22530700007604, 37.786097999679335], [-122.22545100001608, 37.7861850001676], [-122.22588399966112, 37.78644800020471], [-122.22602900032439, 37.786535999873145], [-122.22617699956409, 37.78661999965256], [-122.2266229996279, 37.78687199983779], [-122.22677199959084, 37.7869570002417], [-122.2269089998582, 37.78703899966176], [-122.22732300013499, 37.78728500021568], [-122.22746100022724, 37.787368000272636], [-122.22774800028242, 37.78753700026302], [-122.22861199992269, 37.78804400004494], [-122.22890099962768, 37.78821299990918], [-122.22966600043205, 37.788676999645276], [-122.22977000018913, 37.7887410000657], [-122.2306630001417, 37.78928699980124], [-122.23091400021188, 37.789440999980144], [-122.23076199987592, 37.78959499983815], [-122.23036299966773, 37.7900249999828], [-122.23020100018435, 37.79017299994569], [-122.23012900021435, 37.79022200025663], [-122.22991999997697, 37.79033200024228], [-122.22929399998807, 37.790660999680306], [-122.22908599957562, 37.790771999967156], [-122.2290010000851, 37.79082099988088], [-122.22893499996286, 37.79087100000564], [-122.22890499982563, 37.79089399992388], [-122.22874300034225, 37.791053000088766], [-122.22854599980045, 37.79124799998465], [-122.2284179997539, 37.79137599986588], [-122.2283960000126, 37.791396999864034], [-122.22832999989038, 37.791459999822656], [-122.22830800014908, 37.79148099979695], [-122.22825700009545, 37.791531999709676], [-122.22816900023189, 37.79162299970309], [-122.22778199971928, 37.79202299967132], [-122.22775599978002, 37.792050999659004], [-122.22769499968065, 37.79211900019333], [-122.2276269999086, 37.792201999789874], [-122.22743600011286, 37.792467999664694], [-122.22686200000251, 37.793268999855485], [-122.22677199959084, 37.793396999784946], [-122.22671800006249, 37.793481999781925], [-122.2266849995522, 37.7935450000924], [-122.22654099961217, 37.79352299978725], [-122.22647299984008, 37.79351200034212], [-122.22637800030387, 37.79349800027152], [-122.22625799975494, 37.793473000037395], [-122.2261210003859, 37.79341699970953], [-122.2260939997234, 37.79340600024857], [-122.22599099979125, 37.79335399999973], [-122.22587799981335, 37.79329000002551], [-122.22553999970451, 37.7931000001968], [-122.22542799955153, 37.79303700021676], [-122.22515300009024, 37.792886999879016], [-122.2243320001077, 37.79243999983503], [-122.22405799957299, 37.79229099992931], [-122.22400300021972, 37.79226000006835], [-122.22383800036329, 37.79216799992362], [-122.2237839999366, 37.79213800023749], [-122.22368799967711, 37.792087000033206], [-122.22339999979704, 37.79193399991896], [-122.2233050002608, 37.7918830002837], [-122.22317700021429, 37.79181299978055], [-122.22279399989964, 37.79160599999367], [-122.22266699967804, 37.79153799969711], [-122.22260300010393, 37.79150300000025], [-122.222410999585, 37.791401000099604], [-122.2223479998358, 37.79136699986481], [-122.2222420004289, 37.791309999832784], [-122.22214699999435, 37.79125899976682], [-122.22192600006143, 37.79113999971271], [-122.22182099958114, 37.79108399974623], [-122.2217720000756, 37.79105499986097], [-122.22169400025781, 37.791010999890936], [-122.2216230001127, 37.790974000170166], [-122.22157299988402, 37.7909489997919], [-122.2214540000583, 37.790887999884156], [-122.22134299973024, 37.790845000058574], [-122.22127800033121, 37.79082899970436], [-122.22034900039361, 37.79060099978194], [-122.22024599956315, 37.79057599998738], [-122.22008900010262, 37.7905400002968], [-122.21999500039126, 37.79051600002004], [-122.22005499976743, 37.79038500002849], [-122.22023700024063, 37.78999399988105], [-122.2202990001649, 37.78986399993114], [-122.22034099999769, 37.78975200015125], [-122.2204690000442, 37.78941800031956], [-122.22051199970191, 37.78930700012843], [-122.22056899960333, 37.78916500003088], [-122.22074100003077, 37.78873999979333], [-122.22079899975712, 37.78859900030035], [-122.2208130000008, 37.78856099980695], [-122.22085599965851, 37.78844700033919], [-122.22087099972713, 37.78841000004441], [-122.2209259999787, 37.788272000048025], [-122.2210940002082, 37.78785999979107], [-122.2211500002847, 37.787722999763645], [-122.2211579997823, 37.78769799970534], [-122.22118399972156, 37.78762300018954], [-122.22119299994239, 37.78759899967529], [-122.22123999979807, 37.787476999957825], [-122.22138299991319, 37.78711100030688], [-122.22143099959376, 37.78699000007984], [-122.22144200036274, 37.78695799982826], [-122.22147900017266, 37.786864000295864], [-122.22149099986822, 37.7868330002879], [-122.22153400042424, 37.78672800014143], [-122.22166599977041, 37.78641300022677], [-122.22171000015133, 37.78630899978883], [-122.22176399967968, 37.78616999982141], [-122.22192699988634, 37.785757000311676], [-122.22198200013791, 37.785619000330605], [-122.22199700020651, 37.78558000011949], [-122.2220449998871, 37.78546399967937], [-122.22206199960553, 37.7854259997037], [-122.22209900031376, 37.78532799978833], [-122.22221099956846, 37.785035000295004], [-122.22224900010161, 37.78493800018504], [-122.22234399963783, 37.784700000114924], [-122.22263200041625, 37.78398600027588], [-122.22272899960231, 37.78374900031989], [-122.22252199991308, 37.78368400020514], [-122.22190199977196, 37.78348900022789], [-122.22169599990765, 37.78342500022881], [-122.2216149997168, 37.783396999812396], [-122.22137299986744, 37.78331400026536], [-122.22129300039984, 37.78328700015314], [-122.2211650003533, 37.78324200018075], [-122.22078299986356, 37.78310700009932], [-122.22065599964195, 37.7830620000174], [-122.22032199973113, 37.78294500024409], [-122.220214999601, 37.78291900034819], [-122.2201290002856, 37.78288699975381], [-122.2198279999867, 37.78274799974012], [-122.21966200030538, 37.78266100017565], [-122.21939699999149, 37.78252199973693], [-122.2193219996484, 37.782475999651666], [-122.21929099968627, 37.782446999938166], [-122.21923799998282, 37.782406000176906], [-122.219192999777, 37.782362999675605], [-122.21914699974623, 37.78229199973423], [-122.2191300000278, 37.782250000236765], [-122.21911499995917, 37.78222000007397], [-122.21909999989057, 37.78219999995868], [-122.21904100033936, 37.782248999876536], [-122.21887700030781, 37.782410000189245], [-122.21882299988113, 37.78246400033469], [-122.21874500006334, 37.782541000118805], [-122.21867899994109, 37.78260700017418], [-122.21851699955937, 37.782777000045456], [-122.21844200011462, 37.78285699984957], [-122.21833900018247, 37.78296500015779], [-122.21826999968717, 37.78303099983455], [-122.21774099978266, 37.78354199995221], [-122.21756500005556, 37.783713000143216], [-122.21741600009265, 37.783824000217365], [-122.21728700022123, 37.7839209996596], [-122.21695300031038, 37.78413099997007], [-122.21679699977645, 37.78422999967625], [-122.21656099977491, 37.78437299964873], [-122.21626100019924, 37.784557999684196], [-122.21585100012044, 37.78479699982739], [-122.21561400029397, 37.7849369998612], [-122.21527100016229, 37.785099000319846], [-122.21517599972773, 37.78515699978419], [-122.21510499958262, 37.78520200001048], [-122.21488899967255, 37.78532700017973], [-122.21479400013631, 37.78538399985731], [-122.21475300012844, 37.78541000030593], [-122.21462900027987, 37.78548899978348], [-122.2145890000969, 37.78551599980128], [-122.2144769999439, 37.78558000011949], [-122.21425400036114, 37.78570999979658], [-122.21414100038324, 37.78577099971918], [-122.21402800040534, 37.78583400021482], [-122.21399800026809, 37.78585099983227], [-122.21391100022946, 37.7859009997702], [-122.21388299974205, 37.78591899968281], [-122.213743, 37.785999999945176], [-122.21332299987542, 37.786241999893335], [-122.21318399995825, 37.786324000106745], [-122.21307199980527, 37.78639200023202], [-122.21273500041966, 37.78659600023241], [-122.2126240000916, 37.78666499969796], [-122.21249400039525, 37.78673899988652], [-122.21210699988264, 37.7869640001871], [-122.21197800001121, 37.787039999957145], [-122.21171500024548, 37.786804000154135], [-122.21129599994582, 37.7864270002199], [-122.21093299972266, 37.78609000005363], [-122.2106749999798, 37.78585000023069], [-122.21048599983392, 37.78568299984971], [-122.20992000011948, 37.78518500024373], [-122.20973199979849, 37.78501900010268], [-122.20959500042946, 37.78489400012241], [-122.2091839996274, 37.78452199990165], [-122.20908800026626, 37.78443599991623], [-122.2090489999082, 37.784396999790744], [-122.2092110002899, 37.784281999956434], [-122.20970000001147, 37.78393799971708], [-122.20986300021808, 37.783824000217365], [-122.21002899989944, 37.78370300028825], [-122.21053000021485, 37.78334099965778], [-122.21069699972112, 37.78322099999499], [-122.21114199996005, 37.78290699968321], [-122.21248099997645, 37.78196499997368], [-122.21292700004031, 37.781651999664234], [-122.21336300005837, 37.781347999961675], [-122.2146739995874, 37.78043900018632], [-122.2151110003287, 37.78013600014372], [-122.21527000033737, 37.78002599989126], [-122.21575099966302, 37.77969600028173], [-122.21591100039487, 37.77958699977076], [-122.21606100018269, 37.77947700012134], [-122.21651399991924, 37.77914700019086], [-122.21666500043028, 37.779038000290385], [-122.21654200040665, 37.77892099982753], [-122.2161730003357, 37.7785689997578], [-122.21605000031205, 37.77845299967421], [-122.21590999967165, 37.778328999652885], [-122.21549299992013, 37.77795699976098], [-122.21535400000296, 37.77783300032772], [-122.21523199980423, 37.777728999886826], [-122.21486899958107, 37.77741999967307], [-122.21474800010557, 37.77731699978817], [-122.21471999961814, 37.77728899989807], [-122.21463599995256, 37.77720800002943], [-122.21460900018837, 37.77718099981684], [-122.21445900040055, 37.77704899989771], [-122.21400800031385, 37.77665300014625], [-122.21385900035092, 37.77652099999439], [-122.21372499955831, 37.77640099991006], [-122.21332600024847, 37.77604200035248], [-122.21319300017906, 37.77592299993644], [-122.2131460003234, 37.77587600026834], [-122.21300700040624, 37.7757360001129], [-122.21296100037547, 37.77569000006481], [-122.21283400015388, 37.775588000350055], [-122.21271600015311, 37.775487000236275], [-122.21199100043, 37.77486599969609], [-122.21190799969102, 37.77479499965425], [-122.21181200032986, 37.774728999724154], [-122.21173399961374, 37.77468100025443], [-122.21179899991107, 37.77462499988696], [-122.2118859999497, 37.7745570002966], [-122.21235100028011, 37.774199000064506], [-122.2125060000908, 37.774080000232225], [-122.21259700032739, 37.77400999990725], [-122.2128709999638, 37.77380299995838], [-122.21296300002531, 37.77373399984661], [-122.21307099998035, 37.77365400010982], [-122.21339599967034, 37.773418000168874], [-122.2135050003486, 37.77333899986091], [-122.21376200026656, 37.77314599983205], [-122.21453600039345, 37.772568000054314], [-122.21479400013631, 37.77237599992692], [-122.21491100031218, 37.772289000226515], [-122.21495899999275, 37.77225199965364]]]}}, {"type": "Feature", "properties": {"neighborhood": "Glenview"}, "geometry": {"type": "Polygon", "coordinates": [[[-122.2242619997875, 37.799825000156886], [-122.2243050003435, 37.799751999710764], [-122.22431700003905, 37.79973300020509], [-122.22435999969677, 37.79963899988908], [-122.22447799969757, 37.79929699970849], [-122.22456800010923, 37.79901000032953], [-122.22464699975197, 37.798759999934546], [-122.2246969999807, 37.79862200010367], [-122.2247139996991, 37.798577000241984], [-122.22484400029379, 37.79830799992903], [-122.22489299979925, 37.79822699967196], [-122.22493499963205, 37.798171000108276], [-122.22498499986077, 37.79811700008319], [-122.22518099967932, 37.7979230000093], [-122.22525299964936, 37.79783999974152], [-122.22531100027399, 37.79776099998159], [-122.22536200032764, 37.79767599993892], [-122.22539900013756, 37.797599999751064], [-122.22543299957442, 37.797510000174746], [-122.2256579997053, 37.79679499972369], [-122.22577300023134, 37.79643499967688], [-122.22583400033072, 37.79623800035196], [-122.22601699973052, 37.79564999976167], [-122.22607899965479, 37.79545399994466], [-122.22613899992926, 37.79525800031741], [-122.22632300005228, 37.79467099992765], [-122.22638499997655, 37.79447599983762], [-122.2264440004261, 37.79428900010141], [-122.22657400012243, 37.793889000333216], [-122.22661900032827, 37.793728000182575], [-122.22664100006959, 37.79365099998654], [-122.2266849995522, 37.7935450000924], [-122.226769999941, 37.793559000154104], [-122.2269089998582, 37.79358099973866], [-122.22758099987782, 37.7936930001034], [-122.2278050001838, 37.793731000087185], [-122.22797199969008, 37.79375699972859], [-122.22802399956862, 37.79376499994402], [-122.22823500035413, 37.79380100019294], [-122.22830700032416, 37.79382600031603], [-122.22841000025633, 37.79387199972542], [-122.22860199987691, 37.79397900006169], [-122.22863899968685, 37.794001000231056], [-122.22883100020579, 37.794114000158736], [-122.22902799984927, 37.79423200019402], [-122.22951999994389, 37.79452800000658], [-122.22962000040131, 37.794588000265335], [-122.2298170000448, 37.79470799992671], [-122.22988900001484, 37.79475199982469], [-122.2302310003216, 37.794956999649294], [-122.23147599972835, 37.79570299999233], [-122.23189199965495, 37.79595199991061], [-122.23175199991289, 37.796101999704305], [-122.23133500016135, 37.79655099993088], [-122.2311960002442, 37.79670200009262], [-122.23067400001236, 37.797264999747256], [-122.23062600033178, 37.79731800023892], [-122.23059700001949, 37.797360999846404], [-122.23060000039251, 37.79747599991193], [-122.23196199997517, 37.79700699997163], [-122.23300399989067, 37.79663499968288], [-122.23312299971636, 37.79659100019651], [-122.23317399976996, 37.79669099970109], [-122.23321399995294, 37.7967429997307], [-122.23386000003333, 37.797129999729435], [-122.23602400023027, 37.798407999948694], [-122.23555999972477, 37.79899499974763], [-122.23552600028788, 37.799036999665695], [-122.23542699965536, 37.799165000248856], [-122.23539400004341, 37.79920800020088], [-122.23528100006551, 37.799358999900264], [-122.23522900018698, 37.799418999784415], [-122.2348860000553, 37.79969599988359], [-122.23482400013103, 37.79974300002028], [-122.23466900032031, 37.799863999947576], [-122.23467900036607, 37.799826999691646], [-122.23379100043636, 37.80053900026964], [-122.23336100026603, 37.80088999993004], [-122.23308199970846, 37.8011089998074], [-122.2323519999625, 37.80168300030368], [-122.23160899979774, 37.802263999803614], [-122.23152000010927, 37.802331000076286], [-122.23133099996339, 37.80247800014383], [-122.23125700034356, 37.80253600016239], [-122.23123300005412, 37.8025559997422], [-122.23117000030493, 37.80260499964792], [-122.23160200012506, 37.8029750002333], [-122.23178299987502, 37.803130000349704], [-122.23278499960755, 37.80392600029642], [-122.2329360001186, 37.804040000012684], [-122.23328900029603, 37.80430799997251], [-122.23339700025106, 37.804374999810506], [-122.23361900000889, 37.804534000062034], [-122.2339989999505, 37.80479099975374], [-122.23404099978329, 37.80481999992517], [-122.23424699964762, 37.804946999660636], [-122.2346390001831, 37.805191000109964], [-122.23500200040625, 37.8053919998775], [-122.23519999987467, 37.80550900030595], [-122.2354159997847, 37.80562399975174], [-122.23578599968057, 37.80580799977014], [-122.2359129999022, 37.80586800009359], [-122.236575999701, 37.80618100003238], [-122.23667799980825, 37.806225000194075], [-122.23670799994548, 37.80623799994645], [-122.23698400013001, 37.80636099994735], [-122.23708600023723, 37.80640700006818], [-122.23721500010868, 37.8064649998402], [-122.23760500009602, 37.80663900030252], [-122.23773499979235, 37.806697999921575], [-122.23838400024579, 37.806998000274916], [-122.23961899960683, 37.807568999664184], [-122.24021299980866, 37.80784499970282], [-122.24033300035757, 37.807897999700195], [-122.24046700025187, 37.80795899975721], [-122.24099000030861, 37.808183000011255], [-122.2410530000578, 37.808208000235105], [-122.24124300002858, 37.80828500016164], [-122.24130699960268, 37.80831099964861], [-122.2419819999954, 37.80855200032646], [-122.2463970004279, 37.809804999833105], [-122.24650399965972, 37.80984100007168], [-122.2462359998711, 37.81002800018092], [-122.24617099957378, 37.810066000278056], [-122.24606599999177, 37.81011300020305], [-122.24565599991298, 37.81025799972274], [-122.24503800032, 37.8104649997624], [-122.24484699962598, 37.81053299966937], [-122.24388199970338, 37.81086199998381], [-122.24357000043214, 37.810968999839204], [-122.24328900022475, 37.8110550001677], [-122.24317500042193, 37.811093999706], [-122.24303300013172, 37.81114400030318], [-122.24290099988723, 37.81119899999837], [-122.24284300016093, 37.811229999718186], [-122.24273900040384, 37.81128799996027], [-122.24264700034234, 37.81134400022419], [-122.24253900038731, 37.81141100006594], [-122.24236899960967, 37.81151000012336], [-122.24227599972326, 37.81156500025558], [-122.24208699957738, 37.81173700013378], [-122.24110099973836, 37.81275999998101], [-122.24086200026208, 37.8129949999585], [-122.24077299967531, 37.81306900003209], [-122.24061799986461, 37.813182999827724], [-122.24049400001606, 37.81326499994538], [-122.24012400012019, 37.81351300033551], [-122.24000100009654, 37.813596000022464], [-122.23985399978345, 37.81369400005432], [-122.23941600011555, 37.813989999939935], [-122.23926999962735, 37.81408900008763], [-122.23922000029695, 37.81412600029508], [-122.23914199958082, 37.8141870001747], [-122.23907499963369, 37.814240999805016], [-122.23902799977802, 37.81428099971603], [-122.23887899981511, 37.81440800021227], [-122.23884100018027, 37.81444199977725], [-122.2384550003909, 37.81481600034507], [-122.2383149997505, 37.81495299980573], [-122.23827999959042, 37.81498599991236], [-122.23817800038147, 37.81508400022808], [-122.23814400004628, 37.81511800019136], [-122.23810899988617, 37.815100000296205], [-122.23807399972608, 37.815075000276906], [-122.23796099974815, 37.815002000001726], [-122.23773899999033, 37.81486100024778], [-122.23764399955574, 37.81481299987749], [-122.23756599973797, 37.81478300016244], [-122.23746500035394, 37.81475299972559], [-122.23737699959206, 37.81473199998025], [-122.2371670004281, 37.814684000235765], [-122.23691700018284, 37.814641999990236], [-122.23634700027046, 37.814517999666506], [-122.23604900034462, 37.81445400028788], [-122.23582699968844, 37.81443399967229], [-122.23561400015146, 37.814437000155266], [-122.2346810000159, 37.81450499995245], [-122.23433700005928, 37.81453599970355], [-122.23389299964528, 37.81457500024182], [-122.23385099981249, 37.814577000086864], [-122.23372299976596, 37.81458700002115], [-122.23343499988587, 37.81460100035265], [-122.23333699997661, 37.814599999720755], [-122.23324900011305, 37.81459300026493], [-122.23311799969349, 37.81457199976439], [-122.23301999978419, 37.81454900012177], [-122.23281700029291, 37.814506999799434], [-122.23223099958867, 37.81438599973406], [-122.2322110003955, 37.814381000108334], [-122.23201200020388, 37.81432999964838], [-122.23202700027248, 37.81443399967229], [-122.23206499990734, 37.81453100008794], [-122.2321329996794, 37.814659999997005], [-122.2321400002504, 37.81467199976252], [-122.23225200040338, 37.814870000224985], [-122.23238999959733, 37.81512800005232], [-122.23259800000979, 37.81554399973988], [-122.23265800028425, 37.81565099990654], [-122.23283800020931, 37.81597399999296], [-122.23286999999637, 37.81605100033665], [-122.23290299960834, 37.81608699965878], [-122.23300100041592, 37.816114999750155], [-122.23341300014457, 37.81613499991034], [-122.23329599996872, 37.816492000048186], [-122.2331629998993, 37.816438999832684], [-122.23310900037096, 37.81643600014073], [-122.23306599981493, 37.816423999952285], [-122.23287199964618, 37.81636999978973], [-122.2328030000492, 37.816349999693216], [-122.23277299991196, 37.816341999795064], [-122.23267800037571, 37.816313999789735], [-122.23259700018487, 37.81629000008089], [-122.23256100019987, 37.816279999667614], [-122.23240100036631, 37.81623100031987], [-122.23229199968803, 37.816198000060105], [-122.23224499983237, 37.81619399974807], [-122.23222200026616, 37.81618499993222], [-122.23220100034976, 37.816183000130685], [-122.23215100012105, 37.816185999832975], [-122.23207300030326, 37.816155999966256], [-122.23205999988444, 37.816153000262744], [-122.23181999968494, 37.81609099997661], [-122.23126900003912, 37.81597499989657], [-122.23081200010463, 37.81590500022505], [-122.23072000004314, 37.815884000097725], [-122.23035599999506, 37.81579599990485], [-122.23028700039809, 37.81578099989374], [-122.2300560004194, 37.815732000214794], [-122.22973599985396, 37.81564599965681], [-122.22949599965443, 37.815597999796914], [-122.22934199966866, 37.81556900031002], [-122.22917500016239, 37.81553800028301], [-122.22895300040453, 37.815486999912714], [-122.22865200010564, 37.81541900031043], [-122.2285569996711, 37.81539199986651], [-122.22842600014982, 37.81535399967187], [-122.2281349998967, 37.815286999859936], [-122.22783000029818, 37.81521700024573], [-122.22777699969642, 37.815243000130465], [-122.2277180001452, 37.815189999727934], [-122.22743100009002, 37.815120999936866], [-122.22722100002771, 37.815070999904016], [-122.22710899987473, 37.81504499995871], [-122.22598800031652, 37.8147820002427], [-122.22523400028109, 37.814605000041325], [-122.22504500013521, 37.81456199982813], [-122.22464599992705, 37.81446700001092], [-122.22464599992705, 37.81440900013709], [-122.2244040000777, 37.81440800021227], [-122.2244030002528, 37.81435399999447], [-122.22425400028989, 37.81435200014334], [-122.22418099959663, 37.81435100021775], [-122.22401099971732, 37.814350000292144], [-122.22379700035542, 37.81429999973712], [-122.22379499980725, 37.81426500018004], [-122.223544999562, 37.8142019998], [-122.22353200004153, 37.81419900001715], [-122.2233129997584, 37.814143999718034], [-122.22322200042011, 37.81412199987078], [-122.2231649996204, 37.814108000158114], [-122.22265400015755, 37.813980999855445], [-122.2216640001206, 37.81372899988209], [-122.22171400034931, 37.81366900026853], [-122.22160899986902, 37.81370100030507], [-122.22115600013248, 37.813598999829864], [-122.22099299992587, 37.81354800024908], [-122.22080799997794, 37.81350700000395], [-122.22062700022795, 37.81346599973605], [-122.22043300005919, 37.81343899999725], [-122.22021100030136, 37.813406999847146], [-122.21988499988812, 37.81333300011234], [-122.21932900021943, 37.813206999836936], [-122.2187090000783, 37.81306600020315], [-122.21812099972426, 37.812939000237066], [-122.21807300004367, 37.813017000141535], [-122.2180179997921, 37.812995999902405], [-122.21806399982286, 37.812919999865734], [-122.21793499995141, 37.81289100003654], [-122.21785999960835, 37.812824000118454], [-122.21775300037655, 37.81283500023628], [-122.21771099964545, 37.81283900002067], [-122.21718500011399, 37.812719999955675], [-122.2167659998143, 37.81262499989728], [-122.21626600022212, 37.81251199990026], [-122.21593200031126, 37.81243600007506], [-122.21573399994456, 37.81239100011365], [-122.21517400007791, 37.812275999851124], [-122.2150679997727, 37.81223700022745], [-122.21497599971119, 37.81237899997739], [-122.2149339998784, 37.812439999881036], [-122.21484199981687, 37.8125429997785], [-122.21479300031139, 37.81258900030639], [-122.21475200030352, 37.81263200024939], [-122.21470799992257, 37.8126640000257], [-122.21467699996043, 37.81268800020363], [-122.21458400007403, 37.812640999788684], [-122.21451700012689, 37.812617000305124], [-122.21440599979881, 37.81257700020231], [-122.21407199988796, 37.81247199974055], [-122.21397099960562, 37.81243700002659], [-122.21388500029022, 37.81240700005577], [-122.21365599996133, 37.812314000210726], [-122.21360099970975, 37.812291999818164], [-122.21338300014986, 37.81218199988612], [-122.21359900005993, 37.81194700015973], [-122.21375800006858, 37.81169500034075], [-122.21402800040534, 37.81122199997489], [-122.21414600040613, 37.81102399966474], [-122.21432600033114, 37.81073899967329], [-122.21438099968444, 37.81064499988058], [-122.21448500033983, 37.8105629996919], [-122.21458200042419, 37.810501999656914], [-122.21476900002195, 37.810409000251205], [-122.21481900025066, 37.81036199980489], [-122.21490799993913, 37.81027700006945], [-122.2150109998713, 37.81015100025644], [-122.21508700003928, 37.81003000014918], [-122.21517699955265, 37.80985399989727], [-122.21530200012442, 37.80959000015219], [-122.21546100013309, 37.809222000051086], [-122.21557199956284, 37.80893100020778], [-122.21564100005813, 37.808595999785176], [-122.2157309995715, 37.80801299968415], [-122.21577199957937, 37.80772800013642], [-122.21579300039409, 37.80754099988039], [-122.21579300039409, 37.80746099983114], [-122.21579300039409, 37.80734300034558], [-122.21577199957937, 37.807150999709016], [-122.21571700022614, 37.80692499982085], [-122.21568899973872, 37.80671699976482], [-122.21571600040122, 37.80651900014993], [-122.21570299998243, 37.80632100000418], [-122.21571600040122, 37.806150999649], [-122.21573700031762, 37.806035000275884], [-122.21579900024189, 37.80595299993604], [-122.21584799974735, 37.8058269998423], [-122.21588200008257, 37.80570000020061], [-122.21587500040988, 37.805606999715344], [-122.21582000015827, 37.8053919998775], [-122.21592399991536, 37.80521099968054], [-122.21601500015196, 37.80513500014797], [-122.2161659997647, 37.80500800002598], [-122.21642199985774, 37.8047110002742], [-122.21645700001783, 37.804650999720515], [-122.2165120002694, 37.8043920001305], [-122.21654599970628, 37.80405200008467], [-122.21658800043741, 37.80388699981141], [-122.21672599963135, 37.80360099988408], [-122.21679900032458, 37.8035209998253], [-122.21685100020312, 37.80346399994351], [-122.2169409997165, 37.80333200012302], [-122.21698900029538, 37.80324900025494], [-122.21703799980087, 37.80311800012791], [-122.21704399964865, 37.803099000068535], [-122.21714900012896, 37.80278800000799], [-122.21721799972593, 37.80263999976347], [-122.2173840003056, 37.80236500023382], [-122.21748100038998, 37.80226000015618], [-122.21759799966755, 37.8020899996802], [-122.21768399988126, 37.80178999997341], [-122.21769499975191, 37.80175500016482], [-122.2177779995926, 37.80151899980585], [-122.21783399966908, 37.80141399994514], [-122.2178839998978, 37.80134399995504], [-122.21794400017225, 37.801259999879406], [-122.21795699969273, 37.801245999857485], [-122.21808300008942, 37.801122999855274], [-122.2181929996943, 37.80099100010975], [-122.21820100009022, 37.80097200021295], [-122.21822600020455, 37.800915999891124], [-122.21824200009809, 37.800880999668394], [-122.21824799994587, 37.80085900012831], [-122.21806899984571, 37.800814000209776], [-122.21749800010842, 37.80067399973581], [-122.21731099961237, 37.80062899970456], [-122.21722600012185, 37.80060900031283], [-122.21708999967943, 37.800570000205674], [-122.21673900005014, 37.800470999677444], [-122.21643600010142, 37.8003690000914], [-122.21629100033647, 37.80032000012191], [-122.21622100001628, 37.80029399995102], [-122.21628999961324, 37.80007499978666], [-122.21641400036012, 37.79968700018622], [-122.21650700024654, 37.799423999713426], [-122.21658400023944, 37.79920900033153], [-122.21662699989716, 37.799112999794666], [-122.2166729999279, 37.79901300001966], [-122.21674099969995, 37.79887600008677], [-122.21675999996653, 37.79882799997245], [-122.21678400025598, 37.79876999988146], [-122.21680400034745, 37.79873299978737], [-122.21681199984506, 37.79871699972174], [-122.21683799978433, 37.79866900021394], [-122.21684700000517, 37.79865400027262], [-122.21686399972361, 37.79859999989078], [-122.21687299994443, 37.79857600010278], [-122.21689399986083, 37.79853299978285], [-122.21694400008954, 37.79845100034139], [-122.21697400022676, 37.79840400009246], [-122.21706200009034, 37.798422999939916], [-122.2171669996723, 37.798442999923566], [-122.21729700026697, 37.79847600031058], [-122.21825899981651, 37.79872199969822], [-122.21829999982441, 37.79873299978737], [-122.21858100003179, 37.79880300012239], [-122.21902799992057, 37.79891300010922], [-122.21965700028248, 37.79906999978734], [-122.22032900030213, 37.79922699984159], [-122.22037199995985, 37.79923600030478], [-122.22082300004654, 37.79933199997197], [-122.22085400000867, 37.79933800003578], [-122.22094900044323, 37.79935600022417], [-122.22098100023028, 37.799362000286045], [-122.22136299982171, 37.79943200002499], [-122.22187099980982, 37.799527000020944], [-122.22250799966938, 37.79964800030212], [-122.22289000015911, 37.799722000264914], [-122.22309600002345, 37.79976200023315], [-122.22314600025216, 37.799772000044356], [-122.22391399963293, 37.79992500025231], [-122.22416999972597, 37.79997700013482], [-122.22420099968812, 37.79992599966344], [-122.2242619997875, 37.799825000156886]]]}}, {"type": "Feature", "properties": {"neighborhood": "Golden Gate"}, "geometry": {"type": "Polygon", "coordinates": [[[-122.27625699957373, 37.83684799972791], [-122.27637999959738, 37.83692999980461], [-122.27656000042073, 37.83689700028652], [-122.27679399987414, 37.8368529999601], [-122.27694000036234, 37.83686999989584], [-122.27711500026452, 37.837002999675065], [-122.27713500035601, 37.837076999800395], [-122.2774089999924, 37.83702899968919], [-122.27806199974545, 37.83691000031338], [-122.27807000014137, 37.83692700023597], [-122.27811100014927, 37.836933000082546], [-122.27814799995919, 37.836944999774154], [-122.27818700031725, 37.836964000346065], [-122.27820999988346, 37.83698500015103], [-122.27823199962478, 37.83700099972814], [-122.27824400021868, 37.83702000028563], [-122.2783119999907, 37.83706900002052], [-122.27838399996074, 37.83711300021803], [-122.27843800038742, 37.83713099971084], [-122.27852600025096, 37.83716700010212], [-122.27854600034246, 37.83717499987137], [-122.2785920003732, 37.83718999979109], [-122.27862499998517, 37.83720000020889], [-122.27865000009952, 37.837206999649155], [-122.27867799968863, 37.83722099994667], [-122.27871000037398, 37.83723199997583], [-122.27873600031326, 37.83723399991644], [-122.27877899997095, 37.83723900012252], [-122.27881599978087, 37.837241000062996], [-122.27895300004822, 37.83723300030085], [-122.27893899980451, 37.83717800013933], [-122.27896300009397, 37.83718000008145], [-122.27929399963178, 37.83711999966661], [-122.2794099999827, 37.83710200017113], [-122.27954700025006, 37.83707499985554], [-122.27992800001655, 37.837005999950016], [-122.28030799995817, 37.83693800030897], [-122.28109799997858, 37.83679100003619], [-122.28133099960708, 37.83675199988565], [-122.28142500021671, 37.83673600025454], [-122.28152499977585, 37.836719000287935], [-122.28164899962442, 37.836691999832155], [-122.28170999972377, 37.83688400025731], [-122.28171999976954, 37.83691699978122], [-122.28177500002111, 37.83710900033016], [-122.28180699980814, 37.8372060000332], [-122.28196300034207, 37.837180999697765], [-122.28202400044145, 37.837169999660944], [-122.28213099967324, 37.83715200017772], [-122.2840000003174, 37.8368029997509], [-122.28442899976449, 37.836723999819455], [-122.28449099968878, 37.83671499966922], [-122.28461100023769, 37.83709600033831], [-122.28470999997191, 37.837393999957555], [-122.28479799983543, 37.83768299975968], [-122.28491500001131, 37.83803099996547], [-122.28501200009569, 37.83800999974888], [-122.28505300010356, 37.83813800016559], [-122.2851240002487, 37.838362999960765], [-122.28546300018239, 37.83942400027383], [-122.28557600016029, 37.83977799968481], [-122.2856039997494, 37.83987099968715], [-122.28568999996311, 37.84015299984696], [-122.28569800035903, 37.84017900016966], [-122.28572099992525, 37.84024699966067], [-122.28583499972807, 37.8405969996795], [-122.28617899968465, 37.841649999788714], [-122.2862940002107, 37.84200099979489], [-122.2863779998763, 37.842269000277724], [-122.28662999977136, 37.84307600016749], [-122.28671400033527, 37.84334499982369], [-122.28675899964281, 37.84347999975872], [-122.28689699973503, 37.84388500020925], [-122.28694299976581, 37.844019999865196], [-122.28699600036758, 37.84420200019249], [-122.28715700002606, 37.844750999858164], [-122.2872109995544, 37.84493400002083], [-122.28726800035415, 37.84510099978457], [-122.28744099970818, 37.84560400006727], [-122.28749900033282, 37.845771999941746], [-122.28754299981543, 37.84591700034486], [-122.28767699970973, 37.846353000044815], [-122.2877219999156, 37.84649900021424], [-122.28775000040297, 37.846580000003804], [-122.28783700044161, 37.8468249999379], [-122.28784499993924, 37.84684699996745], [-122.28786599985561, 37.84690700027256], [-122.28780499975623, 37.8469240000191], [-122.28783499989348, 37.84701600003989], [-122.28780899995421, 37.847024000159664], [-122.28782400002282, 37.84707200015059], [-122.2878280002208, 37.847084000320805], [-122.2878359997184, 37.84711000032814], [-122.28783900009145, 37.847120000110266], [-122.28786699968053, 37.847112000000955], [-122.28791600008432, 37.84726099994414], [-122.28800499977278, 37.847509999777145], [-122.28795399971916, 37.8475209996905], [-122.2880259996892, 37.847724999657295], [-122.28812799979644, 37.84801400012184], [-122.28826000004094, 37.848422999773845], [-122.28829199982796, 37.84854900021889], [-122.28831500029251, 37.84864000016998], [-122.28836899982086, 37.84880899967985], [-122.2884559998595, 37.849085000145166], [-122.28847699977592, 37.8491590002074], [-122.28852100015685, 37.84929900023697], [-122.28852899965442, 37.84932400001164], [-122.28853899970018, 37.84935600019315], [-122.2886039999975, 37.849561000206364], [-122.2887300003942, 37.84996199998922], [-122.28873899971673, 37.849991000147206], [-122.28745900014985, 37.85023899983396], [-122.28624700035502, 37.85050499988076], [-122.28612199978325, 37.85052700023099], [-122.2860060003306, 37.85017299992441], [-122.28581200016185, 37.850207000035674], [-122.28568900013822, 37.85022999991427], [-122.28558600020605, 37.85025100019806], [-122.28544200026599, 37.85027799994618], [-122.28542999967212, 37.85028000024238], [-122.28509300028654, 37.85034499990898], [-122.28498399960827, 37.85036700030694], [-122.28463800000188, 37.850435000334805], [-122.28452000000111, 37.85045800014228], [-122.2844999999096, 37.85039100028223], [-122.28433099985523, 37.850424000146816], [-122.28435199977159, 37.85048999983168], [-122.2841629996257, 37.85052600008623], [-122.28405399984575, 37.850547999720895], [-122.28383399973774, 37.85059100024529], [-122.28357099997201, 37.85064199976245], [-122.28350300019996, 37.85044800010351], [-122.2834639998419, 37.850328999679896], [-122.28345899981903, 37.85030699997988], [-122.28343999955244, 37.850219999844576], [-122.28334599984112, 37.84995599978389], [-122.28338299965105, 37.84994799998223], [-122.28335400023704, 37.84984999985898], [-122.28332599974965, 37.84975699967221], [-122.28324499955878, 37.84948900015594], [-122.28321600014478, 37.84940699985525], [-122.28319699987819, 37.84934700016567], [-122.28313499995393, 37.84936100028678], [-122.28308899992318, 37.84937199992401], [-122.2830699996566, 37.8493160001414], [-122.28305700013613, 37.84927200013035], [-122.2829640002497, 37.84900800022205], [-122.2828310001803, 37.84903800021087], [-122.28271400000445, 37.849063000074025], [-122.28270499978363, 37.84903599988099], [-122.28261899956989, 37.84905699979554], [-122.28258799960776, 37.8490619999094], [-122.28259699982857, 37.849087999928706], [-122.28246299993427, 37.849117999884974], [-122.28245399971345, 37.84909199987625], [-122.28244100019295, 37.849055000175476], [-122.28233200041302, 37.84874299990898], [-122.28224399965114, 37.84849200034823], [-122.28217800042725, 37.848307000153305], [-122.28199000010626, 37.84834800021738], [-122.28187499958022, 37.84782900014638], [-122.28186299988465, 37.84777599973813], [-122.28205200003056, 37.84775100014799], [-122.28197699968747, 37.8474159999988], [-122.28197300038781, 37.847376000313375], [-122.28196599981682, 37.847311000157575], [-122.28195699959599, 37.847244999755205], [-122.28189899986965, 37.846974999944564], [-122.28180400033344, 37.846988000323336], [-122.28179199973957, 37.84698899980667], [-122.28170200022619, 37.84700099999039], [-122.28150200020964, 37.84702800021922], [-122.28137199961498, 37.84704399974588], [-122.28135400007163, 37.84704600012984], [-122.28127500042892, 37.84705700011248], [-122.28114800020731, 37.84707399982444], [-122.28070799999128, 37.8471329997541], [-122.2802979999124, 37.84718800029522], [-122.28002400027604, 37.847224000033954], [-122.2798879998336, 37.84724199989674], [-122.27988299981071, 37.84721999998503], [-122.27974700026662, 37.84723900003815], [-122.27975099956626, 37.847259999755124], [-122.27957599966406, 37.84728199965484], [-122.2795210003108, 37.84728999974576], [-122.27937099962465, 37.847309999969184], [-122.27894399982738, 37.84736700004418], [-122.27889000029903, 37.84737500012587], [-122.27854200014448, 37.84742100022393], [-122.27813600026361, 37.84747499965483], [-122.27788500019346, 37.847509000300825], [-122.27784099981254, 37.84751499999591], [-122.2778230002692, 37.847516999657735], [-122.27776600036776, 37.847524999723106], [-122.27770299972026, 37.84753299978766], [-122.27760300016115, 37.84754600006799], [-122.277460000046, 37.84756399985218], [-122.27732899962645, 37.84758200034127], [-122.27674600019358, 37.84766399983413], [-122.27618799997673, 37.84773399988274], [-122.27617299990813, 37.84766200017634], [-122.27617100025832, 37.847651999758355], [-122.27608199967155, 37.84722199965486], [-122.27589599989871, 37.84632900017394], [-122.27584300019527, 37.84607299988285], [-122.27581899990581, 37.84596000002311], [-122.27579999963923, 37.84586699989559], [-122.27537899968975, 37.8459239996673], [-122.27491199970953, 37.84598100010432], [-122.27443499968355, 37.8460419999009], [-122.27409499992493, 37.84608599971126], [-122.2737700002349, 37.84612799979593], [-122.27332300034615, 37.846186000278855], [-122.27311699958351, 37.846214000299994], [-122.27302700007013, 37.84622599990047], [-122.27264600030364, 37.84627799980169], [-122.27256599993771, 37.84628899989883], [-122.27247100040147, 37.846301999689175], [-122.2717630003968, 37.84639499997741], [-122.27132900002852, 37.84645099985033], [-122.27123600014211, 37.846464999811914], [-122.27108499963107, 37.84648500025911], [-122.27100400033854, 37.84649600032542], [-122.27031499970212, 37.84658599977448], [-122.2702000000744, 37.846600999908446], [-122.27007600022584, 37.84661799972553], [-122.27004100006576, 37.84662199980711], [-122.26992600043802, 37.84663699993371], [-122.26978900017066, 37.84665499993978], [-122.26965600010128, 37.846672999941454], [-122.26963099998692, 37.84667599982306], [-122.26952499968169, 37.846689999741926], [-122.2694950004428, 37.846693999819614], [-122.26940900022907, 37.84670499985475], [-122.26938199956658, 37.84670799973506], [-122.26928500038052, 37.84672100016085], [-122.26914399991519, 37.846740000342486], [-122.26917099967937, 37.846874000252676], [-122.26917599970224, 37.8468990001401], [-122.26918099972512, 37.8469269998905], [-122.26921099986235, 37.84711000032814], [-122.26922599993097, 37.84720099992707], [-122.26913399986945, 37.84721300007624], [-122.2687630001487, 37.84726099994414], [-122.26868100013293, 37.84690200001257], [-122.2686090001629, 37.846561999979436], [-122.26857400000281, 37.84637400001411], [-122.26853299999492, 37.846182999667946], [-122.26841099979616, 37.845598000216704], [-122.26836899996337, 37.84547400012131], [-122.26830500038929, 37.84525099975119], [-122.26818300019055, 37.844585000236584], [-122.26815999972601, 37.84449499976415], [-122.26809199995395, 37.84422499981602], [-122.26807000021265, 37.844135999845086], [-122.26805000012116, 37.84404699976676], [-122.26799300021975, 37.84378000030601], [-122.26797399995316, 37.84369099979805], [-122.26795499968658, 37.84359599987859], [-122.2678979997852, 37.84331299987118], [-122.26787900041694, 37.84321899970868], [-122.26784099988379, 37.84302899995019], [-122.26772799990589, 37.842461999918996], [-122.26769100009595, 37.842272999885786], [-122.2676650001567, 37.84215199994056], [-122.26758700033889, 37.84179199970339], [-122.26756200022453, 37.841671999943266], [-122.26753000043747, 37.84151999996685], [-122.26743400017801, 37.84106400028625], [-122.26740200039096, 37.8409119997662], [-122.26737200025373, 37.84076000035175], [-122.26728500021508, 37.84030400022896], [-122.26725699972769, 37.84015200027092], [-122.26724099983416, 37.84006799965567], [-122.26721999991777, 37.839968000014686], [-122.26711000031291, 37.8394170003345], [-122.26707400032788, 37.83923399996148], [-122.26703999999272, 37.83905599992676], [-122.26693799988546, 37.83852200008315], [-122.26690500027351, 37.83834500005914], [-122.26686099989256, 37.838165000092154], [-122.26674799991466, 37.837622999753975], [-122.26674200006688, 37.83759100015659], [-122.2667239996252, 37.837529999755084], [-122.26671199992965, 37.83751400029271], [-122.26668400034055, 37.83749600018391], [-122.26665300037841, 37.83748199993864], [-122.26706400028218, 37.83743999989624], [-122.26738499977422, 37.83740800021953], [-122.2679349995951, 37.83734600005257], [-122.26829600016845, 37.837307000195516], [-122.26832700013058, 37.837303999932786], [-122.26843799956038, 37.837279000339976], [-122.26845900037509, 37.83727499975164], [-122.26870299987421, 37.83723199997583], [-122.26878400006507, 37.83721399979822], [-122.26888600017233, 37.837191999732894], [-122.26902900028747, 37.83716900004449], [-122.26911200012813, 37.83715600006327], [-122.26915099958791, 37.83714899990865], [-122.26923400032689, 37.83713599992391], [-122.26926799976376, 37.83712099999315], [-122.26930499957368, 37.8371049997326], [-122.26968000039071, 37.83705499969421], [-122.27080400032197, 37.836905999705024], [-122.27118000006563, 37.836856999861865], [-122.27151599962629, 37.83680499970314], [-122.27162799977927, 37.83679199965777], [-122.27223600022481, 37.83672199986503], [-122.2729609999479, 37.836623000277854], [-122.27297699984145, 37.836621000320626], [-122.27335599995811, 37.83658200008026], [-122.27342799992813, 37.836578000163584], [-122.27366999977747, 37.83654400015364], [-122.27439799987363, 37.836440999694055], [-122.27464100044617, 37.83640799995721], [-122.27563800015585, 37.83644700028957], [-122.27566499992001, 37.83646199964791], [-122.2757849995706, 37.836531000062216], [-122.2759870001353, 37.83664600013644], [-122.27600899987661, 37.83665900020759], [-122.27603999983874, 37.83667699981116], [-122.27607599982375, 37.83670499989519], [-122.27621999976381, 37.83681799974627], [-122.27625699957373, 37.83684799972791]]]}}, {"type": "Feature", "properties": {"neighborhood": "Grand Lake"}, "geometry": {"type": "MultiPolygon", "coordinates": [[[[-122.2463970004279, 37.809804999833105], [-122.2419819999954, 37.80855200032646], [-122.24130699960268, 37.80831099964861], [-122.24124300002858, 37.80828500016164], [-122.2410530000578, 37.808208000235105], [-122.24099000030861, 37.808183000011255], [-122.24046700025187, 37.80795899975721], [-122.24033300035757, 37.807897999700195], [-122.24021299980866, 37.80784499970282], [-122.23961899960683, 37.807568999664184], [-122.23838400024579, 37.806998000274916], [-122.23773499979235, 37.806697999921575], [-122.23760500009602, 37.80663900030252], [-122.23721500010868, 37.8064649998402], [-122.23708600023723, 37.80640700006818], [-122.23698400013001, 37.80636099994735], [-122.23670799994548, 37.80623799994645], [-122.23667799980825, 37.806225000194075], [-122.236575999701, 37.80618100003238], [-122.2359129999022, 37.80586800009359], [-122.23578599968057, 37.80580799977014], [-122.2354159997847, 37.80562399975174], [-122.23519999987467, 37.80550900030595], [-122.23500200040625, 37.8053919998775], [-122.2346390001831, 37.805191000109964], [-122.23424699964762, 37.804946999660636], [-122.23404099978329, 37.80481999992517], [-122.2339989999505, 37.80479099975374], [-122.23361900000889, 37.804534000062034], [-122.23339700025106, 37.804374999810506], [-122.2334929996122, 37.80429800006562], [-122.23356600030544, 37.804241000073716], [-122.23378100039062, 37.80406999983406], [-122.23379700028411, 37.80405799976501], [-122.23387699975176, 37.80399299977119], [-122.23401599966893, 37.803891000080476], [-122.23403099973756, 37.80387799991497], [-122.23447099995359, 37.80353800034193], [-122.23448900039527, 37.80352600018644], [-122.23458099955843, 37.803468000235526], [-122.23465799955136, 37.80343499994941], [-122.23474499958998, 37.80340399979625], [-122.2348090000624, 37.80338900010674], [-122.23486599996383, 37.80337599985282], [-122.23501800029979, 37.80335900000874], [-122.23528000024059, 37.80333699978717], [-122.23529399958596, 37.8033359997124], [-122.23543800042434, 37.803319999934104], [-122.2357940000765, 37.80327999976336], [-122.23667100013553, 37.80318500033567], [-122.23686500030432, 37.8031619999852], [-122.23722199978137, 37.80312099965121], [-122.23754900001953, 37.80308799991983], [-122.2377440000132, 37.803069999931104], [-122.23789399980102, 37.803046000175875], [-122.23808200012198, 37.80300699993596], [-122.23839000009356, 37.80290699975448], [-122.23850999974417, 37.80287500000849], [-122.2385740002166, 37.802859000130326], [-122.23883399960927, 37.80281299992887], [-122.23902500030329, 37.802774000275704], [-122.23959900041365, 37.80265899994093], [-122.2396320000256, 37.80265200006292], [-122.23979100003429, 37.80262100029091], [-122.24016299957995, 37.80255300019596], [-122.2401879996943, 37.802548999854366], [-122.24060000032127, 37.802490999846015], [-122.2412930002573, 37.80243100032785], [-122.24167099965076, 37.80239899966589], [-122.24175299966652, 37.802390000297855], [-122.24200000043703, 37.80236500023382], [-122.24208300027772, 37.80235700023993], [-122.24235199989124, 37.80231999981321], [-122.24247099971693, 37.80229200016862], [-122.24256199995352, 37.80227199980757], [-122.24291199975788, 37.802175000322], [-122.2432499998667, 37.80204000005029], [-122.24342099957093, 37.801980000165806], [-122.24359600037141, 37.80193500022044], [-122.24374100013637, 37.80189800029217], [-122.24398200016081, 37.801854999776694], [-122.24538999977418, 37.801675000235925], [-122.24559800018663, 37.80164700034676], [-122.24586299960221, 37.801589999728506], [-122.24601099974022, 37.801547999842505], [-122.24615499968026, 37.801512999919254], [-122.2465389998198, 37.8013870000582], [-122.24670399967624, 37.801332000152875], [-122.24677399999646, 37.80130300003146], [-122.24707799977006, 37.80117599970822], [-122.24722699973299, 37.80109699996705], [-122.24725100002244, 37.80108500012476], [-122.24736900002318, 37.80101100010784], [-122.2476500002306, 37.800815000318636], [-122.24778900014776, 37.80071899973963], [-122.24790799997346, 37.80065200013407], [-122.24803699984489, 37.800581000019626], [-122.24819400020374, 37.800515999804944], [-122.24828100024236, 37.80048599995961], [-122.24841099993871, 37.80044300004173], [-122.24844699992371, 37.80060800020113], [-122.24855700042687, 37.8011029998875], [-122.24856400009959, 37.80113400029662], [-122.24859900025967, 37.801266999889386], [-122.24865299978804, 37.80147499967957], [-122.24885799982745, 37.802311999814435], [-122.24889200016264, 37.80249899982539], [-122.24901299963814, 37.803013999780326], [-122.24903399955454, 37.80308400031702], [-122.2492190004008, 37.803842000318134], [-122.2493349998534, 37.804453000244536], [-122.24938500008213, 37.80469500008401], [-122.24936499999065, 37.80475800005876], [-122.24931800013499, 37.80482300008907], [-122.24937800040944, 37.804843999813656], [-122.24952800019729, 37.80489599978195], [-122.24956099980922, 37.80489999999636], [-122.24962500028167, 37.80490999982172], [-122.2498189995521, 37.80497499971825], [-122.25005999957651, 37.80505599967301], [-122.25040199988328, 37.80517199987416], [-122.25050300016562, 37.80520700019275], [-122.25059699987695, 37.805237000249804], [-122.25047100037857, 37.80552699970024], [-122.25010700033052, 37.80637399967584], [-122.25009499973662, 37.80639899980236], [-122.2499659998652, 37.80668899965798], [-122.24988800004739, 37.80686200027519], [-122.24965500041888, 37.80738399975514], [-122.249578000426, 37.80755800018133], [-122.24950100043307, 37.80773000016697], [-122.2493819997091, 37.80800000024419], [-122.24929999969332, 37.80817099990083], [-122.24927200010424, 37.80822000033956], [-122.2492600004087, 37.808239999799525], [-122.24925299983767, 37.808253999915145], [-122.24914800025566, 37.80839100019644], [-122.24908399978325, 37.8084539998571], [-122.2490160000112, 37.808508000131795], [-122.2490029995924, 37.80851200015059], [-122.24811399983778, 37.8089950001156], [-122.24778099975185, 37.80912999973926], [-122.24695800011948, 37.80956199971526], [-122.24689399964704, 37.80958900016216], [-122.24683400027091, 37.80962199982745], [-122.24670200002645, 37.80970299965321], [-122.24660999996495, 37.80976400034829], [-122.24650399965972, 37.80984100007168], [-122.2463970004279, 37.809804999833105]]], [[[-122.24452100011105, 37.8190890001836], [-122.2443610002775, 37.819064999957675], [-122.24433899963786, 37.81905900007738], [-122.24431799972146, 37.8190570003537], [-122.24421999981216, 37.81902499980033], [-122.24420599956848, 37.819033999979524], [-122.2441860003753, 37.819029999821176], [-122.24402300016871, 37.81899299994267], [-122.24400399990212, 37.81898899978211], [-122.24374199996129, 37.81893099991294], [-122.24367199964108, 37.81885700003814], [-122.24366199959536, 37.818846999972685], [-122.24348099984537, 37.81865900033445], [-122.24335100014902, 37.818752999858624], [-122.24323800017115, 37.81884000020988], [-122.24320399983593, 37.81881400017272], [-122.24309099985805, 37.818785999685794], [-122.24303399995661, 37.81872300032547], [-122.24301499969005, 37.81873400027398], [-122.24300800001737, 37.818725000058144], [-122.2429460000931, 37.81875000026065], [-122.24292699982652, 37.81874500022083], [-122.24278999955916, 37.81871099979916], [-122.24276500034311, 37.818704999890095], [-122.24269199964985, 37.81857699982139], [-122.24266999990856, 37.81853299992397], [-122.2425960002887, 37.81855200026994], [-122.24253000016647, 37.81856900016454], [-122.2424060003179, 37.818593999710224], [-122.24235000024143, 37.81860600025556], [-122.24217500033923, 37.81862900005351], [-122.2421460000269, 37.81854100029431], [-122.24184999975091, 37.818474999696456], [-122.24168300024463, 37.81843699966957], [-122.24171000000882, 37.81834799981003], [-122.24174400034401, 37.818239000258515], [-122.24127800018869, 37.818152999782654], [-122.24117500025652, 37.81822599978046], [-122.24106899995132, 37.81829899970608], [-122.24073599986538, 37.81822400003422], [-122.24061000036701, 37.81809599984109], [-122.24049200036623, 37.81817100035264], [-122.24047099955152, 37.818185000004405], [-122.24030800024322, 37.818037000104255], [-122.2401099998765, 37.817857000266834], [-122.23995300041597, 37.817967000259046], [-122.23987100040021, 37.81802400030022], [-122.23981299977558, 37.818009000032184], [-122.23971499986628, 37.81791999965666], [-122.23968300007922, 37.81789200024987], [-122.2396599996147, 37.81790900029651], [-122.23959400039078, 37.817952999856296], [-122.23937599993258, 37.81789999998009], [-122.23930999981033, 37.8178410000866], [-122.23922199994678, 37.81777000017625], [-122.23916400022046, 37.81772300015808], [-122.23905399971729, 37.817624999797445], [-122.23902100010531, 37.81759200016089], [-122.23867999962347, 37.817686000334106], [-122.23810300003841, 37.81754500002935], [-122.23817300035859, 37.817423999975865], [-122.23817800038147, 37.81741399971627], [-122.23819000007704, 37.817395999671284], [-122.23818099985617, 37.81738099998534], [-122.23784299974739, 37.81748099972668], [-122.23761500014176, 37.81754900026817], [-122.23755099966934, 37.8175020001093], [-122.23743500021672, 37.81741700007814], [-122.23733200028455, 37.81739700026528], [-122.23720500006294, 37.8173720003142], [-122.2370619999478, 37.81734399998994], [-122.23677099969467, 37.81728800001916], [-122.23655399995968, 37.81723899992119], [-122.2363599997909, 37.817186000242], [-122.23620499998025, 37.8171440000006], [-122.23571899973341, 37.817133999703074], [-122.23571299988565, 37.81704200002447], [-122.23569399961907, 37.81695200001202], [-122.23525099992827, 37.8170080002377], [-122.23519900004975, 37.81694900034087], [-122.23513700012545, 37.81689200017927], [-122.23512600025482, 37.81688500023109], [-122.23507000017831, 37.81684899987885], [-122.23498099959154, 37.81685200026373], [-122.23495800002533, 37.81685300015544], [-122.23490299977372, 37.81686399967294], [-122.23465900027458, 37.816799000306695], [-122.23393799985112, 37.816643999785605], [-122.23391899958455, 37.81651999998595], [-122.23350799968081, 37.81655100031021], [-122.23336899976364, 37.81652099988216], [-122.23329599996872, 37.816492000048186], [-122.23341300014457, 37.81613499991034], [-122.23300100041592, 37.816114999750155], [-122.23290299960834, 37.81608699965878], [-122.23286999999637, 37.81605100033665], [-122.23283800020931, 37.81597399999296], [-122.23265800028425, 37.81565099990654], [-122.23259800000979, 37.81554399973988], [-122.23238999959733, 37.81512800005232], [-122.23225200040338, 37.814870000224985], [-122.2321400002504, 37.81467199976252], [-122.2321329996794, 37.814659999997005], [-122.23206499990734, 37.81453100008794], [-122.23202700027248, 37.81443399967229], [-122.23201200020388, 37.81432999964838], [-122.2322110003955, 37.814381000108334], [-122.23223099958867, 37.81438599973406], [-122.23281700029291, 37.814506999799434], [-122.23301999978419, 37.81454900012177], [-122.23311799969349, 37.81457199976439], [-122.23324900011305, 37.81459300026493], [-122.23333699997661, 37.814599999720755], [-122.23343499988587, 37.81460100035265], [-122.23372299976596, 37.81458700002115], [-122.23385099981249, 37.814577000086864], [-122.23389299964528, 37.81457500024182], [-122.23433700005928, 37.81453599970355], [-122.2346810000159, 37.81450499995245], [-122.23561400015146, 37.814437000155266], [-122.23582699968844, 37.81443399967229], [-122.23604900034462, 37.81445400028788], [-122.23634700027046, 37.814517999666506], [-122.23691700018284, 37.814641999990236], [-122.2371670004281, 37.814684000235765], [-122.23737699959206, 37.81473199998025], [-122.23746500035394, 37.81475299972559], [-122.23756599973797, 37.81478300016244], [-122.23764399955574, 37.81481299987749], [-122.23773899999033, 37.81486100024778], [-122.23796099974815, 37.815002000001726], [-122.23807399972608, 37.815075000276906], [-122.23810899988617, 37.815100000296205], [-122.23814400004628, 37.81511800019136], [-122.23817800038147, 37.81508400022808], [-122.23827999959042, 37.81498599991236], [-122.2383149997505, 37.81495299980573], [-122.2384550003909, 37.81481600034507], [-122.23884100018027, 37.81444199977725], [-122.23887899981511, 37.81440800021227], [-122.23902799977802, 37.81428099971603], [-122.23907499963369, 37.814240999805016], [-122.23914199958082, 37.8141870001747], [-122.23922000029695, 37.81412600029508], [-122.23926999962735, 37.81408900008763], [-122.23941600011555, 37.813989999939935], [-122.23985399978345, 37.81369400005432], [-122.24000100009654, 37.813596000022464], [-122.24012400012019, 37.81351300033551], [-122.24049400001606, 37.81326499994538], [-122.24061799986461, 37.813182999827724], [-122.24077299967531, 37.81306900003209], [-122.24086200026208, 37.8129949999585], [-122.24110099973836, 37.81275999998101], [-122.24208699957738, 37.81173700013378], [-122.24227599972326, 37.81156500025558], [-122.24236899960967, 37.81151000012336], [-122.24253900038731, 37.81141100006594], [-122.24264700034234, 37.81134400022419], [-122.24273900040384, 37.81128799996027], [-122.24284300016093, 37.811229999718186], [-122.24290099988723, 37.81119899999837], [-122.24303300013172, 37.81114400030318], [-122.24317500042193, 37.811093999706], [-122.24328900022475, 37.8110550001677], [-122.24357000043214, 37.810968999839204], [-122.24388199970338, 37.81086199998381], [-122.24484699962598, 37.81053299966937], [-122.24503800032, 37.8104649997624], [-122.24565599991298, 37.81025799972274], [-122.24606599999177, 37.81011300020305], [-122.24617099957378, 37.810066000278056], [-122.2462359998711, 37.81002800018092], [-122.24650399965972, 37.80984100007168], [-122.24789899975262, 37.810226000323105], [-122.24812700025659, 37.81030600021563], [-122.24845600014456, 37.81043699965728], [-122.24859800043477, 37.8105050002997], [-122.24854999985588, 37.81058599986654], [-122.2482700003717, 37.81108000012889], [-122.24805799976129, 37.811430000115955], [-122.24804799971555, 37.81144600026627], [-122.24801699975342, 37.81149599991541], [-122.24800800043089, 37.811513000015466], [-122.24809999959407, 37.81157899974074], [-122.24837800032675, 37.81177799994242], [-122.24847100021316, 37.81184500010006], [-122.24857199959719, 37.81191999986544], [-122.24887700009403, 37.81214500012375], [-122.24897900020127, 37.8122200002941], [-122.24923600011924, 37.812410999863296], [-122.24946399972487, 37.81253800002792], [-122.2496200002588, 37.81262499989728], [-122.249790999963, 37.81270599997716], [-122.24993200042832, 37.8127899998084], [-122.25006399977448, 37.812897999653785], [-122.25019000017117, 37.813008999882214], [-122.25030099960095, 37.81314100014761], [-122.25038500016485, 37.81326400000506], [-122.25085799999286, 37.814208000075055], [-122.25089700035092, 37.81434699980562], [-122.2510019999329, 37.81471699975295], [-122.25103899974282, 37.81484899980331], [-122.25106300003227, 37.814918999766455], [-122.2511290001545, 37.8151350001671], [-122.25115199972075, 37.8152069996871], [-122.2514510003698, 37.81615699986739], [-122.25147499976093, 37.81621299998648], [-122.2515009997002, 37.81626999996269], [-122.25152800036267, 37.81633100019974], [-122.25159699995967, 37.81647000019097], [-122.25172900020414, 37.81673500006687], [-122.25198100009924, 37.817179000321694], [-122.2520079998634, 37.81722099983358], [-122.25210900014574, 37.81737300019887], [-122.25217100007, 37.817455999804054], [-122.25220899970483, 37.81750800011615], [-122.25232599988071, 37.81766400012312], [-122.25236500023878, 37.817717000168706], [-122.25260000041541, 37.81799999972801], [-122.25262800000452, 37.818033999767536], [-122.25279000038621, 37.818216000339106], [-122.25309499998474, 37.8185169998902], [-122.25327200043506, 37.81868299998275], [-122.25338500041296, 37.81877800005165], [-122.25343100044373, 37.818816999768096], [-122.25367900014083, 37.81900100026322], [-122.2536420003309, 37.81904700031532], [-122.2536149996684, 37.81908199973412], [-122.2535350002008, 37.819146000067974], [-122.25351000008645, 37.81916500025621], [-122.25346400005569, 37.8192020000485], [-122.25326599968896, 37.81933800002701], [-122.25267300021034, 37.81974900014544], [-122.25247599966853, 37.81988599967632], [-122.25228300022299, 37.82001299975505], [-122.2519309998705, 37.8202470002163], [-122.25176400036425, 37.82032299980623], [-122.25167999980034, 37.820350999710115], [-122.2516210002491, 37.820371000141854], [-122.25145899986741, 37.82041799989323], [-122.25121600019315, 37.82049400001665], [-122.25104600031385, 37.82054800000083], [-122.2504870002721, 37.82072000023889], [-122.25024500042277, 37.8207950002131], [-122.25017900030052, 37.82081300013882], [-122.2499800001089, 37.82086699988962], [-122.24991499981155, 37.82088600034441], [-122.24961799971067, 37.820966999875644], [-122.24911700029352, 37.821105999652474], [-122.24873099960584, 37.821227999889246], [-122.24843799970289, 37.821321999689886], [-122.24824400043246, 37.8213770003179], [-122.24821000009725, 37.82138700004061], [-122.24766199992618, 37.821542999655364], [-122.24760500002475, 37.82156000028033], [-122.24757300023772, 37.821569000150426], [-122.2475020000926, 37.821525999736096], [-122.24739800033552, 37.82145700019052], [-122.24667000023938, 37.820848000139485], [-122.24648600011636, 37.820694000154376], [-122.24645599997912, 37.82070399996961], [-122.24642099981904, 37.82064500018852], [-122.24639499987974, 37.820601999945445], [-122.24632200008482, 37.820498999938], [-122.24612299989323, 37.820215000178834], [-122.24599200037196, 37.82007899968736], [-122.24584099986089, 37.819941999805], [-122.24578800015743, 37.81990100027251], [-122.24575299999735, 37.81987400004871], [-122.24553399971424, 37.819693999723505], [-122.24542699958413, 37.819595999850755], [-122.24520499982626, 37.81939399986182], [-122.2451529999477, 37.81938300001167], [-122.24516399981836, 37.819353999882765], [-122.24504400016778, 37.81924700011607], [-122.24495700012913, 37.81917100012789], [-122.24475899976244, 37.81912400029213], [-122.24472199995249, 37.819119000277645], [-122.24458499968515, 37.81909900021629], [-122.24452100011105, 37.8190890001836]]]]}}, {"type": "Feature", "properties": {"neighborhood": "Jack London Square"}, "geometry": {"type": "Polygon", "coordinates": [[[-122.26898099970857, 37.79608000016063], [-122.26827299970392, 37.795773999826494], [-122.2678140001196, 37.79559499984378], [-122.26757200027026, 37.79550300030257], [-122.26745799956915, 37.79546000032341], [-122.26685400021987, 37.795214000010915], [-122.26661499984527, 37.795116999775104], [-122.26656399979166, 37.79520099973789], [-122.26652199995884, 37.79527399971255], [-122.26640800015605, 37.795452000291526], [-122.26635499955428, 37.79553599987341], [-122.26626699969071, 37.79567799979454], [-122.26600300010007, 37.79610500022238], [-122.26591600006144, 37.796247999930365], [-122.26583099967263, 37.79638400030919], [-122.26557499957958, 37.79679499972369], [-122.26549099991401, 37.79693199996684], [-122.2654060004235, 37.79707000011553], [-122.26515000033045, 37.79748399972463], [-122.26506599976658, 37.79762200026184], [-122.26497500042828, 37.79776499987265], [-122.26470300044174, 37.79819399988349], [-122.2646520003881, 37.798275000176794], [-122.26461399985494, 37.79833799994915], [-122.2645400002351, 37.79845000020047], [-122.26431900030218, 37.798788000208276], [-122.26424599960892, 37.798900999912135], [-122.26419999957818, 37.79897499991348], [-122.26418200003481, 37.79900099983881], [-122.26416699996619, 37.79902400006543], [-122.26415299972251, 37.7990439998863], [-122.26414299967675, 37.79905800032559], [-122.26383700025333, 37.79953300006886], [-122.26377600015395, 37.79963000018483], [-122.26375199986451, 37.79969999966981], [-122.26352300043396, 37.799608999687564], [-122.26283600034569, 37.799339000164665], [-122.26260700001684, 37.79924899986774], [-122.2623979997795, 37.79917799982431], [-122.26231099974083, 37.79915499964565], [-122.26224899981656, 37.79913399972317], [-122.26217199982366, 37.79912399982559], [-122.26190499985998, 37.799106999712635], [-122.26166700020859, 37.79909400012468], [-122.26155300040577, 37.79892900013236], [-122.26140100006981, 37.798763000344664], [-122.26119799968025, 37.798607000152856], [-122.26099900038692, 37.798507999832935], [-122.26074400011879, 37.79840400009246], [-122.26041699988063, 37.798332999946666], [-122.26026299989486, 37.7983229999406], [-122.26008600034285, 37.79831299993324], [-122.25984699996823, 37.79830900007185], [-122.2595909998752, 37.7983019997816], [-122.25955400006528, 37.7983010003485], [-122.25955099969224, 37.798132000133556], [-122.25956499993592, 37.79783900030217], [-122.25953099960076, 37.79730400017971], [-122.25949600033897, 37.79683200007863], [-122.25957699963149, 37.79632000012037], [-122.259604000294, 37.79624500012795], [-122.25965899964727, 37.796092000106135], [-122.25985500036417, 37.795694999986715], [-122.25987299990751, 37.79566999978622], [-122.26004399961174, 37.79544599991208], [-122.26080600004306, 37.79528000010592], [-122.26115199964948, 37.795100000159735], [-122.26120000022837, 37.79457600007548], [-122.26114800034982, 37.79441600019778], [-122.2610889999003, 37.79423399988018], [-122.26109100044842, 37.79405100033346], [-122.26122199996966, 37.79389299972399], [-122.26132699955166, 37.79380699999612], [-122.26138199980326, 37.793762000040786], [-122.26143799987973, 37.79371700005809], [-122.26153999998701, 37.79363299982772], [-122.26162000035293, 37.79352399999487], [-122.26169999982056, 37.79341799991852], [-122.26176099991991, 37.793018999908355], [-122.26205899984575, 37.792391999798184], [-122.2620689998915, 37.792372000305974], [-122.26218600006737, 37.7922339999002], [-122.26220399961072, 37.79222099981269], [-122.26221299983153, 37.79220100027425], [-122.26230200041833, 37.79209599994651], [-122.26232400015962, 37.792085999806126], [-122.26232699963435, 37.7920669997486], [-122.26234599990093, 37.792042999967826], [-122.2624410003355, 37.791929999712195], [-122.262461000427, 37.79190800034594], [-122.26247399994745, 37.79189299974171], [-122.26252800037413, 37.791825999939846], [-122.26269099968243, 37.79162800015975], [-122.26274599993401, 37.79156200035176], [-122.26290099974472, 37.791541999925045], [-122.2632580001201, 37.791543000159486], [-122.262962999669, 37.79117500029138], [-122.26297400043798, 37.79110300005654], [-122.263006000225, 37.790887000350764], [-122.26301799992059, 37.7908160000795], [-122.26424700033215, 37.79069700002185], [-122.26444800017359, 37.79067800031705], [-122.26735499963698, 37.788718000187224], [-122.26837999983404, 37.788027999794146], [-122.26854399986557, 37.78793400020292], [-122.27118900028644, 37.78949100032881], [-122.27387900001486, 37.79108099973414], [-122.27422499962125, 37.79125899976682], [-122.27440700009447, 37.791354000334664], [-122.27470900021824, 37.79151099974988], [-122.27589199970073, 37.79212299967997], [-122.27600499967865, 37.79217500008529], [-122.27622999980953, 37.79226899996063], [-122.27682300018647, 37.79252299978088], [-122.27817499972338, 37.79310499984363], [-122.27824300039376, 37.793128999989314], [-122.27967399957336, 37.79341699970953], [-122.28087899969547, 37.793519999874185], [-122.28114200035954, 37.79352500020247], [-122.28439600015251, 37.79359700020681], [-122.2859710001705, 37.79361599987089], [-122.28637899970118, 37.79356499997692], [-122.28933100026875, 37.79319600002934], [-122.28945199974426, 37.79318099968662], [-122.29054899991134, 37.79299799966131], [-122.29237199962641, 37.79264000000796], [-122.29383399966649, 37.79235300032199], [-122.29480100013723, 37.79216300021345], [-122.29597799977196, 37.791932000170554], [-122.30104000010975, 37.791954000239514], [-122.30580199997358, 37.792571999953125], [-122.30798799991184, 37.79304600001441], [-122.31260599983563, 37.79404799973196], [-122.31506399976044, 37.79457899994566], [-122.31438599989302, 37.79484199992166], [-122.31350499963598, 37.79518800017244], [-122.31321199973304, 37.795303000071414], [-122.31278599976069, 37.7953570000239], [-122.3115120000416, 37.79552200018635], [-122.31108699989414, 37.79557700015859], [-122.30954000036361, 37.79568699998028], [-122.30774299968945, 37.79581600015617], [-122.30493400013536, 37.796300999732004], [-122.30467700021741, 37.79634600027031], [-122.3045140000108, 37.796367000275566], [-122.3033950001024, 37.796489000221655], [-122.30324699996439, 37.79653100014484], [-122.30284899958113, 37.79660000027103], [-122.30119999994332, 37.79688900010958], [-122.30086000018468, 37.796948999870494], [-122.3008049999331, 37.79698499998755], [-122.3007890000396, 37.79702799978893], [-122.30078599966653, 37.79708000029115], [-122.3007899998645, 37.79712800012166], [-122.30080800030616, 37.7971740003144], [-122.30081400015395, 37.797186000082206], [-122.30084199974303, 37.797285000044376], [-122.30085199978876, 37.797319999841534], [-122.3008679996823, 37.79736899967161], [-122.30068299973436, 37.79739900007307], [-122.2987350003458, 37.79771500015438], [-122.2983260000919, 37.797782000294404], [-122.29467399991563, 37.79864800015324], [-122.29411999989675, 37.79876399977151], [-122.29389599959079, 37.79880499968482], [-122.29262600006965, 37.79901199988635], [-122.29239400026604, 37.7990439998863], [-122.29099400015026, 37.79923799985549], [-122.29089200004299, 37.79924700031734], [-122.29078599973779, 37.79926900033753], [-122.29055200028436, 37.799333000100944], [-122.29042599988769, 37.79937900034026], [-122.29028100012273, 37.79944500026329], [-122.29022800041929, 37.79947700007565], [-122.29015499972601, 37.7995220000989], [-122.29008799977888, 37.79957099988798], [-122.2900760000833, 37.799580999725045], [-122.29003099987747, 37.799621999894704], [-122.289862999648, 37.79982600027918], [-122.28983099986094, 37.79988800002694], [-122.28978800020323, 37.79997499989435], [-122.28973999962433, 37.80008900003052], [-122.28956999974503, 37.800703000104235], [-122.28951399966851, 37.800837999980466], [-122.28950699999584, 37.80085800002], [-122.28948000023165, 37.8009099999555], [-122.28931299982709, 37.8011029998875], [-122.28920200039731, 37.80138999965181], [-122.28887599998406, 37.80224300005523], [-122.28887099996119, 37.80225400032978], [-122.28874899976246, 37.80253700024797], [-122.28874000043994, 37.80256000008334], [-122.28871399960238, 37.802630999715056], [-122.28870600010475, 37.802655000314935], [-122.28867000011975, 37.802755000127824], [-122.2885889999289, 37.802755000127824], [-122.28847099992812, 37.80275700029307], [-122.28842599972226, 37.80275799966587], [-122.28791899955907, 37.80278000005987], [-122.28787400025153, 37.80277799989531], [-122.28767599988481, 37.802774000275704], [-122.28740399989826, 37.802763000078606], [-122.28734100014907, 37.802755000127824], [-122.28723999986673, 37.8027439999279], [-122.28683200033603, 37.802684999989104], [-122.28634699991416, 37.802593000050635], [-122.28601800002619, 37.802531999819934], [-122.28565399997811, 37.80246400035278], [-122.28546900003018, 37.802403000015545], [-122.2838580000272, 37.80187500025066], [-122.28332199955167, 37.80169999982372], [-122.28318000015977, 37.80164700034676], [-122.2820639997261, 37.80118999974341], [-122.28173599966306, 37.801049999982105], [-122.2808679998248, 37.80072499969078], [-122.27968699999215, 37.80025599979403], [-122.2795639999685, 37.80044900001525], [-122.27948600015071, 37.80035100014985], [-122.27938999989124, 37.80025900014338], [-122.27916499976033, 37.80006299977833], [-122.278999000079, 37.79994700007058], [-122.27889000029903, 37.799879000353016], [-122.27876300007742, 37.799790000127], [-122.27865099992444, 37.79972000001748], [-122.27859099964996, 37.799684999937845], [-122.27855600038819, 37.799665000290524], [-122.27853600029673, 37.79965400034022], [-122.27845000008298, 37.79960999981279], [-122.27841499992287, 37.79959199968623], [-122.27828000020368, 37.79953300006886], [-122.27826000011217, 37.79952400035168], [-122.27809400043083, 37.79945699966218], [-122.27787000012484, 37.79937300027983], [-122.27773299985748, 37.79932200010119], [-122.27743199955862, 37.79920800020088], [-122.27713799983076, 37.799097999943555], [-122.27652899956028, 37.79887200025587], [-122.27622800015973, 37.79876100007127], [-122.27620700024332, 37.79875299968703], [-122.27614699996886, 37.79873000008587], [-122.27612699987736, 37.79872299983545], [-122.27597799991447, 37.798666999938], [-122.27591299961713, 37.79864200003344], [-122.27527400010777, 37.79840099966776], [-122.27506099967243, 37.798320999655346], [-122.2749600002884, 37.7982850001893], [-122.27493500017407, 37.79827600032008], [-122.27485999983098, 37.798248999995934], [-122.2747989997316, 37.79822699967196], [-122.27437000028452, 37.798074000205915], [-122.27401799993203, 37.79794400027604], [-122.27386399994624, 37.79788700034929], [-122.27375799964103, 37.79784899966387], [-122.27360500037847, 37.79780199974175], [-122.27283000042665, 37.797557000282694], [-122.27251499988407, 37.797456999820845], [-122.27237799961675, 37.79740199982857], [-122.27218699982099, 37.7973220001539], [-122.27145700007505, 37.79700599981116], [-122.27135199959474, 37.79696900025316], [-122.27123399959397, 37.796928000030675], [-122.27079099990318, 37.796772000222745], [-122.27013999979992, 37.79652399968609], [-122.26898099970857, 37.79608000016063]]]}}, {"type": "Feature", "properties": {"neighborhood": "Jingletown"}, "geometry": {"type": "Polygon", "coordinates": [[[-122.23590000038172, 37.783410000032404], [-122.23569100014433, 37.78328300018825], [-122.23515700021696, 37.782961000175476], [-122.23506500015544, 37.782904000049136], [-122.23485799956791, 37.78277599969236], [-122.23444500001435, 37.782533000108074], [-122.23383400009403, 37.78217700017439], [-122.23376200012403, 37.78213000022257], [-122.23370400039771, 37.78209500032964], [-122.23258700013913, 37.78142799989249], [-122.23239299997039, 37.781309000336734], [-122.23148099975124, 37.78076900002878], [-122.23134699985694, 37.78091000026101], [-122.23094400034911, 37.78133300005374], [-122.23081100027972, 37.78147500029075], [-122.23077500029471, 37.78151300016791], [-122.23071900021823, 37.781571000316404], [-122.23063499965431, 37.7816590001121], [-122.23010900012285, 37.78221600005135], [-122.22993500004557, 37.782402000164346], [-122.22978600008267, 37.78255100013099], [-122.22934099984374, 37.78300099998876], [-122.22919400042893, 37.78315200015385], [-122.22893699961269, 37.78342500022881], [-122.22816699968375, 37.78424400008292], [-122.22796099981943, 37.78446399993896], [-122.22793499988016, 37.78449999974981], [-122.2279299998573, 37.78452900007768], [-122.22753700039522, 37.78494999981028], [-122.22679199968232, 37.784510999826516], [-122.22605699991347, 37.785311999659385], [-122.22530700007604, 37.786097999679335], [-122.22545100001608, 37.7861850001676], [-122.22588399966112, 37.78644800020471], [-122.22602900032439, 37.786535999873145], [-122.22617699956409, 37.78661999965256], [-122.2266229996279, 37.78687199983779], [-122.22677199959084, 37.7869570002417], [-122.2269089998582, 37.78703899966176], [-122.22732300013499, 37.78728500021568], [-122.22746100022724, 37.787368000272636], [-122.22774800028242, 37.78753700026302], [-122.22861199992269, 37.78804400004494], [-122.22890099962768, 37.78821299990918], [-122.22966600043205, 37.788676999645276], [-122.22977000018913, 37.7887410000657], [-122.2306630001417, 37.78928699980124], [-122.23091400021188, 37.789440999980144], [-122.23118899967317, 37.78916199994093], [-122.231486999599, 37.78884399964973], [-122.23165400000356, 37.7886680000254], [-122.23178799989789, 37.78847099986809], [-122.23185200037031, 37.78834700032495], [-122.23189699967784, 37.78824599989638], [-122.23192699981506, 37.78816100026518], [-122.23196000032534, 37.78804400004494], [-122.23197600021885, 37.7879420003389], [-122.23201300002877, 37.787579999883846], [-122.23202399989944, 37.787417999894195], [-122.23203800014315, 37.78735000000306], [-122.23205300021178, 37.78728500021568], [-122.23209000002167, 37.78719000009593], [-122.23215600014392, 37.787055999711924], [-122.23232600002325, 37.786797999782365], [-122.23236500038131, 37.786743999963754], [-122.23250299957523, 37.78655800012889], [-122.23299800004287, 37.78602499986796], [-122.23318700018875, 37.785832000301326], [-122.23330000016666, 37.78572700015247], [-122.23372399959088, 37.7854259997037], [-122.23405400020208, 37.78519299996741], [-122.2341129997533, 37.78513800007483], [-122.23429299967836, 37.784971999828215], [-122.23486400031398, 37.78445499980601], [-122.2351120000111, 37.784217999934064], [-122.235513999694, 37.78380399982618], [-122.23590000038172, 37.783410000032404]]]}}, {"type": "Feature", "properties": {"neighborhood": "Laurel"}, "geometry": {"type": "Polygon", "coordinates": [[[-122.19600199987568, 37.786705999936295], [-122.19622600018167, 37.78659100014521], [-122.19630300017457, 37.78654799994891], [-122.19653699962798, 37.786420999817466], [-122.1966150003441, 37.786378999826645], [-122.19674199966738, 37.7863119999946], [-122.19706100040794, 37.78614499994767], [-122.19712599980697, 37.78611199973219], [-122.19725399985347, 37.786045999966944], [-122.1974890000301, 37.785925000126014], [-122.19819500038494, 37.785562999729784], [-122.1984310003865, 37.785443000124914], [-122.19861200013646, 37.785349000085375], [-122.19915899958433, 37.78506699995939], [-122.19934100005753, 37.78497399976497], [-122.19949699969311, 37.784892999798025], [-122.19996700004639, 37.78465099969219], [-122.20012400040524, 37.78457099969999], [-122.20071500023404, 37.78427299980132], [-122.20176700019528, 37.78372400033711], [-122.20192399965579, 37.78364299971011], [-122.20239499983398, 37.78340400009499], [-122.20255300001773, 37.783324000172954], [-122.2027120000264, 37.78324200018075], [-122.2031909997022, 37.78299599965834], [-122.20335100043408, 37.78291499965346], [-122.2035079998946, 37.782834999912104], [-122.20398200044583, 37.78259599981405], [-122.20413999973127, 37.782517000084034], [-122.20421699972417, 37.78254599977007], [-122.2042739996256, 37.78258700016361], [-122.20437699955774, 37.78267799981297], [-122.2050290003842, 37.783256000064654], [-122.20505399960025, 37.78327799987686], [-122.20524199992124, 37.78345499990245], [-122.20528999960183, 37.78349599979179], [-122.20543500026507, 37.783619999664936], [-122.20548399977058, 37.78366199980381], [-122.20557599983206, 37.783740999729936], [-122.2058529998415, 37.78397900004841], [-122.2059459997279, 37.78405899997144], [-122.20624299982885, 37.78432399971911], [-122.2068110000914, 37.784831000245376], [-122.20714099980431, 37.78511299985199], [-122.20737199978298, 37.78531100005056], [-122.20744399975298, 37.785372999910486], [-122.20749800017967, 37.7854259997037], [-122.20767300008187, 37.78558099972467], [-122.20836699984281, 37.786199000203915], [-122.20859899964641, 37.786406000229185], [-122.20895400037196, 37.786719000284194], [-122.21002100040181, 37.787660999745476], [-122.21037700005397, 37.78797499973719], [-122.21026499990099, 37.788040000337524], [-122.20993000016522, 37.788237000224015], [-122.20981899983715, 37.788303000162266], [-122.20958000036084, 37.78844199966724], [-122.20886300013535, 37.788857999892244], [-122.20862499958568, 37.788998000042], [-122.20841200004865, 37.78912300017974], [-122.20777500018912, 37.78950100011052], [-122.2075629995787, 37.78962799991812], [-122.20741000031614, 37.78971600005922], [-122.20695199965841, 37.78997999985376], [-122.20680000022075, 37.790068999830055], [-122.20661699992266, 37.790174999741694], [-122.20606999957648, 37.79049199973549], [-122.20588800000161, 37.79059899999746], [-122.2058019997879, 37.79064900027244], [-122.20554599969485, 37.790800999963494], [-122.20546100020434, 37.790852999879455], [-122.20536800031792, 37.79090700024487], [-122.20508799993544, 37.791071999697145], [-122.20499599987393, 37.79112700014264], [-122.20495300021622, 37.79115199975076], [-122.20482500016972, 37.791225999705425], [-122.20478300033692, 37.79125200022833], [-122.20472399988736, 37.79128500027812], [-122.20454899998519, 37.79138300010252], [-122.20449100025887, 37.79141700032995], [-122.20434899996866, 37.791501999765266], [-122.2042820000215, 37.791541999925045], [-122.20419300033304, 37.79159500026314], [-122.20370000041353, 37.79190100015898], [-122.20365900040565, 37.791924999985866], [-122.20345000016827, 37.79205000014129], [-122.20340499996246, 37.79207699989155], [-122.20320300029607, 37.79219700008194], [-122.20291100021805, 37.792368000122984], [-122.20244099986475, 37.79267300014772], [-122.20221400008403, 37.79281000022622], [-122.20207400034194, 37.79289299975636], [-122.20165500004227, 37.79314300012984], [-122.20151600012511, 37.793227000207416], [-122.20134299987275, 37.79332400008527], [-122.20082499983887, 37.79361499966451], [-122.20065300030976, 37.79371299994786], [-122.20073500032552, 37.79380299989077], [-122.20077499961018, 37.793843000224534], [-122.20095000041067, 37.79401500020634], [-122.20115700009993, 37.79421899974819], [-122.20128500014643, 37.794344999768384], [-122.20150299970634, 37.79454000020423], [-122.20215899983242, 37.79512700021511], [-122.20238700033637, 37.795308999752564], [-122.20258300015497, 37.795465999991855], [-122.20317399998375, 37.79593800030239], [-122.20337099962724, 37.79609600008756], [-122.2032970000074, 37.79615199980451], [-122.20323799955786, 37.79619699972377], [-122.20284500009578, 37.79650699968463], [-122.20271500039942, 37.796610999966255], [-122.20259200037579, 37.796707000205494], [-122.2022259997796, 37.796994000014124], [-122.20210399958086, 37.79709099991497], [-122.20195600034116, 37.797205000243004], [-122.20151199992716, 37.797549999921124], [-122.20136499961404, 37.79766499969242], [-122.20119300008493, 37.79751599967672], [-122.20067699970089, 37.79706899995591], [-122.20050599999666, 37.79692000015777], [-122.20039999969144, 37.797035000199976], [-122.20011199981134, 37.79735099970881], [-122.20008800042024, 37.797386000184495], [-122.20006800032876, 37.79741800017902], [-122.20002099957476, 37.7975269999454], [-122.19996299984847, 37.79767700009027], [-122.19978899977116, 37.79812599997185], [-122.19973199986977, 37.79827699975352], [-122.19963800015844, 37.798515000103684], [-122.19950500008903, 37.79885799978135], [-122.19934299970734, 37.79922500029058], [-122.19933900040768, 37.79923600030478], [-122.19928599980591, 37.79934599964683], [-122.19924399997312, 37.799407999797474], [-122.19921100036117, 37.79944199988087], [-122.1990439999566, 37.79956200017544], [-122.19854500018934, 37.79992300001039], [-122.19852900029578, 37.79993500004146], [-122.19845800015067, 37.799995000167556], [-122.1983970000513, 37.80006399989741], [-122.19835600004343, 37.799916999994146], [-122.19833099992906, 37.7998229999123], [-122.198299000142, 37.79967199974185], [-122.19825200028635, 37.79955000008377], [-122.19819700003475, 37.79950199969761], [-122.19818899963883, 37.79949500023018], [-122.19812500006475, 37.79946100017118], [-122.1980999999504, 37.7994519997354], [-122.19805800011761, 37.79944699980834], [-122.19784399985737, 37.79942900035188], [-122.1978050003976, 37.79942599996882], [-122.19773000005453, 37.79941499998292], [-122.19764399984082, 37.7993969998089], [-122.1975810000916, 37.79937800021191], [-122.19747899998438, 37.799339000164665], [-122.19741100021228, 37.79916799993269], [-122.19736299963341, 37.79898399969754], [-122.1973400000672, 37.79893099969137], [-122.19709400001989, 37.79854500003973], [-122.19702899972256, 37.798461000330065], [-122.19688599960743, 37.7983019997816], [-122.19683100025416, 37.79822299980592], [-122.19677000015479, 37.798152000196005], [-122.19668099956804, 37.79824199969999], [-122.19661100014613, 37.79832000022245], [-122.196468000031, 37.798459000048496], [-122.19635699970291, 37.79857200025564], [-122.19626600036464, 37.798675000331556], [-122.19623100020453, 37.79873500006147], [-122.19621000028813, 37.79879300018], [-122.19619199984648, 37.79886100018748], [-122.19619000019667, 37.7989099997052], [-122.19619500021953, 37.798948999979004], [-122.19623600022743, 37.799059999881095], [-122.19625899979364, 37.799105000158384], [-122.19628499973291, 37.79914400032922], [-122.1963829996422, 37.79926800020768], [-122.19641399960433, 37.79935700035282], [-122.19641600015247, 37.799403999995384], [-122.19640500028181, 37.79944699980834], [-122.19634599983227, 37.79955200033581], [-122.1962980001517, 37.79960499989636], [-122.19623299985435, 37.79964999984163], [-122.1960300003631, 37.799741999896845], [-122.19589200027083, 37.79981199998552], [-122.1958489997148, 37.79984400034873], [-122.19580900043013, 37.79988699990548], [-122.19573900010995, 37.799994000047555], [-122.19563500035288, 37.800179000013735], [-122.19557699972825, 37.800301000052514], [-122.19549700026062, 37.80052600022389], [-122.1953929996052, 37.8007769997199], [-122.19533700042705, 37.800881999776394], [-122.19524100016757, 37.801000999754564], [-122.19500099996807, 37.80117799991623], [-122.19491899995228, 37.80125000026964], [-122.1948700004468, 37.8013139997362], [-122.19481699984506, 37.80140499974734], [-122.19474900007297, 37.80153899966099], [-122.19466299985926, 37.80177000018623], [-122.19464199994286, 37.80179499974187], [-122.1946160000036, 37.80181500023208], [-122.19453999983563, 37.80183800029227], [-122.19448100028438, 37.801843000057545], [-122.19441400033725, 37.80183899967752], [-122.19434499984195, 37.80182499976541], [-122.19426500037432, 37.80180299979669], [-122.19406799983251, 37.80170599969517], [-122.1939609997024, 37.80165200012497], [-122.19388200005967, 37.801595000220324], [-122.19383600002891, 37.801553999726266], [-122.19380500006677, 37.8015140000187], [-122.1937499998152, 37.801426999834604], [-122.19370999963222, 37.80138999965181], [-122.1936440004083, 37.801370999857696], [-122.19338199956917, 37.80132600025109], [-122.19343099997296, 37.80146099969846], [-122.1935239998594, 37.801681000109355], [-122.19373599957149, 37.80228600034476], [-122.19387899968663, 37.802564999799735], [-122.19403400039563, 37.80281899970991], [-122.19404600009122, 37.80286000021155], [-122.19408499955095, 37.80295600013713], [-122.19391399984671, 37.803035000019285], [-122.19372600042406, 37.8031100002156], [-122.19361900029395, 37.80313099971746], [-122.19353800010308, 37.80312700011697], [-122.19303299958972, 37.803057000330824], [-122.19288699999984, 37.80304199986106], [-122.19275999977823, 37.8030489997021], [-122.19266500024199, 37.80307500032272], [-122.19297200038864, 37.803545000135976], [-122.19303599996275, 37.80369999976587], [-122.19312800002426, 37.803842000318134], [-122.19323199978132, 37.8039699996723], [-122.19329799990358, 37.80405200008467], [-122.19348399967642, 37.80431799987804], [-122.19357900011097, 37.804430000288896], [-122.19367399964722, 37.80452699965196], [-122.19382900035623, 37.804615999848146], [-122.19402299962667, 37.80471399973281], [-122.1941530002213, 37.804805999868286], [-122.19421199977255, 37.804880000341555], [-122.19431399987981, 37.805024000148414], [-122.19444399957614, 37.8052459999807], [-122.1944970001779, 37.80542399995242], [-122.19449899982773, 37.80550900030595], [-122.19447399971338, 37.80555700033708], [-122.19440199974335, 37.80562000028627], [-122.19430200018427, 37.80566400007244], [-122.19419699970393, 37.805689999772504], [-122.19402199980176, 37.805714000088024], [-122.19383500020402, 37.805724999845594], [-122.193687000066, 37.80572399980318], [-122.1935459996007, 37.805718000258125], [-122.19343599999586, 37.8056939999439], [-122.19331399979711, 37.80563600027612], [-122.19320300036733, 37.805568000118036], [-122.19283699977113, 37.80526300010019], [-122.19271100027275, 37.80520500009386], [-122.19255599956371, 37.80512300025196], [-122.19280599980897, 37.80551399982268], [-122.19283599994621, 37.80555999976132], [-122.19326799976635, 37.80610400004119], [-122.1933849999422, 37.80624400015896], [-122.19369799993666, 37.806586000111295], [-122.19373599957149, 37.80662799997138], [-122.19400599990821, 37.806936000107804], [-122.19421400032068, 37.80714600030307], [-122.19424199990978, 37.80717600028225], [-122.19440599994132, 37.8073559999012], [-122.19461299963055, 37.80754699998704], [-122.19469100034667, 37.80760700031708], [-122.19497300037897, 37.80778500027589], [-122.19501699986158, 37.8078180000377], [-122.19506200006745, 37.80785099978481], [-122.1952129996802, 37.807999000232634], [-122.1952560002362, 37.80805500015207], [-122.19526200008396, 37.80811300004923], [-122.19525799988601, 37.80814399964517], [-122.19524500036555, 37.80817499993784], [-122.19522699992388, 37.80820100017329], [-122.19520199980954, 37.808218000322285], [-122.1951669996494, 37.80822899970688], [-122.19508100033403, 37.808246999857644], [-122.19506500044048, 37.80824099980787], [-122.195037999778, 37.80823299974074], [-122.19496300033323, 37.808193000101824], [-122.19481099999727, 37.80807999970951], [-122.19471499973781, 37.807987000092254], [-122.19461199980566, 37.80790199975199], [-122.19434900003989, 37.807650000322475], [-122.19431499970472, 37.80762299987637], [-122.19405899961167, 37.807422999812914], [-122.1943690001314, 37.80775699986426], [-122.19445399962189, 37.80784899975753], [-122.1948620000509, 37.80825499992326], [-122.19505000037186, 37.8084309997281], [-122.1953569996202, 37.80870500008946], [-122.19538799958237, 37.808733000141686], [-122.19570599959968, 37.80900000010605], [-122.19581399955472, 37.809090999873334], [-122.19614800036388, 37.80935200000319], [-122.19670400003254, 37.80977500021232], [-122.19724600035585, 37.81016899993875], [-122.19770999996304, 37.81051800000839], [-122.19779100015391, 37.810588999796245], [-122.19764100036606, 37.81070299987249], [-122.19753300041103, 37.81077800008817], [-122.19747399996149, 37.8108199996931], [-122.19740100016656, 37.810871999711566], [-122.19727399994495, 37.81093000023487], [-122.19720199997492, 37.81095800015304], [-122.19711800030933, 37.81098100020463], [-122.19701799985191, 37.81099699974258], [-122.19669499981173, 37.81101000007431], [-122.19653800035121, 37.811016999869835], [-122.19600000022588, 37.81100500021997], [-122.19578900033866, 37.81099299985845], [-122.19558199975111, 37.81097099978197], [-122.19518099989311, 37.810911000056244], [-122.19464899961555, 37.81082200034957], [-122.19459699973702, 37.81081099993185], [-122.19444100010143, 37.81077800008817], [-122.19439000004778, 37.81076699966389], [-122.19407299985538, 37.81069700002229], [-122.1937020001346, 37.81061599986755], [-122.19322400028373, 37.810500999679185], [-122.19312499965123, 37.810472000319315], [-122.19281400020492, 37.81038300008355], [-122.19265600002117, 37.81031600001864], [-122.19242099984451, 37.81021599979818], [-122.1921930002389, 37.81009499979738], [-122.19204199972783, 37.81001599966061], [-122.19165099991557, 37.80983000021753], [-122.19154399978545, 37.80978600007466], [-122.19145900029497, 37.80975199978506], [-122.19132399967744, 37.80971200025924], [-122.19113799990458, 37.809672000002024], [-122.19097300004815, 37.80965000024168], [-122.19077899987937, 37.809644000305866], [-122.1904759999307, 37.80965900014444], [-122.18992199991182, 37.809725000107484], [-122.1893779999387, 37.80979100001159], [-122.18925400009016, 37.809808999781595], [-122.18907499998998, 37.80982500028324], [-122.18897399970766, 37.809827000256995], [-122.18887800034649, 37.80982200032255], [-122.18880800002631, 37.809809999768696], [-122.18871199976682, 37.80979899990993], [-122.18854100006263, 37.80976400034829], [-122.18848400016118, 37.80974599985753], [-122.18835299974164, 37.80970600032847], [-122.18780499957055, 37.80951200017593], [-122.18759100020861, 37.80944300004636], [-122.18750599981982, 37.80942000022542], [-122.18740500043579, 37.80939799968027], [-122.18733000009273, 37.80938699976008], [-122.18708900006828, 37.809330000147504], [-122.18702100029623, 37.80931900021719], [-122.18688400002888, 37.80930900027911], [-122.18674500011171, 37.80931400024834], [-122.18640299980495, 37.809361999935454], [-122.18609599965826, 37.809421000217796], [-122.18585299998402, 37.80947799976017], [-122.18579400043278, 37.80949300034214], [-122.18545399977586, 37.80958900016216], [-122.1849840003209, 37.809723000130965], [-122.18479000015212, 37.809743999881626], [-122.18463399961819, 37.809753999760744], [-122.18443199995185, 37.80975799971205], [-122.18408399979731, 37.80974699984548], [-122.18378699969637, 37.809723000130965], [-122.1835830003802, 37.8096909997898], [-122.18339400023429, 37.80966200011175], [-122.18323799970038, 37.80962899975461], [-122.183104999631, 37.809602000032065], [-122.18276300022255, 37.80951000019369], [-122.18268500040476, 37.80948999965819], [-122.18235700034168, 37.809383999781595], [-122.1820579996926, 37.80926099984782], [-122.18153600035912, 37.80899600011373], [-122.18142099983308, 37.80893000020877], [-122.18132899977158, 37.80887700024242], [-122.18117999980865, 37.808785000210435], [-122.18101499995221, 37.80865999998335], [-122.18081199956262, 37.808474999968595], [-122.18068799971405, 37.80833799984316], [-122.18047500017704, 37.808056000162935], [-122.18046799960604, 37.808047000064796], [-122.18040499985683, 37.807935000171256], [-122.17988299962502, 37.80686799972731], [-122.17979300011166, 37.80666300030962], [-122.17949400036092, 37.805829999965354], [-122.17928599994846, 37.80525000017615], [-122.17921300015352, 37.80506800028967], [-122.17915700007703, 37.80498100003338], [-122.1791699995975, 37.80496499990167], [-122.17910900039644, 37.80490500026407], [-122.17906900021347, 37.8048429997593], [-122.1790509997718, 37.80482099997983], [-122.17898399982465, 37.80473799965579], [-122.1789019998089, 37.804637000341366], [-122.17881399994535, 37.80454299987855], [-122.17870199979237, 37.804431999698984], [-122.17842499978292, 37.80420199975506], [-122.17819899982709, 37.80401399973179], [-122.17813899955264, 37.8039639999848], [-122.17695299969712, 37.8047110002742], [-122.1762630001341, 37.80421299973783], [-122.17531300028011, 37.803528999693164], [-122.17552199961918, 37.80325999966986], [-122.17595699981237, 37.80269899973826], [-122.17557100002297, 37.802507999889876], [-122.17390099957046, 37.80168499978815], [-122.17232300007774, 37.800928999868184], [-122.1706149999904, 37.800138000153254], [-122.17071799992257, 37.799916999994146], [-122.17078999989258, 37.79975500008053], [-122.17080999998407, 37.79969599988359], [-122.17082300040286, 37.799586999768636], [-122.1708269997025, 37.79955799967187], [-122.17082900025063, 37.799364999961824], [-122.17082400022777, 37.799259999878366], [-122.17081900020489, 37.799150999829855], [-122.17070299985393, 37.798937999922074], [-122.17068899961022, 37.79882799997245], [-122.17065299962522, 37.79862499980956], [-122.17064299957948, 37.798582999657285], [-122.17049399961655, 37.797781000144425], [-122.17043000004244, 37.79737799965133], [-122.17041999999672, 37.79727399973965], [-122.17041699962365, 37.79708699998743], [-122.17043099986736, 37.79701499983512], [-122.17044400028615, 37.79696900025316], [-122.17046100000461, 37.79691299973588], [-122.17049500033978, 37.79683999996113], [-122.17059300024908, 37.79668399996731], [-122.17066000019622, 37.796604999680994], [-122.17075399990757, 37.796511999810754], [-122.17087299973323, 37.79642699975059], [-122.17102500006922, 37.796342999762075], [-122.17109899968905, 37.796312000181615], [-122.17116800018434, 37.79628799965021], [-122.17126000024585, 37.79626200018971], [-122.17132200017014, 37.79625099973265], [-122.17143799962278, 37.796232000036355], [-122.17160599985226, 37.79622400008807], [-122.17169100024107, 37.79622599972031], [-122.17183699983094, 37.79623800035196], [-122.171988000342, 37.79626899996348], [-122.17214399997762, 37.79632699988864], [-122.17229499959033, 37.796401000338946], [-122.1723690001085, 37.7964439997704], [-122.17265000031593, 37.796626000322426], [-122.17290100038608, 37.79679700005032], [-122.17303699993019, 37.79688900010958], [-122.17322299970301, 37.797015999995466], [-122.17332399998537, 37.79706899995591], [-122.17342199989466, 37.79711299986743], [-122.1736009999948, 37.79716299999316], [-122.1738339996233, 37.7971740003144], [-122.1740439996856, 37.797171999998035], [-122.17414099976997, 37.797161999834806], [-122.1742260001588, 37.797147999746024], [-122.17431499984725, 37.79712499964514], [-122.17448100042692, 37.797058999778784], [-122.17451499986377, 37.79704099974046], [-122.17456300044269, 37.79701700015579], [-122.17463200003965, 37.79697099986523], [-122.17470999985744, 37.796912000283996], [-122.17481699998758, 37.796795999887], [-122.17483799990394, 37.79676599995051], [-122.17490200037638, 37.79667700023291], [-122.1749600001027, 37.79657300004415], [-122.17502200002698, 37.79643499967688], [-122.17510999989055, 37.79625199990334], [-122.17519600010426, 37.79607799981458], [-122.17581799989517, 37.794814000281804], [-122.17599500034551, 37.794631000042166], [-122.17606800014043, 37.79456799994787], [-122.17614400030844, 37.79451100025569], [-122.17624399986752, 37.794445000183615], [-122.17640000040146, 37.79437499997814], [-122.17646499980049, 37.79434599996488], [-122.17655000018928, 37.79431999982088], [-122.17675600005362, 37.79426400013501], [-122.17684800011511, 37.79424600012553], [-122.17692000008515, 37.794239000160076], [-122.1770099995985, 37.794236999764244], [-122.17716399958431, 37.794240999846046], [-122.177289999981, 37.79425400028801], [-122.17741499965447, 37.79427299978313], [-122.17751299956377, 37.794291999983244], [-122.17761899986897, 37.79431999982088], [-122.1778039998169, 37.794398999711284], [-122.17789500005348, 37.794448000059056], [-122.17810199974274, 37.794591000134986], [-122.17854600015674, 37.7949590000257], [-122.17917399979545, 37.79547500020342], [-122.17935999956828, 37.795617999711205], [-122.17939599955331, 37.79564500028713], [-122.1796409997757, 37.795800000168605], [-122.17974299988293, 37.79586500027403], [-122.17990899956429, 37.7959469997466], [-122.18006699974804, 37.79600499992456], [-122.18025300041919, 37.79606700003999], [-122.18038499976535, 37.796097999723266], [-122.18056499969042, 37.79613300008274], [-122.18058099958395, 37.7961359998897], [-122.18070699998064, 37.79616399973832], [-122.18091299984496, 37.796185999966895], [-122.18113799997586, 37.796209999821535], [-122.18123000003736, 37.79621600013888], [-122.18144299957437, 37.79623099986539], [-122.1817670003378, 37.79626799979302], [-122.18197499985195, 37.796300000271785], [-122.18210000042374, 37.79633300019648], [-122.18217499986848, 37.796359999801226], [-122.18232499965632, 37.79641600002791], [-122.18246899959637, 37.796485000261505], [-122.18257099970361, 37.7965549998874], [-122.18258099974935, 37.79656299979988], [-122.18271499964365, 37.79666800016772], [-122.18276900007034, 37.796716999720466], [-122.18285600010896, 37.79681600031116], [-122.1828739996523, 37.79684699968008], [-122.18294399997251, 37.79696599977023], [-122.18311700022487, 37.797373999739385], [-122.18321900033212, 37.79752999969575], [-122.1832870001042, 37.79761700021085], [-122.18338900021143, 37.7977250002427], [-122.18349499961832, 37.797805000190785], [-122.18361000014438, 37.797877999721734], [-122.1837110004267, 37.797926999891516], [-122.18416099979018, 37.79811599993781], [-122.18453599970891, 37.79825000013957], [-122.18478699977906, 37.798332999946666], [-122.18499699984137, 37.798401999809336], [-122.18536900028538, 37.79848900000729], [-122.18499600001645, 37.79803400003345], [-122.18438699974601, 37.79724399999727], [-122.18422899956227, 37.79703900013028], [-122.18374499986358, 37.796389999902594], [-122.18321099993622, 37.79570500034853], [-122.18289600029193, 37.7952819997637], [-122.18274700032903, 37.79507099972119], [-122.18247600016737, 37.79466699986913], [-122.182302999915, 37.79439100027434], [-122.18199400011852, 37.79387000002947], [-122.18179800029993, 37.79403699965511], [-122.18162300039774, 37.794182000214114], [-122.18156899997109, 37.79421100029175], [-122.18151500044273, 37.79423099999598], [-122.18145299962013, 37.794239000160076], [-122.1813949998938, 37.79423500007817], [-122.18132000044905, 37.79421700006163], [-122.1812819999159, 37.79420000023918], [-122.1812479995807, 37.79417999981668], [-122.18119300022744, 37.79412400002463], [-122.18116100044038, 37.7940769998622], [-122.1811139996864, 37.793959999781066], [-122.1810700002038, 37.79372299986808], [-122.18106699983075, 37.79368300017917], [-122.18104000006659, 37.7936129999616], [-122.18099700040887, 37.79353200023557], [-122.18088699990571, 37.793393999866765], [-122.1807530000114, 37.793213000082815], [-122.18061599974403, 37.79304000014943], [-122.18046199975825, 37.79285500005146], [-122.17991799978513, 37.7921419997231], [-122.17983199957142, 37.79200700028209], [-122.17970799972284, 37.791859999963414], [-122.17965699966922, 37.79176500004622], [-122.17963800030095, 37.791705999856795], [-122.17963300027809, 37.79168799993402], [-122.17963400010301, 37.79161000021797], [-122.1796769997607, 37.791461000058206], [-122.17976700017239, 37.79126400024812], [-122.17986000005881, 37.79102100017686], [-122.179894000394, 37.790906000001826], [-122.17990799973937, 37.79086300018671], [-122.179930000379, 37.79073899968825], [-122.17992600018106, 37.79067500028847], [-122.17992399963292, 37.79062800006168], [-122.17990699991448, 37.79058600033219], [-122.17986900027964, 37.79052500012477], [-122.17982499989871, 37.79046899969212], [-122.17973500038534, 37.79038199998803], [-122.17967000008801, 37.7903210003221], [-122.17960300014087, 37.79025900035402], [-122.17954100021657, 37.79020899981513], [-122.17946199967555, 37.79015599990267], [-122.1793880000557, 37.79010799980182], [-122.17918700021424, 37.78997900030809], [-122.17915500042722, 37.78995199979118], [-122.17912500028997, 37.789926000230665], [-122.17901399996188, 37.78980599990152], [-122.17889699978603, 37.789668999932346], [-122.17862800017251, 37.789321000283216], [-122.17861700030186, 37.789307999683196], [-122.1784390000266, 37.78909199969957], [-122.17839100034605, 37.78903800013746], [-122.17824800023091, 37.788875999794556], [-122.17820100037525, 37.78882200007459], [-122.17812400038237, 37.78871899974997], [-122.177987000115, 37.78853499975699], [-122.17791500014499, 37.78844700033919], [-122.17789000003062, 37.78841600028535], [-122.17780999966469, 37.788316999797345], [-122.177690999839, 37.7881689996667], [-122.17752900035559, 37.788012000249765], [-122.17739499956298, 37.78786299993392], [-122.17728099976016, 37.78773700021854], [-122.17719500044475, 37.78763300022405], [-122.17708199956853, 37.78742400021568], [-122.17706099965214, 37.78735000000306], [-122.1770509996064, 37.78727599971634], [-122.17705200032964, 37.787193999849364], [-122.17710400020815, 37.7869730000145], [-122.17713199979725, 37.786864999883676], [-122.17715400043686, 37.786828999804996], [-122.17743800011901, 37.78619999980073], [-122.17769199966389, 37.785639999835055], [-122.17776600018206, 37.785526999726756], [-122.17777600022782, 37.78551300027309], [-122.17780999966469, 37.78545000021372], [-122.1778520003958, 37.7853749998364], [-122.17795600015286, 37.78516999969463], [-122.17801800007716, 37.785050000161604], [-122.17804800021436, 37.784978999961616], [-122.17808800039734, 37.78490399981623], [-122.17814699994858, 37.78483399980124], [-122.17819999965201, 37.784783000235386], [-122.17827800036815, 37.7847079998911], [-122.17832100002583, 37.7846689999092], [-122.17839999966857, 37.78460700016865], [-122.17852799971509, 37.784527999748306], [-122.17861999977659, 37.78447699997129], [-122.17872100005894, 37.784432000013524], [-122.17849099990516, 37.78399400012933], [-122.17845099972219, 37.783912000170496], [-122.17840100039179, 37.78382200024949], [-122.17878499963305, 37.783897999700876], [-122.1791760003436, 37.78397700008472], [-122.17945099980489, 37.78401900002072], [-122.17973500038534, 37.78404599986558], [-122.17989299967077, 37.78405500004834], [-122.17994799992235, 37.78405500004834], [-122.18019399996966, 37.784057000009916], [-122.18033999955951, 37.78406400022995], [-122.18044099984186, 37.78406499985564], [-122.18070100013286, 37.784070000113786], [-122.1807250004223, 37.78407099973939], [-122.18074399979054, 37.78407099973939], [-122.1808450000729, 37.78407499966163], [-122.18109699996796, 37.784081999879994], [-122.18185500020135, 37.78410600011656], [-122.18210799992131, 37.78411399995702], [-122.18238699958057, 37.78412700005086], [-122.18272999971227, 37.78414400006098], [-122.18354300019725, 37.78416300002588], [-122.1836889997871, 37.78416699994313], [-122.18470499976333, 37.784191000152035], [-122.18492400004645, 37.78420600018993], [-122.18585299998402, 37.784244999706175], [-122.18746499981192, 37.784334000200026], [-122.18778399965416, 37.784355000069546], [-122.18795000023383, 37.7843709996957], [-122.18858600026844, 37.784445999672016], [-122.18862100042855, 37.784452000234765], [-122.18869400022348, 37.78446300031867], [-122.18873299968322, 37.78446900017011], [-122.18875699997267, 37.784473000070804], [-122.18925300026524, 37.78456099996111], [-122.1901520000656, 37.784720999880506], [-122.19048900034949, 37.78479200032839], [-122.19084900019962, 37.78487999983886], [-122.19116899986675, 37.78496299975712], [-122.1916650001593, 37.78509999993153], [-122.1919820003517, 37.78520099969021], [-122.19218300019315, 37.785265000281214], [-122.19228699995023, 37.7853009997019], [-122.19300500000061, 37.785551999809606], [-122.19319599979632, 37.785627000007295], [-122.19349600027029, 37.785745999710414], [-122.19387600021189, 37.78590599990414], [-122.19395999987748, 37.78594300003273], [-122.19405500031203, 37.78598500027139], [-122.19438000000206, 37.78613600001944], [-122.19532200035842, 37.78660399980333], [-122.19577500009497, 37.786828999804996], [-122.19587100035443, 37.78677800019595], [-122.19600199987568, 37.786705999936295]]]}}, {"type": "Feature", "properties": {"neighborhood": "Lockwood Gardens"}, "geometry": {"type": "Polygon", "coordinates": [[[-122.18687300015822, 37.75917699973001], [-122.18636199979706, 37.75892900016393], [-122.18619000026793, 37.75884600013496], [-122.18604899980261, 37.75877800023856], [-122.18562600020331, 37.75857700008547], [-122.18548599956291, 37.75850999991308], [-122.18504700007009, 37.75829800002779], [-122.18488800006145, 37.758221999827185], [-122.1847240000299, 37.75814400030636], [-122.18436800037775, 37.7579749998788], [-122.18428999966164, 37.75793699997742], [-122.18405799985804, 37.75782400013673], [-122.18398099986514, 37.75778700013884], [-122.18393400000949, 37.757763999862085], [-122.18347899972481, 37.75754500008004], [-122.18268000038186, 37.75717400001406], [-122.18244600003014, 37.757064999681255], [-122.18157999984173, 37.756655000203615], [-122.18052299985763, 37.75615200035468], [-122.18031299979535, 37.75605099997268], [-122.17968400033172, 37.75574800013021], [-122.17947500009434, 37.755646999906915], [-122.17940300012431, 37.755611000251086], [-122.17918800003916, 37.75550599979358], [-122.17911699989405, 37.75547100008143], [-122.17918399984119, 37.75540399993696], [-122.17922099965111, 37.75536300009426], [-122.17930199984198, 37.7553029999543], [-122.17955700011011, 37.755180000190066], [-122.18100200043172, 37.75448699989677], [-122.18148399958227, 37.754257000042465], [-122.1819370002171, 37.754032999663885], [-122.18329600032502, 37.7533640002636], [-122.18374999988647, 37.75314200011007], [-122.18391200026817, 37.753068999718856], [-122.18440199981463, 37.75285299967686], [-122.18456500002124, 37.75278199980817], [-122.1846539997097, 37.75288399972825], [-122.18492099967337, 37.75319200015158], [-122.18501000026016, 37.75329500025843], [-122.18638299971344, 37.75264600016952], [-122.18842300006183, 37.75168400003734], [-122.19050100004503, 37.75069099993618], [-122.19187199984853, 37.75003599993233], [-122.19224799959217, 37.74985000008335], [-122.19228299975225, 37.7498270001803], [-122.19232499958507, 37.749799999914416], [-122.19238800023257, 37.74975700033871], [-122.19242400021754, 37.74973399969645], [-122.1926519998232, 37.74946299971269], [-122.19333800008654, 37.74865100030398], [-122.19350899979078, 37.748450000339524], [-122.19356700041541, 37.748381000013836], [-122.19357800028608, 37.7483690001359], [-122.19361199972295, 37.74833299978016], [-122.19362400031679, 37.74832200000343], [-122.19370999963222, 37.74839899982703], [-122.19396999992324, 37.74863000023786], [-122.19405699996187, 37.74870699974099], [-122.19455699955404, 37.74913400018098], [-122.1947080000651, 37.7492629999191], [-122.19502000023466, 37.749548999891076], [-122.19542799976531, 37.74989900013095], [-122.1957650000492, 37.750193999818606], [-122.19602100014225, 37.75041899982517], [-122.19604100023373, 37.750435999772606], [-122.19627600041038, 37.750631000269216], [-122.1964060001067, 37.75073900006088], [-122.19654800039696, 37.75085699973197], [-122.19661199997104, 37.75091399970432], [-122.19669599963662, 37.75099000030942], [-122.19685100034563, 37.75113099979543], [-122.19723299993706, 37.75147900023319], [-122.1974320001287, 37.751653000193485], [-122.19750099972568, 37.751712999742004], [-122.19757600006874, 37.751778000263435], [-122.19776699986446, 37.751944999811485], [-122.19807599966093, 37.752213999826274], [-122.19820000040781, 37.752320000038786], [-122.1985719999535, 37.75263799976518], [-122.19869699962695, 37.75274500012965], [-122.1991710001782, 37.753180000343534], [-122.19922100040691, 37.75322600018891], [-122.19971000012845, 37.753661999742434], [-122.20031699985078, 37.75419100024873], [-122.20061899997457, 37.75445699983277], [-122.20103300025133, 37.75482299992417], [-122.20110199984833, 37.75488399976333], [-122.2011710003436, 37.75494200020417], [-122.20138300005573, 37.75512199993582], [-122.20169400040035, 37.75538499968353], [-122.20222699960452, 37.75583800013561], [-122.2025089996368, 37.756077000084204], [-122.20216999970307, 37.75621599981508], [-122.20208900041054, 37.756249999883245], [-122.20160399998866, 37.756439999976415], [-122.20144099978205, 37.75650699989291], [-122.20115499955176, 37.756631000288536], [-122.20108900032784, 37.75666000018497], [-122.20082200036416, 37.756782000334965], [-122.20088599993824, 37.756837000016645], [-122.20111100006915, 37.757035999943575], [-122.20177800006594, 37.75759499998682], [-122.2035079998946, 37.7590450003394], [-122.20410100027154, 37.759540000035585], [-122.20464600006957, 37.7600079998786], [-122.20466199996306, 37.76002199990113], [-122.20527999955607, 37.760549999729704], [-122.20561099999216, 37.760846000212304], [-122.205584000228, 37.760862999894584], [-122.20556699961124, 37.760874999876805], [-122.20552399995353, 37.76090999987305], [-122.2055070002351, 37.760921999847646], [-122.20548200012074, 37.76094200003769], [-122.20536099974692, 37.76103399999018], [-122.20503199985895, 37.761263000146926], [-122.20494200034557, 37.7613250002907], [-122.2033599997566, 37.76243500016443], [-122.20331600027397, 37.762466999669336], [-122.20277499977558, 37.76284800001266], [-122.20241599975039, 37.763094000114286], [-122.20213700009113, 37.76328700010335], [-122.20135100026867, 37.763844999880824], [-122.20099700026633, 37.764097000301845], [-122.20069699979236, 37.76430700011512], [-122.1998959999013, 37.76487199991589], [-122.19980200018995, 37.76494199965985], [-122.19961499969389, 37.765084000134], [-122.19950199971598, 37.76514900027008], [-122.19935299975307, 37.76507900001187], [-122.19890900023739, 37.76487199991589], [-122.19876100009938, 37.764802999991836], [-122.19866900003787, 37.76476099979046], [-122.19839500040148, 37.76463499975324], [-122.1983040001649, 37.76459300016657], [-122.19823700021773, 37.76455799978265], [-122.19803899985104, 37.764456000334555], [-122.19797299972879, 37.76442199977711], [-122.19780399967436, 37.764347000079596], [-122.1972980002344, 37.764122999715894], [-122.19713000000489, 37.76404900032164], [-122.19697600001912, 37.763976999937874], [-122.19651400006177, 37.763760999786406], [-122.19636099990089, 37.76368999973366], [-122.19623899970215, 37.76363199976002], [-122.19587300000424, 37.76345900018071], [-122.19575199963042, 37.76340199993103], [-122.19569200025428, 37.76337299983697], [-122.19551399997906, 37.7632860001967], [-122.19545500042781, 37.7632579999642], [-122.19526999958157, 37.76316799975385], [-122.19471499973781, 37.762898999797834], [-122.1945309996148, 37.76280999977387], [-122.1944899996069, 37.76279000008892], [-122.1943699999563, 37.76273300003378], [-122.19432999977332, 37.762714000242404], [-122.19420400027496, 37.762651999842554], [-122.19382900035623, 37.76246800029724], [-122.19370399978446, 37.76240700031996], [-122.1936159999209, 37.762366000097394], [-122.19335200033026, 37.76224399992419], [-122.19326399956837, 37.76220400024273], [-122.1932229995605, 37.76218500031546], [-122.19317599970483, 37.762161999985786], [-122.19290999956606, 37.76203699970553], [-122.19283000009843, 37.76199599998805], [-122.19263000008188, 37.761898000259414], [-122.19203000003228, 37.76160600015328], [-122.19183099984063, 37.76150899983866], [-122.19167500020502, 37.7614349999597], [-122.19120999987462, 37.761212999878595], [-122.19105599988885, 37.76113899970349], [-122.19090399955286, 37.76106799997454], [-122.19044999999143, 37.7608560003183], [-122.19029900037869, 37.76078600025818], [-122.19014600021781, 37.76071600013186], [-122.18969099993316, 37.76050799995393], [-122.18953899959718, 37.76043900021984], [-122.18943700038825, 37.76039000005051], [-122.1891310000665, 37.7602440000058], [-122.18902999978414, 37.76019599965575], [-122.1889639996619, 37.760164999827374], [-122.18876600019351, 37.76007500011463], [-122.18870000007128, 37.76004500018603], [-122.18858600026844, 37.76000100022147], [-122.18824399996168, 37.75987000012345], [-122.18813099998378, 37.759827000008165], [-122.18807699955713, 37.75980299970173], [-122.18791500007372, 37.75973100015614], [-122.18786200037027, 37.759707999773596], [-122.18769999998857, 37.75961900017128], [-122.18721499956666, 37.759352000011624], [-122.18705399990819, 37.759263999942085], [-122.18687300015822, 37.75917699973001]]]}}, {"type": "Feature", "properties": {"neighborhood": "Longfellow"}, "geometry": {"type": "Polygon", "coordinates": [[[-122.27852600025096, 37.82660200009222], [-122.2784869998929, 37.82650199993607], [-122.27845699975566, 37.82642400008918], [-122.27839099963342, 37.8261980003038], [-122.27819499981486, 37.82552299966553], [-122.27813000041584, 37.8252979997364], [-122.27810799977621, 37.82523699981402], [-122.27804300037721, 37.82505500023455], [-122.2780219995625, 37.82499499989268], [-122.27799999982118, 37.824919999928994], [-122.27793600024707, 37.824696999861025], [-122.2779150003307, 37.82462300009053], [-122.27786699975178, 37.82445799966376], [-122.27785500005622, 37.82442399974503], [-122.2776559998646, 37.8238339997459], [-122.27758999974236, 37.82363800022025], [-122.27754600025973, 37.8234969999318], [-122.27741499984016, 37.82307400028863], [-122.27737200018248, 37.82293400015126], [-122.27735799993877, 37.822893000151936], [-122.2773179997558, 37.82277000001743], [-122.27730500023534, 37.82272999973916], [-122.27726099985439, 37.82259800029903], [-122.27725199963355, 37.8225680001998], [-122.27713299980788, 37.82220299967178], [-122.27709099997509, 37.82207199981975], [-122.27705400016517, 37.821964999735606], [-122.27694500038521, 37.821644999798366], [-122.27690900040021, 37.8215390003426], [-122.27686599984418, 37.82140700019157], [-122.27680999976768, 37.82123599996755], [-122.27673899962257, 37.821013999957074], [-122.27669699978978, 37.82088300012356], [-122.27666900020068, 37.82079600005141], [-122.27658700018492, 37.820534999929386], [-122.27656000042073, 37.820448000156695], [-122.27649699977323, 37.820253999845676], [-122.27646800035923, 37.8201640002013], [-122.27630799962735, 37.81967200011098], [-122.27624599970308, 37.81947799988924], [-122.27620700024332, 37.81935600030803], [-122.27609099989239, 37.81899100021726], [-122.27605300025753, 37.81886999969548], [-122.27625499992389, 37.81891099980066], [-122.27686099982131, 37.8190370002756], [-122.27697600034735, 37.819060999801], [-122.27706300038598, 37.819080999872654], [-122.27726599987726, 37.81912900030627], [-122.27787799962243, 37.81927499971853], [-122.27808199983696, 37.81932399988423], [-122.27828699987636, 37.81936899987748], [-122.27890399964443, 37.81950500025789], [-122.27911000040706, 37.819550999995954], [-122.27931600027138, 37.819599999978436], [-122.27993499968927, 37.819746999730825], [-122.28014200027681, 37.81979700014466], [-122.28035599963874, 37.819844000261526], [-122.28099800041947, 37.819984999722955], [-122.28121299960634, 37.820033000278336], [-122.28144000028536, 37.82008299978886], [-122.28212400000056, 37.82023400009191], [-122.28226399974263, 37.820265000275654], [-122.28231399997136, 37.82027799968501], [-122.28235300032945, 37.82028300033061], [-122.28255900019376, 37.82033000013802], [-122.28317699978672, 37.820471000090265], [-122.28338299965105, 37.82051900032964], [-122.28360199993416, 37.820570000061885], [-122.2842589998852, 37.8207240003057], [-122.28447899999321, 37.820775999734884], [-122.28467900000977, 37.82082500032339], [-122.28496600006493, 37.820896000133644], [-122.28528499990716, 37.820956000259905], [-122.28537600014374, 37.82097300031047], [-122.28548900012167, 37.82099399969962], [-122.2861179995853, 37.82113800001326], [-122.28616799981401, 37.82115400018852], [-122.28622600043865, 37.82116300010813], [-122.28614400042285, 37.821268000271985], [-122.28532599991503, 37.82229100003227], [-122.28493900030077, 37.82276900020587], [-122.2848809996761, 37.82284699965835], [-122.28470800032207, 37.823079999842605], [-122.28465100042067, 37.82315900019186], [-122.2839090000808, 37.82406500006447], [-122.28370200039157, 37.82433000034729], [-122.28364299994205, 37.82440599999038], [-122.28306200015898, 37.82512499974383], [-122.28288999973154, 37.82531999980075], [-122.28278099995158, 37.82544599997828], [-122.28245500043667, 37.82582499969989], [-122.28234699958331, 37.825952000202804], [-122.2821619996354, 37.82614899973471], [-122.28197699968747, 37.826358999917275], [-122.28161299963939, 37.82683600024021], [-122.28130600039106, 37.82723199994656], [-122.28112999976564, 37.82746199981457], [-122.28105899962054, 37.82755199978371], [-122.28094999984059, 37.82768899973102], [-122.28088999956613, 37.82767499975326], [-122.28079500002988, 37.82765199993609], [-122.28033200024761, 37.827540999730275], [-122.27975700031233, 37.82740299975945], [-122.27968100014435, 37.82738299981425], [-122.27915100041496, 37.82725799985653], [-122.27898999985815, 37.827219000342886], [-122.27881199958293, 37.827175999672704], [-122.27870700000092, 37.82715100019562], [-122.2785789999544, 37.82712099981858], [-122.27844699970993, 37.82708899992325], [-122.27819099961691, 37.82702700030836], [-122.27787299959957, 37.826950999816646], [-122.27787799962243, 37.82696700015075], [-122.27789000021633, 37.82700700026125], [-122.27792299982828, 37.82710800019537], [-122.27797700025496, 37.827336999990635], [-122.27807400033934, 37.8276659999182], [-122.27820599968551, 37.828111000145526], [-122.27822599977699, 37.828176999931635], [-122.27829899957192, 37.82839400029566], [-122.27832000038663, 37.82845400000253], [-122.27834299995284, 37.82852199965858], [-122.27836600041739, 37.82859200013648], [-122.27838099958771, 37.82863499998152], [-122.27842599979353, 37.82875999973522], [-122.27844099986216, 37.828803000191904], [-122.27846299960345, 37.82886400000469], [-122.27836899989212, 37.82911699982993], [-122.27825099989133, 37.829429000108135], [-122.27821499990633, 37.82954000031192], [-122.27806099992056, 37.82993400026872], [-122.27790000026206, 37.83036599983107], [-122.2776059996359, 37.83113599992997], [-122.2775560003055, 37.83127600011663], [-122.27734299987016, 37.83183499993711], [-122.27720399995296, 37.83221600026757], [-122.27716799996796, 37.83229700013446], [-122.27694299983708, 37.832897999837975], [-122.27676600028506, 37.83336100014192], [-122.27667900024643, 37.83359500014024], [-122.2766480002843, 37.833669999800684], [-122.27644099969673, 37.83419900030148], [-122.2764099997346, 37.834278999754616], [-122.27637999959738, 37.8343549997933], [-122.27618200012897, 37.83486400030273], [-122.27614600014394, 37.83495999976401], [-122.27589599989871, 37.83566099970749], [-122.27560700019372, 37.836430000256364], [-122.27563800015585, 37.83644700028957], [-122.27464100044617, 37.83640799995721], [-122.27439799987363, 37.836440999694055], [-122.27366999977747, 37.83654400015364], [-122.27342799992813, 37.836578000163584], [-122.27335599995811, 37.83658200008026], [-122.27297699984145, 37.836621000320626], [-122.2729609999479, 37.836623000277854], [-122.27223600022481, 37.83672199986503], [-122.27162799977927, 37.83679199965777], [-122.27151599962629, 37.83680499970314], [-122.27118000006563, 37.836856999861865], [-122.27080400032197, 37.836905999705024], [-122.26968000039071, 37.83705499969421], [-122.26930499957368, 37.8371049997326], [-122.26926799976376, 37.83712099999315], [-122.26923400032689, 37.83713599992391], [-122.26915099958791, 37.83714899990865], [-122.26911200012813, 37.83715600006327], [-122.26902900028747, 37.83716900004449], [-122.26888600017233, 37.837191999732894], [-122.26878400006507, 37.83721399979822], [-122.26870299987421, 37.83723199997583], [-122.26845900037509, 37.83727499975164], [-122.26843799956038, 37.837279000339976], [-122.26832700013058, 37.837303999932786], [-122.26829600016845, 37.837307000195516], [-122.2679349995951, 37.83734600005257], [-122.26738499977422, 37.83740800021953], [-122.26706400028218, 37.83743999989624], [-122.26665300037841, 37.83748199993864], [-122.266588999906, 37.83748900006161], [-122.266448000339, 37.83751100003836], [-122.26612000027595, 37.83756500034055], [-122.26583499987058, 37.83760599999177], [-122.2656309996561, 37.83763599965289], [-122.26564700044794, 37.83757800024975], [-122.26575500040298, 37.837033999909174], [-122.26611500025308, 37.8352269999368], [-122.26611799972781, 37.83521699996106], [-122.2662359997286, 37.83462499968962], [-122.2662580003682, 37.83451400004109], [-122.2662990003761, 37.83431199973434], [-122.2663269999652, 37.83418100009329], [-122.26635100025464, 37.834071000144604], [-122.26637899984372, 37.83393699967589], [-122.26646500005745, 37.83353800006348], [-122.26649400036976, 37.83340499971314], [-122.26651399956295, 37.83331000002559], [-122.26657800003535, 37.83302500022893], [-122.26659899995174, 37.832930999725974], [-122.26662800026406, 37.83277399967553], [-122.26671799977744, 37.83230299964807], [-122.26674799991466, 37.83214700007425], [-122.26677700022697, 37.831984999922135], [-122.26686500009053, 37.831499999862736], [-122.26689500022776, 37.83133900011397], [-122.26693899971038, 37.83119299973398], [-122.26694100025851, 37.83118099981621], [-122.26700599965751, 37.830878000005065], [-122.26704300036575, 37.830698000265734], [-122.26707699980263, 37.83053799989224], [-122.26725099987992, 37.82965599964972], [-122.26727699981919, 37.82953000027483], [-122.26739599964486, 37.82895200022742], [-122.26741900010938, 37.82885199970821], [-122.2674559999193, 37.82869000012629], [-122.26755499965353, 37.82826099989646], [-122.2675660004225, 37.828204999694016], [-122.26759900003445, 37.828043000110696], [-122.2676430004154, 37.82782900007217], [-122.26782800036331, 37.82704399967003], [-122.26785900032544, 37.82693299996883], [-122.26809899962664, 37.826108999868715], [-122.26816200027415, 37.82589400012872], [-122.26833999965106, 37.82528199975], [-122.26836499976545, 37.82519300033892], [-122.26841099979616, 37.825040999757015], [-122.26847600009351, 37.824812999716386], [-122.2685460004137, 37.824532000309325], [-122.26856300013215, 37.82446200023757], [-122.26883000009586, 37.824530999812055], [-122.26904799965574, 37.82457099982384], [-122.26934800012971, 37.824630999800796], [-122.2696860002385, 37.82469600007557], [-122.26971600037571, 37.82470399977796], [-122.27179600000875, 37.825226000125085], [-122.27274000001498, 37.8254640001888], [-122.27336500017896, 37.82563700009624], [-122.27440200007158, 37.82592400029505], [-122.27445300012519, 37.825934999879955], [-122.27506099967243, 37.82605900018311], [-122.2751360000155, 37.82608000025383], [-122.2784879997178, 37.82684800015505], [-122.27861099974146, 37.82687799993355], [-122.27852600025096, 37.82660200009222]]]}}, {"type": "Feature", "properties": {"neighborhood": "Maxwell Park"}, "geometry": {"type": "Polygon", "coordinates": [[[-122.1855340001418, 37.775269999876656], [-122.1861960001157, 37.77466899967209], [-122.18641700004864, 37.77446899985679], [-122.18726800016843, 37.7737829996959], [-122.1874139997583, 37.773669000155806], [-122.18785200032453, 37.77332999979351], [-122.1879989997393, 37.77321700003737], [-122.18807099970934, 37.77316499978369], [-122.18828699961938, 37.773009999998486], [-122.18836000031264, 37.77295900008514], [-122.18843200028267, 37.77290800013666], [-122.18864999984255, 37.77275400030142], [-122.18872299963749, 37.77270399999087], [-122.1888430001864, 37.77261799974681], [-122.18920300003653, 37.77236500017447], [-122.18932400041035, 37.77228000003131], [-122.18976700010111, 37.77197399984277], [-122.1902290000585, 37.771650999768994], [-122.19034500040945, 37.771576000301856], [-122.19039399991493, 37.771584999872665], [-122.19084699965148, 37.771676000284515], [-122.19245699982952, 37.771986000152516], [-122.19305799970407, 37.77209600029713], [-122.19326000026874, 37.77214099995412], [-122.19391499967163, 37.77226699998405], [-122.19568700023142, 37.772606000249716], [-122.19591999985994, 37.77263900010458], [-122.19618599999869, 37.77265200008643], [-122.19859299986989, 37.77265899996644], [-122.19969599988477, 37.7726580001865], [-122.1999169998177, 37.7726580001865], [-122.20058299998956, 37.77265999974637], [-122.20080499974739, 37.772661000236354], [-122.20102400003051, 37.77266200001625], [-122.20168199980645, 37.772665999845785], [-122.20190199991447, 37.772668000115516], [-122.20211699999962, 37.77266899989531], [-122.20276200025512, 37.77267299972452], [-122.20297800016519, 37.77267499999406], [-122.20340400013752, 37.772674000214344], [-122.20468200005458, 37.772674000214344], [-122.20510899985184, 37.772674000214344], [-122.20536199957183, 37.77267599977377], [-122.2061209996301, 37.772684000141176], [-122.20637500007332, 37.77268700018998], [-122.20657500008987, 37.77268799996953], [-122.20717799961423, 37.77269100001816], [-122.20737900035401, 37.77269199979765], [-122.20740699994309, 37.77269199979765], [-122.2074360002554, 37.77269600033565], [-122.20752499994386, 37.77271099986595], [-122.20757400034765, 37.772726999882266], [-122.20761100015757, 37.77273399975523], [-122.20766100038631, 37.77275400030142], [-122.20786999972533, 37.77285300033375], [-122.20849800026238, 37.77315299966535], [-122.20870800032468, 37.77325299964536], [-122.20887999985379, 37.773332999816105], [-122.20939799988766, 37.77357599982155], [-122.20957100014003, 37.77365700011926], [-122.20981800001223, 37.77377399968255], [-122.21056100017698, 37.774125000101805], [-122.2108089998741, 37.774242000344636], [-122.21099399982201, 37.77432899987721], [-122.21154899966581, 37.774592999962216], [-122.21173399961374, 37.77468100025443], [-122.21181200032986, 37.774728999724154], [-122.21190799969102, 37.77479499965425], [-122.21199100043, 37.77486599969609], [-122.21271600015311, 37.775487000236275], [-122.21283400015388, 37.775588000350055], [-122.21296100037547, 37.77569000006481], [-122.21300700040624, 37.7757360001129], [-122.2131460003234, 37.77587600026834], [-122.21319300017906, 37.77592299993644], [-122.21332600024847, 37.77604200035248], [-122.21372499955831, 37.77640099991006], [-122.21385900035092, 37.77652099999439], [-122.21400800031385, 37.77665300014625], [-122.21445900040055, 37.77704899989771], [-122.21460900018837, 37.77718099981684], [-122.21463599995256, 37.77720800002943], [-122.21471999961814, 37.77728899989807], [-122.21474800010557, 37.77731699978817], [-122.21486899958107, 37.77741999967307], [-122.21523199980423, 37.777728999886826], [-122.21535400000296, 37.77783300032772], [-122.21549299992013, 37.77795699976098], [-122.21590999967165, 37.778328999652885], [-122.21605000031205, 37.77845299967421], [-122.2161730003357, 37.7785689997578], [-122.21654200040665, 37.77892099982753], [-122.21666500043028, 37.779038000290385], [-122.21651399991924, 37.77914700019086], [-122.21606100018269, 37.77947700012134], [-122.21591100039487, 37.77958699977076], [-122.21575099966302, 37.77969600028173], [-122.21527000033737, 37.78002599989126], [-122.2151110003287, 37.78013600014372], [-122.2146739995874, 37.78043900018632], [-122.21336300005837, 37.781347999961675], [-122.21292700004031, 37.781651999664234], [-122.21248099997645, 37.78196499997368], [-122.21114199996005, 37.78290699968321], [-122.21069699972112, 37.78322099999499], [-122.21053000021485, 37.78334099965778], [-122.21002899989944, 37.78370300028825], [-122.20986300021808, 37.783824000217365], [-122.20970000001147, 37.78393799971708], [-122.2092110002899, 37.784281999956434], [-122.2090489999082, 37.784396999790744], [-122.20908800026626, 37.78443599991623], [-122.2091839996274, 37.78452199990165], [-122.20959500042946, 37.78489400012241], [-122.20973199979849, 37.78501900010268], [-122.20992000011948, 37.78518500024373], [-122.21048599983392, 37.78568299984971], [-122.2106749999798, 37.78585000023069], [-122.21093299972266, 37.78609000005363], [-122.21129599994582, 37.7864270002199], [-122.21171500024548, 37.786804000154135], [-122.21197800001121, 37.787039999957145], [-122.21182700039849, 37.78712800034053], [-122.21137499958853, 37.787392000152025], [-122.2112249998007, 37.78748099969572], [-122.21105499992137, 37.787579000305655], [-122.2105460001084, 37.787876000078285], [-122.21037700005397, 37.78797499973719], [-122.21002100040181, 37.787660999745476], [-122.20895400037196, 37.786719000284194], [-122.20859899964641, 37.786406000229185], [-122.20836699984281, 37.786199000203915], [-122.20767300008187, 37.78558099972467], [-122.20749800017967, 37.7854259997037], [-122.20744399975298, 37.785372999910486], [-122.20737199978298, 37.78531100005056], [-122.20714099980431, 37.78511299985199], [-122.2068110000914, 37.784831000245376], [-122.20624299982885, 37.78432399971911], [-122.2059459997279, 37.78405899997144], [-122.2058529998415, 37.78397900004841], [-122.20557599983206, 37.783740999729936], [-122.20548399977058, 37.78366199980381], [-122.20543500026507, 37.783619999664936], [-122.20528999960183, 37.78349599979179], [-122.20524199992124, 37.78345499990245], [-122.20505399960025, 37.78327799987686], [-122.2050290003842, 37.783256000064654], [-122.20437699955774, 37.78267799981297], [-122.2042739996256, 37.78258700016361], [-122.20421699972417, 37.78254599977007], [-122.20413999973127, 37.782517000084034], [-122.20398200044583, 37.78259599981405], [-122.2035079998946, 37.782834999912104], [-122.20335100043408, 37.78291499965346], [-122.2031909997022, 37.78299599965834], [-122.2027120000264, 37.78324200018075], [-122.20255300001773, 37.783324000172954], [-122.20239499983398, 37.78340400009499], [-122.20192399965579, 37.78364299971011], [-122.20176700019528, 37.78372400033711], [-122.20071500023404, 37.78427299980132], [-122.20012400040524, 37.78457099969999], [-122.19996700004639, 37.78465099969219], [-122.19949699969311, 37.784892999798025], [-122.19934100005753, 37.78497399976497], [-122.19915899958433, 37.78506699995939], [-122.19861200013646, 37.785349000085375], [-122.1984310003865, 37.785443000124914], [-122.19819500038494, 37.785562999729784], [-122.1974890000301, 37.785925000126014], [-122.19725399985347, 37.786045999966944], [-122.19712599980697, 37.78611199973219], [-122.19706100040794, 37.78614499994767], [-122.19674199966738, 37.7863119999946], [-122.1966150003441, 37.786378999826645], [-122.19653699962798, 37.786420999817466], [-122.19630300017457, 37.78654799994891], [-122.19622600018167, 37.78659100014521], [-122.19600199987568, 37.786705999936295], [-122.19587100035443, 37.78677800019595], [-122.19577500009497, 37.786828999804996], [-122.19532200035842, 37.78660399980333], [-122.19438000000206, 37.78613600001944], [-122.19405500031203, 37.78598500027139], [-122.19395999987748, 37.78594300003273], [-122.19387600021189, 37.78590599990414], [-122.19349600027029, 37.785745999710414], [-122.19319599979632, 37.785627000007295], [-122.19300500000061, 37.785551999809606], [-122.19228699995023, 37.7853009997019], [-122.19218300019315, 37.785265000281214], [-122.1919820003517, 37.78520099969021], [-122.1916650001593, 37.78509999993153], [-122.19116899986675, 37.78496299975712], [-122.19084900019962, 37.78487999983886], [-122.19048900034949, 37.78479200032839], [-122.1901520000656, 37.784720999880506], [-122.18925300026524, 37.78456099996111], [-122.18875699997267, 37.784473000070804], [-122.18873299968322, 37.78446900017011], [-122.18869400022348, 37.78446300031867], [-122.18862100042855, 37.784452000234765], [-122.18858600026844, 37.784445999672016], [-122.18795000023383, 37.7843709996957], [-122.18778399965416, 37.784355000069546], [-122.18746499981192, 37.784334000200026], [-122.18585299998402, 37.784244999706175], [-122.18492400004645, 37.78420600018993], [-122.18470499976333, 37.784191000152035], [-122.1836889997871, 37.78416699994313], [-122.18354300019725, 37.78416300002588], [-122.18272999971227, 37.78414400006098], [-122.18238699958057, 37.78412700005086], [-122.18210799992131, 37.78411399995702], [-122.18185500020135, 37.78410600011656], [-122.18109699996796, 37.784081999879994], [-122.1808450000729, 37.78407499966163], [-122.18074399979054, 37.78407099973939], [-122.1807250004223, 37.78407099973939], [-122.18070100013286, 37.784070000113786], [-122.18044099984186, 37.78406499985564], [-122.18033999955951, 37.78406400022995], [-122.18019399996966, 37.784057000009916], [-122.17994799992235, 37.78405500004834], [-122.17989299967077, 37.78405500004834], [-122.17973500038534, 37.78404599986558], [-122.17945099980489, 37.78401900002072], [-122.1791760003436, 37.78397700008472], [-122.17878499963305, 37.783897999700876], [-122.17840100039179, 37.78382200024949], [-122.1782199997435, 37.783765000077175], [-122.1780230001, 37.78370799986091], [-122.17790400027432, 37.78366500011709], [-122.17769000001408, 37.783588000083995], [-122.17732900033906, 37.78342399988449], [-122.17704899995655, 37.78328100020573], [-122.17677799979494, 37.78312600033081], [-122.17651400020428, 37.78295900018424], [-122.17641000044719, 37.7828929997332], [-122.176079999836, 37.78267199981613], [-122.17587599962152, 37.78253700011356], [-122.17554799955845, 37.78231999985922], [-122.17526200022651, 37.78213699991518], [-122.17505700018707, 37.782005999979575], [-122.17501500035428, 37.781979000099476], [-122.1747709999568, 37.781827000011944], [-122.17405600027946, 37.78138199983637], [-122.1739099997913, 37.78129700012029], [-122.17366299991907, 37.78115500025134], [-122.17361900043646, 37.781128999725766], [-122.17364799985047, 37.78098599986669], [-122.17365500042149, 37.780953000187615], [-122.17368800003342, 37.78082000023447], [-122.1737480003079, 37.780574999843765], [-122.17375199960753, 37.78056100016206], [-122.17377000004922, 37.780504999988686], [-122.17380400038438, 37.78042499976884], [-122.17393400008075, 37.78036700014108], [-122.17454400017611, 37.780295000025696], [-122.17505499963893, 37.78020999976964], [-122.17672300044164, 37.77996100005241], [-122.1767540004038, 37.77995499983501], [-122.17684999976497, 37.77994000035441], [-122.17688300027523, 37.77993499981686], [-122.17699999955276, 37.77991499979329], [-122.17716100010959, 37.77990099998659], [-122.1776139998461, 37.779862999990705], [-122.17799999963549, 37.77985699976535], [-122.17828099984288, 37.779854000007504], [-122.17857200009601, 37.779854000007504], [-122.17944699960694, 37.77985499969013], [-122.17947099989637, 37.77985600008275], [-122.1796559998443, 37.77984999985683], [-122.17973799986007, 37.77984099987206], [-122.17986900027964, 37.77982700005132], [-122.17990600008956, 37.77981899974685], [-122.17999700032614, 37.77980099976864], [-122.18018899994678, 37.7797440000454], [-122.18037499971962, 37.779667999872686], [-122.18038999978822, 37.779660000261025], [-122.1805429999491, 37.77958400000195], [-122.18062199959182, 37.77952400034013], [-122.18079200036946, 37.77936000035327], [-122.18082400015649, 37.77931999998958], [-122.18088299970773, 37.77924999965604], [-122.18134800003813, 37.77863900002619], [-122.181533999811, 37.778402999667755], [-122.18170399969028, 37.7781900002979], [-122.18178700042927, 37.778111999825086], [-122.1819360003922, 37.777965999975144], [-122.18204199979911, 37.7778639998505], [-122.18240199964922, 37.7775489997884], [-122.18255900000804, 37.777411999818135], [-122.18268399968152, 37.77731600007122], [-122.18305899960023, 37.77702899980334], [-122.18318499999693, 37.77693399999119], [-122.18362900041096, 37.77666300024496], [-122.183845000321, 37.776539999788746], [-122.18391899994087, 37.77650899971071], [-122.18400900035253, 37.77648499984755], [-122.18419799960013, 37.77642600023953], [-122.1844360001498, 37.77629500012318], [-122.18506899981138, 37.77565299977387], [-122.18531200038395, 37.775469999655215], [-122.1853650000874, 37.77542499989422], [-122.1855340001418, 37.775269999876656]]]}}, {"type": "Feature", "properties": {"neighborhood": "Melrose"}, "geometry": {"type": "Polygon", "coordinates": [[[-122.19961499969389, 37.765084000134], [-122.19980200018995, 37.76494199965985], [-122.1998959999013, 37.76487199991589], [-122.20069699979236, 37.76430700011512], [-122.20099700026633, 37.764097000301845], [-122.20135100026867, 37.763844999880824], [-122.20213700009113, 37.76328700010335], [-122.20241599975039, 37.763094000114286], [-122.20277499977558, 37.76284800001266], [-122.20331600027397, 37.762466999669336], [-122.2033599997566, 37.76243500016443], [-122.20494200034557, 37.7613250002907], [-122.20503199985895, 37.761263000146926], [-122.20536099974692, 37.76103399999018], [-122.20548200012074, 37.76094200003769], [-122.2055070002351, 37.760921999847646], [-122.20552399995353, 37.76090999987305], [-122.20556699961124, 37.760874999876805], [-122.205584000228, 37.760862999894584], [-122.20561099999216, 37.760846000212304], [-122.20527999955607, 37.760549999729704], [-122.20466199996306, 37.76002199990113], [-122.20464600006957, 37.7600079998786], [-122.20410100027154, 37.759540000035585], [-122.2035079998946, 37.7590450003394], [-122.20177800006594, 37.75759499998682], [-122.20111100006915, 37.757035999943575], [-122.20088599993824, 37.756837000016645], [-122.20082200036416, 37.756782000334965], [-122.20108900032784, 37.75666000018497], [-122.20115499955176, 37.756631000288536], [-122.20144099978205, 37.75650699989291], [-122.20160399998866, 37.756439999976415], [-122.20208900041054, 37.756249999883245], [-122.20216999970307, 37.75621599981508], [-122.2025089996368, 37.756077000084204], [-122.20222699960452, 37.75583800013561], [-122.20169400040035, 37.75538499968353], [-122.20138300005573, 37.75512199993582], [-122.2011710003436, 37.75494200020417], [-122.20110199984833, 37.75488399976333], [-122.20117800001628, 37.754829000050265], [-122.20140800017008, 37.7546660000019], [-122.20148500016298, 37.7546120001507], [-122.20207500016686, 37.754777999672896], [-122.20216300003038, 37.75480300021042], [-122.20314100037177, 37.75474899974895], [-122.20388600018639, 37.754556000210776], [-122.20413100040876, 37.75449400007563], [-122.20448100021314, 37.75440599990922], [-122.20489700013975, 37.754300999872264], [-122.205175999799, 37.75423100000161], [-122.20608999966797, 37.753818999664404], [-122.20622399956227, 37.753758999692835], [-122.20648100037855, 37.75364000035104], [-122.20659600000626, 37.753585999751], [-122.20694400016082, 37.753423999845225], [-122.20705999961343, 37.7533709998385], [-122.20715500004802, 37.753326000124574], [-122.20720600010162, 37.75330299988147], [-122.20735099986658, 37.75323499986193], [-122.20744100027828, 37.75319300019467], [-122.20753699963944, 37.753147999662275], [-122.20756500012683, 37.753180000343534], [-122.20766499968595, 37.75329100009143], [-122.2078379999383, 37.75348300004924], [-122.20803899977976, 37.75371600028701], [-122.20816299962833, 37.75385999965247], [-122.20822299990274, 37.753921000285644], [-122.20859500034675, 37.75434899978587], [-122.2086530000731, 37.75441300009574], [-122.20892900025761, 37.75471699974628], [-122.20926800019133, 37.75511799986764], [-122.20965700035374, 37.755565999768855], [-122.21011400028823, 37.75608100010052], [-122.21060600038282, 37.75663400027834], [-122.21069900026924, 37.75674499981588], [-122.2109079996083, 37.75698299968342], [-122.21141200029678, 37.757556999890305], [-122.21154799984089, 37.75769699966353], [-122.21178800004043, 37.757998000089955], [-122.21181599962951, 37.75802800013849], [-122.21213199999698, 37.758365999655155], [-122.2121959995711, 37.75843599987474], [-122.21238800009003, 37.758648000074714], [-122.21245300038737, 37.75871899999586], [-122.21257899988575, 37.75886600017609], [-122.21295700017751, 37.75930699967437], [-122.2130840003991, 37.75945400010657], [-122.21340599971607, 37.75982000033391], [-122.2136810000757, 37.76013100013815], [-122.21425500018606, 37.76078199978606], [-122.21437400001173, 37.76091900003169], [-122.21469500040212, 37.76128699997965], [-122.21472600036425, 37.76132299971414], [-122.21474899993046, 37.761350000036146], [-122.21480300035715, 37.761412000106986], [-122.21482000007558, 37.76143100023281], [-122.21485199986263, 37.761467999828454], [-122.21488500037289, 37.76144899971213], [-122.21498699958182, 37.76139299997622], [-122.21502099991703, 37.76137499977314], [-122.21510899978057, 37.76131999991444], [-122.21607700007623, 37.76071600013186], [-122.216968000379, 37.76025100035013], [-122.21811200040173, 37.75965599996307], [-122.22212500025303, 37.755953000180504], [-122.22348099998788, 37.754702000117554], [-122.22364699966924, 37.756926000125056], [-122.22364800039246, 37.75694399999034], [-122.22375700017241, 37.758386999798994], [-122.22393999957221, 37.760837999984545], [-122.22421300028199, 37.76281300022326], [-122.2246969999807, 37.7640990000932], [-122.22490399966992, 37.76456299993995], [-122.22457499978195, 37.7648500003073], [-122.22440099970464, 37.76500899968748], [-122.22438800018419, 37.76501999982402], [-122.224249000267, 37.7651320001526], [-122.22375600034752, 37.765578999895155], [-122.22341700041378, 37.765836000160306], [-122.2224030000874, 37.76660799971976], [-122.22206499997857, 37.766865999817995], [-122.22193600010715, 37.76696400006534], [-122.22154899959453, 37.76725999973398], [-122.22142100044634, 37.767359000020946], [-122.22098500042826, 37.767680999822446], [-122.22083100044246, 37.767795000073306], [-122.22072299958911, 37.76787499975824], [-122.22066499986282, 37.767918000165594], [-122.22060799996139, 37.767959999994346], [-122.22053599999136, 37.76800699972375], [-122.2204690000442, 37.76805400013336], [-122.22043100040938, 37.76808100012851], [-122.22033699979974, 37.76814300023791], [-122.2202570003321, 37.768206999975675], [-122.21993199974376, 37.768460000282836], [-122.21990300032977, 37.76848099969122], [-122.21898500026285, 37.76919799965241], [-122.21810400000581, 37.769867999825586], [-122.21791099966198, 37.77001199970401], [-122.21739400035135, 37.77040199994895], [-122.21733400007689, 37.770443999787105], [-122.21713999990814, 37.77058499983007], [-122.21707600033403, 37.77062700027433], [-122.21706700011319, 37.77063299982862], [-122.21692399999804, 37.77074800030509], [-122.2168629998987, 37.77079399987751], [-122.21679500012664, 37.770847999987396], [-122.21671300011087, 37.770910999710736], [-122.21619500007702, 37.77131299989351], [-122.21615999991691, 37.771337999813255], [-122.21611300006124, 37.77137200003139], [-122.21607700007623, 37.771400000032216], [-122.21562199979155, 37.77175500023913], [-122.2154560001102, 37.77187899992579], [-122.21495899999275, 37.77225199965364], [-122.21491100031218, 37.772289000226515], [-122.21479400013631, 37.77237599992692], [-122.21453600039345, 37.772568000054314], [-122.21376200026656, 37.77314599983205], [-122.2135050003486, 37.77333899986091], [-122.21339599967034, 37.773418000168874], [-122.21307099998035, 37.77365400010982], [-122.21296300002531, 37.77373399984661], [-122.2128709999638, 37.77380299995838], [-122.21259700032739, 37.77400999990725], [-122.2125060000908, 37.774080000232225], [-122.21235100028011, 37.774199000064506], [-122.2118859999497, 37.7745570002966], [-122.21179899991107, 37.77462499988696], [-122.21173399961374, 37.77468100025443], [-122.21154899966581, 37.774592999962216], [-122.21099399982201, 37.77432899987721], [-122.2108089998741, 37.774242000344636], [-122.21056100017698, 37.774125000101805], [-122.20981800001223, 37.77377399968255], [-122.20957100014003, 37.77365700011926], [-122.20939799988766, 37.77357599982155], [-122.20887999985379, 37.773332999816105], [-122.20870800032468, 37.77325299964536], [-122.20849800026238, 37.77315299966535], [-122.20786999972533, 37.77285300033375], [-122.20766100038631, 37.77275400030142], [-122.20761100015757, 37.77273399975523], [-122.20757400034765, 37.772726999882266], [-122.20752499994386, 37.77271099986595], [-122.2074360002554, 37.77269600033565], [-122.20740699994309, 37.77269199979765], [-122.20737900035401, 37.77269199979765], [-122.20717799961423, 37.77269100001816], [-122.20657500008987, 37.77268799996953], [-122.20637500007332, 37.77268700018998], [-122.2061209996301, 37.772684000141176], [-122.20536199957183, 37.77267599977377], [-122.20510899985184, 37.772674000214344], [-122.20468200005458, 37.772674000214344], [-122.20340400013752, 37.772674000214344], [-122.20297800016519, 37.77267499999406], [-122.20276200025512, 37.77267299972452], [-122.20211699999962, 37.77266899989531], [-122.20190199991447, 37.772668000115516], [-122.20168199980645, 37.772665999845785], [-122.20102400003051, 37.77266200001625], [-122.20080499974739, 37.772661000236354], [-122.20058299998956, 37.77265999974637], [-122.1999169998177, 37.7726580001865], [-122.19969599988477, 37.7726580001865], [-122.19859299986989, 37.77265899996644], [-122.19618599999869, 37.77265200008643], [-122.19591999985994, 37.77263900010458], [-122.19568700023142, 37.772606000249716], [-122.19391499967163, 37.77226699998405], [-122.19326000026874, 37.77214099995412], [-122.19305799970407, 37.77209600029713], [-122.19245699982952, 37.771986000152516], [-122.19084699965148, 37.771676000284515], [-122.19039399991493, 37.771584999872665], [-122.19034500040945, 37.771576000301856], [-122.19043200044808, 37.77152200001353], [-122.19080200034392, 37.77126500033632], [-122.19133500044639, 37.77089000028232], [-122.19141599973895, 37.77082999995513], [-122.19219400006382, 37.770292000124535], [-122.19268299978533, 37.76994000015491], [-122.193250000223, 37.76953999996299], [-122.19328200001003, 37.76951699979031], [-122.19338199956917, 37.769451000119545], [-122.19341500007944, 37.769428999742786], [-122.19352200020957, 37.76935300032761], [-122.19366799979943, 37.76924999985556], [-122.19384400042483, 37.76912699984848], [-122.19395200037987, 37.769051999951635], [-122.19423600006199, 37.76884799981885], [-122.19433599962113, 37.768776999678884], [-122.19498400024963, 37.76832199996438], [-122.19511200029616, 37.76823899982377], [-122.1957290000642, 37.76780400010434], [-122.19651900008463, 37.76724399995491], [-122.19670400003254, 37.76711299990268], [-122.19725999970127, 37.76672200020447], [-122.19744600037241, 37.76659199979962], [-122.19758600011447, 37.76649299990622], [-122.19800600023906, 37.766196000140816], [-122.19814599998112, 37.76609699971725], [-122.1984170001428, 37.765907000283335], [-122.19922999972941, 37.765338000352116], [-122.19950199971598, 37.76514900027008], [-122.19961499969389, 37.765084000134]]]}}, {"type": "Feature", "properties": {"neighborhood": "Millsmont"}, "geometry": {"type": "MultiPolygon", "coordinates": [[[[-122.183845000321, 37.776539999788746], [-122.18362900041096, 37.77666300024496], [-122.18318499999693, 37.77693399999119], [-122.18305899960023, 37.77702899980334], [-122.18268399968152, 37.77731600007122], [-122.18255900000804, 37.777411999818135], [-122.18240199964922, 37.7775489997884], [-122.18204199979911, 37.7778639998505], [-122.1819360003922, 37.777965999975144], [-122.18178700042927, 37.778111999825086], [-122.18170399969028, 37.7781900002979], [-122.181533999811, 37.778402999667755], [-122.18134800003813, 37.77863900002619], [-122.18088299970773, 37.77924999965604], [-122.18082400015649, 37.77931999998958], [-122.18079200036946, 37.77936000035327], [-122.18062199959182, 37.77952400034013], [-122.1805429999491, 37.77958400000195], [-122.18038999978822, 37.779660000261025], [-122.18037499971962, 37.779667999872686], [-122.18018899994678, 37.7797440000454], [-122.17999700032614, 37.77980099976864], [-122.17990600008956, 37.77981899974685], [-122.17986900027964, 37.77982700005132], [-122.17973799986007, 37.77984099987206], [-122.1796559998443, 37.77984999985683], [-122.17947099989637, 37.77985600008275], [-122.17944699960694, 37.77985499969013], [-122.17857200009601, 37.779854000007504], [-122.17828099984288, 37.779854000007504], [-122.17799999963549, 37.77985699976535], [-122.1776139998461, 37.779862999990705], [-122.17716100010959, 37.77990099998659], [-122.17699999955276, 37.77991499979329], [-122.17688300027523, 37.77993499981686], [-122.17684999976497, 37.77994000035441], [-122.1767540004038, 37.77995499983501], [-122.17672300044164, 37.77996100005241], [-122.17505499963893, 37.78020999976964], [-122.17503299989762, 37.78014500009259], [-122.17477000013191, 37.77914300000199], [-122.17453999997814, 37.779112999998134], [-122.17423100018166, 37.779066999921326], [-122.17404500040881, 37.77902900020674], [-122.17385999956258, 37.778978999879854], [-122.17382199992774, 37.778969000094435], [-122.1736439996525, 37.778899999834074], [-122.17352999984969, 37.778848000027445], [-122.17334499990176, 37.778765000342304], [-122.17319400028902, 37.77868699976619], [-122.17308399978585, 37.778629999893965], [-122.17302000021176, 37.77858200011695], [-122.17283000024094, 37.778440999704145], [-122.17276699959343, 37.77839400021677], [-122.17259199969126, 37.77825599997822], [-122.17206799980961, 37.77784399997664], [-122.17203900039561, 37.77782100025696], [-122.17190499960303, 37.777694000040036], [-122.17180500004389, 37.777575000153135], [-122.17177599973157, 37.7775400002335], [-122.17158199956282, 37.77732399993654], [-122.1715029999201, 37.77722200034617], [-122.17140800038386, 37.777099999829865], [-122.17130600027662, 37.77694600020588], [-122.17117099965908, 37.7767399996818], [-122.17102000004633, 37.77647600016312], [-122.17101099982551, 37.77646000024802], [-122.17093600038075, 37.77631300024505], [-122.17087799975613, 37.77617499967195], [-122.17086500023564, 37.77614900023486], [-122.17083300044858, 37.776081999649776], [-122.17077800019699, 37.775989000220726], [-122.17071000042493, 37.775890000127276], [-122.17060199957162, 37.775753999660864], [-122.1705589999139, 37.77571499992472], [-122.17042800039265, 37.775594999952105], [-122.16983199964267, 37.77493699966981], [-122.16958300012062, 37.77442199997436], [-122.16962699960325, 37.77439599992079], [-122.16966799961112, 37.774372999838505], [-122.16971299981697, 37.77432800011981], [-122.1697360002815, 37.774293999840886], [-122.16975700019792, 37.774246999847215], [-122.16975100035013, 37.77414600003161], [-122.16974200012929, 37.77410700015728], [-122.16972500041084, 37.774066999791444], [-122.16965500009064, 37.77397799971638], [-122.16943300033282, 37.7736930002231], [-122.16933100022557, 37.77359099988336], [-122.16910400044482, 37.77327900010089], [-122.16905500004103, 37.77321199975512], [-122.1689970003147, 37.77300699996279], [-122.16898200024607, 37.77296399967447], [-122.16896399980445, 37.77289099967265], [-122.16894299988805, 37.77279900026798], [-122.1689410002382, 37.7727390000698], [-122.16893899969007, 37.77269600033565], [-122.16894500043618, 37.77264399971555], [-122.16895799995665, 37.77259000020721], [-122.16898100042118, 37.77254100027733], [-122.16903300029973, 37.77243299965066], [-122.16917399986671, 37.7721640000207], [-122.16921900007254, 37.77208000014427], [-122.16959700036433, 37.771358000027035], [-122.16973899975623, 37.77108999983772], [-122.16978200031227, 37.77102000023238], [-122.16987199982565, 37.7708790003088], [-122.1699189996813, 37.77081800016792], [-122.16996999973493, 37.77075399984956], [-122.17004500007799, 37.77067799966588], [-122.17092399978688, 37.7698930002339], [-122.17102099987125, 37.769805999742246], [-122.17126199989569, 37.76960899972806], [-122.17141900025452, 37.76950200032218], [-122.17161800044613, 37.769379999848475], [-122.17200000003756, 37.76917299971919], [-122.17238400017712, 37.769346999959296], [-122.17280699977643, 37.76952799996644], [-122.17313499983948, 37.76966699998498], [-122.17545800004507, 37.77072700012028], [-122.17565399986364, 37.770815999848146], [-122.1762410003928, 37.771082999809124], [-122.1764380000363, 37.77117300032873], [-122.17660000041799, 37.771262000229825], [-122.17671000002288, 37.77133300011403], [-122.17678600019086, 37.77139300003302], [-122.17680700010725, 37.77141000013141], [-122.17694900039747, 37.771529999795725], [-122.17734500023258, 37.77191900005518], [-122.17767099974752, 37.77226300013294], [-122.17795699997778, 37.77256299972817], [-122.17809699971984, 37.77266500006594], [-122.17851799966935, 37.77297200001072], [-122.17865900013464, 37.77307500026865], [-122.178796000402, 37.773182000184704], [-122.17920700030574, 37.77350499996099], [-122.17934399967477, 37.77361299973187], [-122.17941999984275, 37.773669000155806], [-122.17965099982143, 37.77383699975307], [-122.17972899963925, 37.773893000007355], [-122.18016499965731, 37.774257000271376], [-122.18035999965099, 37.774386999982056], [-122.18066400032292, 37.77457599988565], [-122.18116700028817, 37.77487699978648], [-122.18137099960434, 37.77497899977216], [-122.18232399983141, 37.775512999906184], [-122.18312600044568, 37.775966999659126], [-122.18400900035253, 37.77648499984755], [-122.18391899994087, 37.77650899971071], [-122.183845000321, 37.776539999788746]]], [[[-122.18478699977906, 37.798332999946666], [-122.18453599970891, 37.79825000013957], [-122.18416099979018, 37.79811599993781], [-122.1837110004267, 37.797926999891516], [-122.18361000014438, 37.797877999721734], [-122.18349499961832, 37.797805000190785], [-122.18338900021143, 37.7977250002427], [-122.1832870001042, 37.79761700021085], [-122.18321900033212, 37.79752999969575], [-122.18311700022487, 37.797373999739385], [-122.18294399997251, 37.79696599977023], [-122.1828739996523, 37.79684699968008], [-122.18285600010896, 37.79681600031116], [-122.18276900007034, 37.796716999720466], [-122.18271499964365, 37.79666800016772], [-122.18258099974935, 37.79656299979988], [-122.18257099970361, 37.7965549998874], [-122.18246899959637, 37.796485000261505], [-122.18232499965632, 37.79641600002791], [-122.18217499986848, 37.796359999801226], [-122.18210000042374, 37.79633300019648], [-122.18197499985195, 37.796300000271785], [-122.1817670003378, 37.79626799979302], [-122.18144299957437, 37.79623099986539], [-122.18123000003736, 37.79621600013888], [-122.18113799997586, 37.796209999821535], [-122.18091299984496, 37.796185999966895], [-122.18070699998064, 37.79616399973832], [-122.18058099958395, 37.7961359998897], [-122.18056499969042, 37.79613300008274], [-122.18038499976535, 37.796097999723266], [-122.18025300041919, 37.79606700003999], [-122.18006699974804, 37.79600499992456], [-122.17990899956429, 37.7959469997466], [-122.17974299988293, 37.79586500027403], [-122.1796409997757, 37.795800000168605], [-122.17939599955331, 37.79564500028713], [-122.17935999956828, 37.795617999711205], [-122.17917399979545, 37.79547500020342], [-122.17854600015674, 37.7949590000257], [-122.17810199974274, 37.794591000134986], [-122.17789500005348, 37.794448000059056], [-122.1778039998169, 37.794398999711284], [-122.17761899986897, 37.79431999982088], [-122.17751299956377, 37.794291999983244], [-122.17741499965447, 37.79427299978313], [-122.177289999981, 37.79425400028801], [-122.17716399958431, 37.794240999846046], [-122.1770099995985, 37.794236999764244], [-122.17692000008515, 37.794239000160076], [-122.17684800011511, 37.79424600012553], [-122.17675600005362, 37.79426400013501], [-122.17655000018928, 37.79431999982088], [-122.17646499980049, 37.79434599996488], [-122.17640000040146, 37.79437499997814], [-122.17624399986752, 37.794445000183615], [-122.17614400030844, 37.79451100025569], [-122.17606800014043, 37.79456799994787], [-122.17599500034551, 37.794631000042166], [-122.17581799989517, 37.794814000281804], [-122.17519600010426, 37.79607799981458], [-122.17510999989055, 37.79625199990334], [-122.17502200002698, 37.79643499967688], [-122.1749600001027, 37.79657300004415], [-122.17490200037638, 37.79667700023291], [-122.17483799990394, 37.79676599995051], [-122.17481699998758, 37.796795999887], [-122.17470999985744, 37.796912000283996], [-122.17463200003965, 37.79697099986523], [-122.17456300044269, 37.79701700015579], [-122.17451499986377, 37.79704099974046], [-122.17448100042692, 37.797058999778784], [-122.17431499984725, 37.79712499964514], [-122.1742260001588, 37.797147999746024], [-122.17414099976997, 37.797161999834806], [-122.1740439996856, 37.797171999998035], [-122.1738339996233, 37.7971740003144], [-122.1736009999948, 37.79716299999316], [-122.17342199989466, 37.79711299986743], [-122.17332399998537, 37.79706899995591], [-122.17322299970301, 37.797015999995466], [-122.17303699993019, 37.79688900010958], [-122.17290100038608, 37.79679700005032], [-122.17265000031593, 37.796626000322426], [-122.1723690001085, 37.7964439997704], [-122.17229499959033, 37.796401000338946], [-122.17214399997762, 37.79632699988864], [-122.171988000342, 37.79626899996348], [-122.17183699983094, 37.79623800035196], [-122.17169100024107, 37.79622599972031], [-122.17160599985226, 37.79622400008807], [-122.17143799962278, 37.796232000036355], [-122.17132200017014, 37.79625099973265], [-122.17126000024585, 37.79626200018971], [-122.17116800018434, 37.79628799965021], [-122.17109899968905, 37.796312000181615], [-122.17102500006922, 37.796342999762075], [-122.17087299973323, 37.79642699975059], [-122.17075399990757, 37.796511999810754], [-122.17066000019622, 37.796604999680994], [-122.17059300024908, 37.79668399996731], [-122.17049500033978, 37.79683999996113], [-122.17046100000461, 37.79691299973588], [-122.17044400028615, 37.79696900025316], [-122.17043099986736, 37.79701499983512], [-122.17041699962365, 37.79708699998743], [-122.17041999999672, 37.79727399973965], [-122.17043000004244, 37.79737799965133], [-122.17049399961655, 37.797781000144425], [-122.17064299957948, 37.798582999657285], [-122.17065299962522, 37.79862499980956], [-122.17068899961022, 37.79882799997245], [-122.17070299985393, 37.798937999922074], [-122.17081900020489, 37.799150999829855], [-122.17082400022777, 37.799259999878366], [-122.17082900025063, 37.799364999961824], [-122.1708269997025, 37.79955799967187], [-122.17082300040286, 37.799586999768636], [-122.17080999998407, 37.79969599988359], [-122.17078999989258, 37.79975500008053], [-122.17071799992257, 37.799916999994146], [-122.1706149999904, 37.800138000153254], [-122.17055499971593, 37.800109999681496], [-122.16934000044638, 37.79955899979778], [-122.16870500023666, 37.79927099988734], [-122.16838800004427, 37.79912800035262], [-122.16839300006714, 37.80006999990171], [-122.16852899961125, 37.80007399966773], [-122.1685479998778, 37.80015799967256], [-122.16860099958129, 37.80041499968554], [-122.16855700009867, 37.80056799998126], [-122.16852500031159, 37.80067900028968], [-122.1685119998928, 37.80070500032499], [-122.16841099961049, 37.800940000338436], [-122.16854899970272, 37.80108299991424], [-122.16858399986283, 37.80107599988687], [-122.16904900019327, 37.800993999719424], [-122.16917700023977, 37.801095999861964], [-122.16935100031705, 37.80122900023296], [-122.16945800044716, 37.80138999965181], [-122.16955399980833, 37.80153499997435], [-122.16973100025862, 37.80159099982691], [-122.17001999996364, 37.80168300030368], [-122.17007100001726, 37.80188900015329], [-122.17011100020024, 37.80202700026873], [-122.1701520002081, 37.802134000149906], [-122.17020400008664, 37.80224300005523], [-122.17026699983585, 37.80235000033324], [-122.17033200013317, 37.80244600021197], [-122.17040800030115, 37.802545000222366], [-122.17051899973092, 37.80268600007268], [-122.17052799995176, 37.80435900025729], [-122.17052899977669, 37.80465399989128], [-122.17048899959369, 37.80466799997698], [-122.17024799956927, 37.804699000309306], [-122.17010299980431, 37.80473700030973], [-122.16998300015372, 37.804763000336145], [-122.16992700007722, 37.804775000290604], [-122.16967299963399, 37.804970000164985], [-122.16953600026496, 37.805074999938704], [-122.16933200005047, 37.805161000034225], [-122.169059000239, 37.80522799980814], [-122.16876200013806, 37.80529999976226], [-122.16856700014439, 37.80537499978765], [-122.16840399993777, 37.80543799989215], [-122.16830100000563, 37.80549699976095], [-122.16812799975325, 37.80559599994019], [-122.16779899986528, 37.805724999845594], [-122.16764999990237, 37.80578300015325], [-122.16752799970365, 37.80578899969303], [-122.1670969997084, 37.80573300018443], [-122.16679499958462, 37.8056919998582], [-122.16637899965802, 37.805574999719674], [-122.16585300012656, 37.805378999976156], [-122.16503600034194, 37.80517500002376], [-122.16481399968578, 37.80502700030402], [-122.16480500036327, 37.804650999720515], [-122.16480199999022, 37.80447300001496], [-122.16476600000522, 37.80438899994904], [-122.16461000036959, 37.80402599980798], [-122.16439600010935, 37.80351899968081], [-122.16422100020718, 37.803105999904176], [-122.16414599986409, 37.80292900010414], [-122.16401199996979, 37.80283200006182], [-122.1630980001008, 37.80229599981431], [-122.1616319998628, 37.80144300002298], [-122.1617320003202, 37.801149999838664], [-122.16188499958277, 37.80108299991424], [-122.16229200018688, 37.800904000019436], [-122.16232200032408, 37.80002199985351], [-122.16191999974288, 37.80004599988154], [-122.16126299979186, 37.80007599990557], [-122.16112499969958, 37.80007399966773], [-122.15969699999471, 37.80005699977346], [-122.15875600036156, 37.79855899986376], [-122.15841999990256, 37.79802399998696], [-122.15875600036156, 37.79783900030217], [-122.1590550001123, 37.79766999974011], [-122.15948799975733, 37.797424999843265], [-122.15910899964064, 37.79722499984656], [-122.15876399985915, 37.79704300006043], [-122.15872500039943, 37.797062999707855], [-122.15818399990103, 37.79734400003761], [-122.1580640002504, 37.79735400017615], [-122.15796799999096, 37.79730699993905], [-122.15739499970552, 37.7970260001784], [-122.15687400019692, 37.796772000222745], [-122.15667400018036, 37.796669999787945], [-122.15666999998241, 37.7964779997984], [-122.15450999998345, 37.79647700034062], [-122.15226200012091, 37.79647100004443], [-122.15229100043322, 37.7930819999038], [-122.15224399967924, 37.793060000170655], [-122.15121799965725, 37.79303700021676], [-122.15082000017233, 37.79302799970819], [-122.14857700033266, 37.79304899994666], [-122.14331699962815, 37.793017000189316], [-122.143293000237, 37.792126999876274], [-122.14325800007691, 37.79085400012322], [-122.1432439998332, 37.79034900024486], [-122.14261799984433, 37.79030400031314], [-122.14224399975049, 37.7900799997878], [-122.1417990004099, 37.789750999892625], [-122.14202799984045, 37.78946699971133], [-122.14331599980324, 37.787874999794205], [-122.14370599979057, 37.7873929997327], [-122.14357500026932, 37.78730099991741], [-122.14329999990973, 37.78705500012669], [-122.14237299962193, 37.78610999982623], [-122.14122000027668, 37.78493400030952], [-122.1394910002729, 37.78317200001153], [-122.1377520002234, 37.78139800010606], [-122.13612399960365, 37.77973599973195], [-122.13463399997451, 37.77821599972716], [-122.13455100013385, 37.77813599987008], [-122.1343369998736, 37.778282999798236], [-122.13400700016071, 37.77848399964702], [-122.13317600013241, 37.777674000120186], [-122.13375000024277, 37.77731899993206], [-122.13332400027039, 37.776883999667376], [-122.13230599974604, 37.775845999648716], [-122.13180799980366, 37.77533899997498], [-122.13116000007348, 37.77418700011398], [-122.1302400003567, 37.7725540002764], [-122.12986299988985, 37.77188400029818], [-122.12958000003262, 37.77138200013438], [-122.12943400044274, 37.7710929999512], [-122.12907500041756, 37.77037199994853], [-122.12884799973851, 37.769917000106645], [-122.12873599958553, 37.76969400010132], [-122.12868299988209, 37.76960799990683], [-122.12871899986709, 37.76958300011228], [-122.12873399993572, 37.76957299976605], [-122.12875499985212, 37.76953500014219], [-122.12877699959343, 37.76951000032297], [-122.12881099992859, 37.76949199996499], [-122.12886899965494, 37.76947699978173], [-122.12893499977716, 37.76947100013359], [-122.1289590000666, 37.769468999777374], [-122.1291339999688, 37.76947000031055], [-122.12928399975662, 37.76947999996065], [-122.12940699978027, 37.76950099978949], [-122.12953300017696, 37.769534000320014], [-122.12964799980467, 37.76957599994106], [-122.12977800039934, 37.76963699968637], [-122.12986000041512, 37.76969199975113], [-122.13006200008147, 37.76988699990945], [-122.13017099986143, 37.77000100031004], [-122.13020900039456, 37.77004100003522], [-122.13044700004595, 37.77030399999716], [-122.13055800037404, 37.770417999754855], [-122.13069499974304, 37.77052700029314], [-122.13079199982745, 37.77059699965508], [-122.13089099956164, 37.770654000040125], [-122.13104899974539, 37.77073499998853], [-122.1311969998834, 37.77079499968266], [-122.13136500011288, 37.77084700018297], [-122.13153199961913, 37.77088700016061], [-122.13162299985575, 37.770899999740344], [-122.1317190001152, 37.77091300002794], [-122.13191099973582, 37.77093000023665], [-122.1319500000939, 37.770931999843235], [-122.13293500010798, 37.770992999890126], [-122.1330279999944, 37.770999000124824], [-122.13326399999595, 37.77101000008043], [-122.13337399960082, 37.771010999882705], [-122.13346300018759, 37.77100799976586], [-122.13359500043207, 37.77100600016132], [-122.1337250001284, 37.770991000285186], [-122.13383499973325, 37.77097400009045], [-122.13393500019068, 37.770952000166815], [-122.1340489999935, 37.770910999710736], [-122.13423800013938, 37.77084599966843], [-122.13440700019379, 37.7707619997149], [-122.13490500013617, 37.770487999930104], [-122.13507099981753, 37.77039700018644], [-122.1353229997126, 37.77027899972781], [-122.13558300000359, 37.77015900016354], [-122.13572799976855, 37.770097000324185], [-122.13607500009817, 37.769967000171555], [-122.13609400036475, 37.7699600000367], [-122.13623499993174, 37.76991399994546], [-122.13635600030558, 37.76986499966242], [-122.1363999997882, 37.769848999736844], [-122.13653200003269, 37.76980099993943], [-122.13657600041361, 37.76978500000001], [-122.13679399997349, 37.769705000251115], [-122.13702900015014, 37.76961999989045], [-122.13714600032601, 37.76958700010837], [-122.13732799990088, 37.76954799995966], [-122.13746500016822, 37.769530000321055], [-122.13758099962087, 37.76952700014417], [-122.13769799979674, 37.7695289997887], [-122.13780300027703, 37.76953100014329], [-122.13792600030068, 37.769540999785086], [-122.13810700005067, 37.769570000301016], [-122.1382660000593, 37.769604999733104], [-122.13841400019729, 37.7696439998518], [-122.13866299971934, 37.76974000032941], [-122.13913499972244, 37.769968999804185], [-122.1392159999133, 37.77001300022984], [-122.13948000040224, 37.77015900016354], [-122.1396589996041, 37.770267999663396], [-122.13987399968924, 37.770417999754855], [-122.14001500015453, 37.77052499996549], [-122.14022900041479, 37.770712000187544], [-122.1403780003777, 37.7708500003063], [-122.14059500011267, 37.77107899989396], [-122.14088899984058, 37.77145299990331], [-122.14098400027511, 37.77156900031932], [-122.14114599975852, 37.77175500023913], [-122.14133699955421, 37.7719390001118], [-122.14146100030109, 37.772046000251706], [-122.14157099990594, 37.77213400002507], [-122.14174800035627, 37.772260000066936], [-122.14185399976314, 37.77232600007079], [-122.14213499997054, 37.77248300014447], [-122.14224899977336, 37.772539999785714], [-122.14252199958486, 37.77265999974637], [-122.1426510003546, 37.77271000008672], [-122.1430320001211, 37.772864000013605], [-122.14333500006978, 37.77298799997056], [-122.14348900005561, 37.77304299967304], [-122.14366800015573, 37.77309800004469], [-122.1438689999972, 37.773145000058705], [-122.14398299980002, 37.77316099998116], [-122.14420600028106, 37.773182999957555], [-122.14444999978024, 37.773185000213296], [-122.14459399972027, 37.773175000354215], [-122.14468400013196, 37.773166000266855], [-122.1447140002692, 37.77316099998116], [-122.14490699971473, 37.77312999990641], [-122.14507199957117, 37.77308999972207], [-122.1451850004474, 37.77305400003465], [-122.14525800024232, 37.77303100024497], [-122.14537399969495, 37.77298000034611], [-122.14539999963425, 37.772968999973486], [-122.1455739997115, 37.77287799973282], [-122.1456869996894, 37.772806000134125], [-122.14571299962867, 37.77278799986843], [-122.14589299955374, 37.772664000286085], [-122.14590699979745, 37.77265500013653], [-122.14606499998119, 37.77255500005775], [-122.14639899989203, 37.772319999943775], [-122.14641499978553, 37.77230900018304], [-122.14740800019555, 37.77162399965716], [-122.14774499958114, 37.77139300003302], [-122.14805599992576, 37.771206000113054], [-122.14820900008664, 37.77112400016989], [-122.14831600021675, 37.771067999948606], [-122.14857499978453, 37.770948000244566], [-122.14871000040208, 37.77089000028232], [-122.14888600012917, 37.77082200009721], [-122.14917200035941, 37.770724999798034], [-122.1494030003381, 37.770651999715916], [-122.14957300021742, 37.77060799967056], [-122.14971600033253, 37.77057399981118], [-122.14975099959433, 37.77056699973378], [-122.1499940001669, 37.77051700007457], [-122.15015499982536, 37.77048600031145], [-122.15024299968891, 37.770472000139335], [-122.15031600038219, 37.77046000029397], [-122.15034700034433, 37.770456000345106], [-122.15053499976696, 37.77043100012715], [-122.15060900028513, 37.77042199970578], [-122.15094400002089, 37.770404000279925], [-122.15121000015968, 37.7704200000854], [-122.1513530002748, 37.7704409996473], [-122.1514589996817, 37.77046500005228], [-122.1516489996525, 37.77050799966362], [-122.15187100030865, 37.77058700015609], [-122.15215599981569, 37.77071500031636], [-122.15236199968002, 37.77085100011069], [-122.15251800021395, 37.77097700020863], [-122.15263600021473, 37.771092000150084], [-122.15342299986207, 37.772012000343445], [-122.15349400000721, 37.77209400001193], [-122.15359100009158, 37.772177999872454], [-122.15371300029032, 37.77227399990056], [-122.15381600022246, 37.772330999702874], [-122.15395699978947, 37.77239999970385], [-122.1541359998896, 37.77246199974238], [-122.15427800017984, 37.772496999935875], [-122.15449400008991, 37.77252999983939], [-122.15465399992348, 37.77254200005884], [-122.15471199964979, 37.77254200005884], [-122.15485899996288, 37.772544000331926], [-122.15505599960638, 37.77253100033114], [-122.15515799971362, 37.77252500022076], [-122.15527099969155, 37.77250999994264], [-122.15540499958584, 37.77248699998374], [-122.15553400035559, 37.772454000060975], [-122.15563700028775, 37.77242100012354], [-122.15582399988548, 37.772353999710354], [-122.155875999764, 37.77226900026457], [-122.1558930003808, 37.77226099985225], [-122.1559589996047, 37.772230999895974], [-122.15605400003926, 37.772177999872454], [-122.15618200008578, 37.772090999939074], [-122.1561970001544, 37.77207799985864], [-122.15628800039099, 37.77200200032571], [-122.15663200034757, 37.772284999666496], [-122.15665699956362, 37.77230600011892], [-122.15683400001393, 37.77244700016156], [-122.1574499999571, 37.77292000029477], [-122.15770000020235, 37.77309299975439], [-122.15806800044838, 37.7733479999272], [-122.15820200034268, 37.77343100001375], [-122.1582459998253, 37.773458000175765], [-122.15838999976533, 37.773547000166765], [-122.15879200034657, 37.77376799967304], [-122.15897999976922, 37.773862000239525], [-122.1596610000097, 37.7741999998236], [-122.1602739995798, 37.77450399981028], [-122.16169600033523, 37.77523200034039], [-122.16216599979018, 37.77547300030103], [-122.16237300037773, 37.77557899984638], [-122.16270499974043, 37.77574799981199], [-122.16370099962516, 37.776255000231075], [-122.16397699980968, 37.77639599984309], [-122.16403500043434, 37.77642199990336], [-122.16442500042169, 37.776596000125714], [-122.16559799985843, 37.777119999905004], [-122.16563700021649, 37.77713799982602], [-122.16599100021881, 37.77729199976001], [-122.1660320002267, 37.7773110000662], [-122.16615500025034, 37.77736800024548], [-122.16619700008313, 37.77738699982209], [-122.16639600027477, 37.77747800019311], [-122.16651699975029, 37.777533999819596], [-122.16700100034727, 37.77774399981607], [-122.1672030000136, 37.77783199990772], [-122.16745900010665, 37.777946999837305], [-122.1677290004434, 37.778067999959035], [-122.1680409997146, 37.77821400031756], [-122.16822499983762, 37.778299999732425], [-122.16825999999773, 37.77831699966269], [-122.16847699973272, 37.77842599991633], [-122.1687279998029, 37.77855199988548], [-122.16949100005911, 37.77893400012477], [-122.16973299990848, 37.77906200003474], [-122.16978999980986, 37.779092999752166], [-122.16996399988714, 37.77918600024654], [-122.17002199961347, 37.77921699991197], [-122.17005500012375, 37.779235000032386], [-122.17015600040608, 37.77929200014812], [-122.17018999984295, 37.779310999940265], [-122.17024000007167, 37.779335000306], [-122.17039300023255, 37.77940900002377], [-122.17044400028615, 37.77943400004602], [-122.17107899959757, 37.77977300010939], [-122.17134999975922, 37.77991800025868], [-122.17298400022676, 37.78079000020128], [-122.17361900043646, 37.781128999725766], [-122.17366299991907, 37.78115500025134], [-122.1739099997913, 37.78129700012029], [-122.17405600027946, 37.78138199983637], [-122.1747709999568, 37.781827000011944], [-122.17501500035428, 37.781979000099476], [-122.17505700018707, 37.782005999979575], [-122.17526200022651, 37.78213699991518], [-122.17554799955845, 37.78231999985922], [-122.17587599962152, 37.78253700011356], [-122.176079999836, 37.78267199981613], [-122.17641000044719, 37.7828929997332], [-122.17651400020428, 37.78295900018424], [-122.17677799979494, 37.78312600033081], [-122.17704899995655, 37.78328100020573], [-122.17732900033906, 37.78342399988449], [-122.17769000001408, 37.783588000083995], [-122.17790400027432, 37.78366500011709], [-122.1780230001, 37.78370799986091], [-122.1782199997435, 37.783765000077175], [-122.17840100039179, 37.78382200024949], [-122.17845099972219, 37.783912000170496], [-122.17849099990516, 37.78399400012933], [-122.17872100005894, 37.784432000013524], [-122.17861999977659, 37.78447699997129], [-122.17852799971509, 37.784527999748306], [-122.17839999966857, 37.78460700016865], [-122.17832100002583, 37.7846689999092], [-122.17827800036815, 37.7847079998911], [-122.17819999965201, 37.784783000235386], [-122.17814699994858, 37.78483399980124], [-122.17808800039734, 37.78490399981623], [-122.17804800021436, 37.784978999961616], [-122.17801800007716, 37.785050000161604], [-122.17795600015286, 37.78516999969463], [-122.1778520003958, 37.7853749998364], [-122.17780999966469, 37.78545000021372], [-122.17777600022782, 37.78551300027309], [-122.17776600018206, 37.785526999726756], [-122.17769199966389, 37.785639999835055], [-122.17743800011901, 37.78619999980073], [-122.17715400043686, 37.786828999804996], [-122.17713199979725, 37.786864999883676], [-122.17710400020815, 37.7869730000145], [-122.17705200032964, 37.787193999849364], [-122.1770509996064, 37.78727599971634], [-122.17706099965214, 37.78735000000306], [-122.17708199956853, 37.78742400021568], [-122.17719500044475, 37.78763300022405], [-122.17728099976016, 37.78773700021854], [-122.17739499956298, 37.78786299993392], [-122.17752900035559, 37.788012000249765], [-122.177690999839, 37.7881689996667], [-122.17780999966469, 37.788316999797345], [-122.17789000003062, 37.78841600028535], [-122.17791500014499, 37.78844700033919], [-122.177987000115, 37.78853499975699], [-122.17812400038237, 37.78871899974997], [-122.17820100037525, 37.78882200007459], [-122.17824800023091, 37.788875999794556], [-122.17839100034605, 37.78903800013746], [-122.1784390000266, 37.78909199969957], [-122.17861700030186, 37.789307999683196], [-122.17862800017251, 37.789321000283216], [-122.17889699978603, 37.789668999932346], [-122.17901399996188, 37.78980599990152], [-122.17912500028997, 37.789926000230665], [-122.17915500042722, 37.78995199979118], [-122.17918700021424, 37.78997900030809], [-122.1793880000557, 37.79010799980182], [-122.17946199967555, 37.79015599990267], [-122.17954100021657, 37.79020899981513], [-122.17960300014087, 37.79025900035402], [-122.17967000008801, 37.7903210003221], [-122.17973500038534, 37.79038199998803], [-122.17982499989871, 37.79046899969212], [-122.17986900027964, 37.79052500012477], [-122.17990699991448, 37.79058600033219], [-122.17992399963292, 37.79062800006168], [-122.17992600018106, 37.79067500028847], [-122.179930000379, 37.79073899968825], [-122.17990799973937, 37.79086300018671], [-122.179894000394, 37.790906000001826], [-122.17986000005881, 37.79102100017686], [-122.17976700017239, 37.79126400024812], [-122.1796769997607, 37.791461000058206], [-122.17963400010301, 37.79161000021797], [-122.17963300027809, 37.79168799993402], [-122.17963800030095, 37.791705999856795], [-122.17965699966922, 37.79176500004622], [-122.17970799972284, 37.791859999963414], [-122.17983199957142, 37.79200700028209], [-122.17991799978513, 37.7921419997231], [-122.18046199975825, 37.79285500005146], [-122.18061599974403, 37.79304000014943], [-122.1807530000114, 37.793213000082815], [-122.18088699990571, 37.793393999866765], [-122.18099700040887, 37.79353200023557], [-122.18104000006659, 37.7936129999616], [-122.18106699983075, 37.79368300017917], [-122.1810700002038, 37.79372299986808], [-122.1811139996864, 37.793959999781066], [-122.18116100044038, 37.7940769998622], [-122.18119300022744, 37.79412400002463], [-122.1812479995807, 37.79417999981668], [-122.1812819999159, 37.79420000023918], [-122.18132000044905, 37.79421700006163], [-122.1813949998938, 37.79423500007817], [-122.18145299962013, 37.794239000160076], [-122.18151500044273, 37.79423099999598], [-122.18156899997109, 37.79421100029175], [-122.18162300039774, 37.794182000214114], [-122.18179800029993, 37.79403699965511], [-122.18199400011852, 37.79387000002947], [-122.182302999915, 37.79439100027434], [-122.18247600016737, 37.79466699986913], [-122.18274700032903, 37.79507099972119], [-122.18289600029193, 37.7952819997637], [-122.18321099993622, 37.79570500034853], [-122.18374499986358, 37.796389999902594], [-122.18422899956227, 37.79703900013028], [-122.18438699974601, 37.79724399999727], [-122.18499600001645, 37.79803400003345], [-122.18536900028538, 37.79848900000729], [-122.18499699984137, 37.798401999809336], [-122.18478699977906, 37.798332999946666]]]]}}, {"type": "Feature", "properties": {"neighborhood": "Montclair"}, "geometry": {"type": "Polygon", "coordinates": [[[-122.20917699995472, 37.82384500035185], [-122.20912699972602, 37.82378399993807], [-122.2088949999224, 37.823489000098625], [-122.20880200003597, 37.82337000017117], [-122.20848099964564, 37.82299099990471], [-122.20808300016068, 37.82249500023863], [-122.2073650001103, 37.821647000161484], [-122.20728800011739, 37.821553999893226], [-122.20733099977511, 37.82150499978869], [-122.20744600030115, 37.8213770003179], [-122.20767499973168, 37.82108900034217], [-122.20770800024195, 37.82104399997834], [-122.2079009996875, 37.82071299994414], [-122.20793400019775, 37.82065300032996], [-122.2079710000077, 37.82058700020134], [-122.20811699959756, 37.820335999915], [-122.20832099981205, 37.82006799993923], [-122.20847099959987, 37.81989899986206], [-122.20862399976076, 37.819748000292954], [-122.20883499964795, 37.81955500012607], [-122.2095569998963, 37.81904300015768], [-122.20992799961708, 37.81878999985742], [-122.21007400010525, 37.81868399984966], [-122.21017799986234, 37.81861300004055], [-122.21025099965726, 37.81865500015578], [-122.21049199968171, 37.81880800027203], [-122.21121599957989, 37.819264999709645], [-122.21145800032751, 37.819418999837744], [-122.21215000043867, 37.819851999780205], [-122.21223800030221, 37.81990700008436], [-122.21239399993782, 37.82000500025382], [-122.21252600018231, 37.82007899968736], [-122.21275499961284, 37.82022099996517], [-122.21290100010101, 37.82032000027211], [-122.21321499992038, 37.82050700009531], [-122.21331600020272, 37.820566999828124], [-122.2134490002721, 37.820659999920835], [-122.21370299981699, 37.82081700020055], [-122.21396499975783, 37.82098799997612], [-122.21411899974363, 37.82108900034217], [-122.21433200017896, 37.821209000232095], [-122.21439099973017, 37.82124499987715], [-122.21443900030907, 37.82127300014089], [-122.21475599960314, 37.82146200004662], [-122.21486699993123, 37.821532000125465], [-122.21520699968987, 37.82179899992803], [-122.21523099997931, 37.82181700031845], [-122.21525199989574, 37.82181300031092], [-122.21529600027667, 37.821798000103314], [-122.21543699984365, 37.82189900007056], [-122.21569299993666, 37.822073000350365], [-122.21591899989247, 37.82223399973821], [-122.21604399956595, 37.8223229998793], [-122.21613200032783, 37.822388999874796], [-122.2161880004043, 37.82243000015409], [-122.2164980000257, 37.82267400030655], [-122.21655999995, 37.8227219998228], [-122.21696400018105, 37.82296999966454], [-122.21711399996887, 37.82299000009615], [-122.21718500011399, 37.82300000030991], [-122.21736000001616, 37.82319299998377], [-122.21768700025429, 37.823359000203965], [-122.21796400026375, 37.823536999794435], [-122.2179399999743, 37.823572999723176], [-122.21825299996874, 37.82377699993387], [-122.21833300033467, 37.82382999984764], [-122.21850599968872, 37.82394199975443], [-122.21893599985906, 37.82422099969548], [-122.21904399981406, 37.82429099999583], [-122.21907300012639, 37.824520000017884], [-122.21964200021387, 37.82451099979805], [-122.22008900010262, 37.82500400005354], [-122.22015699987467, 37.82499599967409], [-122.22033799962463, 37.82515500022278], [-122.2203839996554, 37.825195999675], [-122.22052199974765, 37.82533100018524], [-122.22052900031868, 37.825287000056555], [-122.22070500004577, 37.8253690002107], [-122.22094199987224, 37.82566999968392], [-122.22100700016958, 37.82575200012206], [-122.2211159999495, 37.82591200023002], [-122.22116000033046, 37.8259710000581], [-122.22126800028546, 37.826117000127454], [-122.22138200008827, 37.82627100015001], [-122.22148400019553, 37.826408000346916], [-122.22160399984615, 37.8265709997319], [-122.22172400039503, 37.826731999950724], [-122.22161399989189, 37.82680199999794], [-122.22171000015133, 37.82689800001563], [-122.22172000019711, 37.826912999896244], [-122.22181999975622, 37.82686200028971], [-122.22190099994707, 37.82694400011284], [-122.22206900017655, 37.82718800024181], [-122.22216100023806, 37.82724000008355], [-122.22222599963706, 37.827277999835566], [-122.22218200015445, 37.82736200011427], [-122.22209099991787, 37.82755000029014], [-122.2221589996899, 37.827576000088065], [-122.22235899970647, 37.827612999921165], [-122.2223689997522, 37.827657999827345], [-122.22235799988154, 37.827721000075684], [-122.22232199989654, 37.827793000090885], [-122.22227500004088, 37.827875000298576], [-122.22224599972854, 37.82793600016904], [-122.22221300011658, 37.828021999889046], [-122.22218899982714, 37.82811300033345], [-122.22219100037528, 37.828168999896164], [-122.22220399989577, 37.828211000249865], [-122.2222420004289, 37.828290999810065], [-122.22230400035318, 37.82836099979752], [-122.22239300004162, 37.8284270000695], [-122.22252100008816, 37.82853600018518], [-122.22259100040837, 37.828722000036834], [-122.22261899999747, 37.82879099988549], [-122.2226700000511, 37.82884899981113], [-122.22279700027268, 37.82891399991837], [-122.22298700024349, 37.828989000080064], [-122.22308799962752, 37.82902000013408], [-122.22313500038149, 37.829035000292876], [-122.22328599999422, 37.82911499966923], [-122.22338899992639, 37.829186000018716], [-122.22354899975994, 37.82933599971294], [-122.2236500000423, 37.82942999982947], [-122.22373399970789, 37.82942299965128], [-122.22381200042399, 37.829503999746365], [-122.22383499999023, 37.829495000134386], [-122.2240509999003, 37.82978500008767], [-122.2240659999689, 37.82980500009132], [-122.22424300041924, 37.830043999999866], [-122.22434299997835, 37.830144000322626], [-122.22444400026068, 37.830245999930426], [-122.22445599995625, 37.83025599987049], [-122.22436899991762, 37.83030400013144], [-122.2243470001763, 37.830316000191786], [-122.22411100017476, 37.8303800000078], [-122.22402300031119, 37.83039600030786], [-122.22372399966214, 37.83045200026654], [-122.22362099972997, 37.83046900025824], [-122.22352700001866, 37.83048499982952], [-122.2233060000857, 37.83053500006377], [-122.22319800013068, 37.8305680002991], [-122.22311799976474, 37.830598999689784], [-122.22301400000765, 37.83065500020386], [-122.22288900033422, 37.8307490000591], [-122.22277700018118, 37.830885000045214], [-122.22263999991385, 37.8310939998222], [-122.22255500042336, 37.83123800029499], [-122.22248900030111, 37.831360999796274], [-122.2224320003997, 37.83150899993968], [-122.22239200021673, 37.831637999975975], [-122.22233000029246, 37.83170200006421], [-122.22216700008582, 37.832052999871664], [-122.22197600029013, 37.83241000035213], [-122.22196600024438, 37.83243000035375], [-122.22194000030512, 37.832460999671575], [-122.22188400022864, 37.832504000099874], [-122.22159899982326, 37.83261499993466], [-122.22146199955593, 37.8326450002065], [-122.22120499963796, 37.83267499975663], [-122.22117700004888, 37.83267499975663], [-122.22114299971366, 37.83266599982197], [-122.22076100012225, 37.83270099987723], [-122.22038600020356, 37.832737000301876], [-122.21961899974934, 37.832821000041996], [-122.2194680001366, 37.83283800019736], [-122.21923899980774, 37.83286299987616], [-122.21909400004279, 37.832877999963216], [-122.21865999967451, 37.832923000205994], [-122.21851599973448, 37.832938999954585], [-122.21832499993874, 37.83299000032737], [-122.21813999999084, 37.83301799968236], [-122.21799900042383, 37.83301799968236], [-122.21764000039865, 37.83296900009468], [-122.2172849996731, 37.8328199996571], [-122.21709999972516, 37.83275799989111], [-122.21703600015105, 37.832674000079315], [-122.21693900006667, 37.83255200031738], [-122.21685899970075, 37.83245100003037], [-122.21682299971572, 37.83240600020925], [-122.21677000001227, 37.83233799987555], [-122.21598199964168, 37.831437999697], [-122.21591499969452, 37.83137899998299], [-122.21578099980022, 37.83126000000741], [-122.21562699981442, 37.83135800000125], [-122.21560099987516, 37.83137400008923], [-122.21558099978368, 37.83138899976948], [-122.21556599971505, 37.83139999995879], [-122.2153010002995, 37.83159499975242], [-122.21528899970563, 37.83157500023395], [-122.21525500026877, 37.831518999708564], [-122.2152169997356, 37.831654999694415], [-122.21519699964412, 37.831688999829055], [-122.21506699994778, 37.831909000280014], [-122.21496800021359, 37.832079000211415], [-122.21467699996043, 37.83257200028057], [-122.21454800008902, 37.83279299990273], [-122.2144069996237, 37.83291799970737], [-122.21398300019949, 37.83329599969533], [-122.2138429995591, 37.83342199973394], [-122.21363800041799, 37.83355700009392], [-122.2134350000284, 37.83370199967994], [-122.21335800003553, 37.833759000339434], [-122.21282300028322, 37.83408500032774], [-122.21273200004663, 37.83414199998188], [-122.21251699996147, 37.834286000181535], [-122.21241900005217, 37.83436299986749], [-122.21232799981557, 37.83444200019887], [-122.21223900012713, 37.834563000021575], [-122.2122099998148, 37.83460399992232], [-122.21216100030932, 37.83470399974049], [-122.21204300030853, 37.835015999805954], [-122.21193700000332, 37.83531200003085], [-122.21181200032986, 37.83566800000327], [-122.21162599965868, 37.83620500024084], [-122.21152399955145, 37.83650299991214], [-122.21148500009173, 37.836618999653936], [-122.21143200038824, 37.83675700012441], [-122.21130699981647, 37.83708500028887], [-122.21121300010513, 37.83731400033508], [-122.21113100008938, 37.83751100003836], [-122.21102899998213, 37.837762000082954], [-122.21095899966195, 37.8379609999296], [-122.21075100014778, 37.83855999970029], [-122.21068300037572, 37.838759999826735], [-122.21065499988832, 37.838826000019054], [-122.21057299987255, 37.83902699972501], [-122.21054699993329, 37.83909399997824], [-122.21046099971957, 37.83928099975947], [-122.21039600032054, 37.839388000274624], [-122.21037700005397, 37.83942100009723], [-122.21004499979294, 37.83989299966291], [-122.20982899988289, 37.84020600005851], [-122.20964099956191, 37.84047899995602], [-122.2095400001779, 37.840670000177454], [-122.20953199978196, 37.84068699994287], [-122.20948199955323, 37.84080199992257], [-122.20939299986479, 37.84110599968396], [-122.2093650002757, 37.841236999796884], [-122.20934799965895, 37.841288999668876], [-122.20933299959033, 37.84134100021364], [-122.20930300035141, 37.841399000205044], [-122.20924300007698, 37.841475000002404], [-122.20918700000045, 37.84152100023376], [-122.20912300042637, 37.84156100025737], [-122.20902600034199, 37.841603000081484], [-122.20898000031123, 37.841619000075724], [-122.20890999999104, 37.841644999881694], [-122.20870199957858, 37.84171900031599], [-122.20858500030101, 37.8417510002507], [-122.20831300031446, 37.84179900012675], [-122.2080260002593, 37.84183299984271], [-122.20798799972613, 37.841834000105386], [-122.20774900024985, 37.84184099981534], [-122.20759699991389, 37.841834000105386], [-122.2072749996986, 37.84180400002339], [-122.2071180002381, 37.84178100035425], [-122.20698900036663, 37.841767999767015], [-122.20685399974913, 37.84176499968575], [-122.20670399996129, 37.84177399992919], [-122.20657699973968, 37.84179499978356], [-122.20634800030913, 37.84187200014445], [-122.20594499990301, 37.84203000024618], [-122.20576199960492, 37.84209300028216], [-122.20529100032503, 37.842269000277724], [-122.20524799976903, 37.84228500012752], [-122.20513999981398, 37.84232700024871], [-122.20505600014839, 37.84235400006066], [-122.20496200043706, 37.8423779998064], [-122.2047809997888, 37.842407999654924], [-122.20470299997096, 37.84243200009245], [-122.2046350001989, 37.84246800002471], [-122.20458300032038, 37.84250599973711], [-122.20452700024387, 37.842558999676655], [-122.20448200003806, 37.84261299983018], [-122.20443600000726, 37.84269000004641], [-122.2043459995956, 37.84275099972765], [-122.20428500039455, 37.84279399983312], [-122.2042050000286, 37.84284199973978], [-122.20413999973127, 37.842875000145206], [-122.20406699993634, 37.8429169999304], [-122.20405699989061, 37.84292299999915], [-122.20401599988271, 37.84294199974058], [-122.20396700037723, 37.842956999906306], [-122.20383699978257, 37.84302200035298], [-122.20375899996476, 37.84306299980853], [-122.20344099994746, 37.843200000038614], [-122.20340800033549, 37.843215000151915], [-122.20330500040332, 37.84324899992451], [-122.20319200042543, 37.843279999661746], [-122.2030569998079, 37.843308000076846], [-122.20298200036314, 37.843326000186075], [-122.20261900013998, 37.84341899997109], [-122.20249000026854, 37.84345399989028], [-122.20233799993258, 37.84347199996388], [-122.20229100007693, 37.84347600021611], [-122.2020869998624, 37.84346299992765], [-122.20200400002174, 37.843455000130966], [-122.20167400030886, 37.843423000226196], [-122.20161700040745, 37.84340800015519], [-122.20153899969132, 37.843373000214115], [-122.20139899994925, 37.843300000263405], [-122.20130900043588, 37.843256999743495], [-122.20125699965901, 37.84323699983964], [-122.2011639997726, 37.843215000151915], [-122.20106300038857, 37.84320700032833], [-122.20093699999188, 37.843212999664075], [-122.20056500044619, 37.84328699994387], [-122.20051799969224, 37.84329400022533], [-122.2002209995913, 37.843343000048776], [-122.20002099957476, 37.8434509998776], [-122.19993799973409, 37.84349199980406], [-122.19990199974909, 37.84351100010831], [-122.19974399956534, 37.843561000026774], [-122.19970000008271, 37.84357199981985], [-122.19952699983035, 37.84358999986465], [-122.19940299998181, 37.84359500034921], [-122.19899299990294, 37.84360099965339], [-122.1989390003746, 37.84360199989209], [-122.19874000018298, 37.84360099965339], [-122.19871800044166, 37.84359400011048], [-122.19868800030444, 37.84356299979578], [-122.19800600023906, 37.84341299994274], [-122.19596599989067, 37.84296600000434], [-122.19528700019833, 37.84281699989576], [-122.19534800029771, 37.84262600026847], [-122.19538900030558, 37.84257899976438], [-122.195622999759, 37.841913000239295], [-122.19533499987891, 37.84168799992257], [-122.19526799993176, 37.841630000158446], [-122.19521400040341, 37.84159300026064], [-122.19512399999172, 37.84155300025438], [-122.19498800044758, 37.84152400032496], [-122.1947709998143, 37.84148699966455], [-122.19460000011007, 37.84146800025771], [-122.19445799981985, 37.84142699991549], [-122.19430399983405, 37.841365999848605], [-122.19419099985618, 37.841283999737385], [-122.19412399990901, 37.84119299993114], [-122.19412300008409, 37.841163999860164], [-122.19412200025917, 37.841149000039074], [-122.19412100043428, 37.84110500012084], [-122.19412100043428, 37.84109099985115], [-122.19412300008409, 37.841071000069284], [-122.19403400039563, 37.84102700010451], [-122.19401400030416, 37.84101900004359], [-122.19399800041063, 37.841012000255624], [-122.193983000342, 37.841004999757565], [-122.1939680002734, 37.84099799996822], [-122.19395300020479, 37.8409899999042], [-122.193939999786, 37.8409839996782], [-122.1939260004406, 37.84098300011343], [-122.19369799993666, 37.84082999985965], [-122.19366500032469, 37.840757999797326], [-122.1936879998909, 37.840655999825174], [-122.19358599978366, 37.8406120003222], [-122.19256700033272, 37.840367999893516], [-122.19206900039033, 37.84024900022896], [-122.1916240001514, 37.83990099984596], [-122.1911720002398, 37.8395479999001], [-122.1905670001673, 37.83909399997824], [-122.19000899995048, 37.838673999853015], [-122.18921800010513, 37.83807799982058], [-122.18907199961693, 37.83797500008396], [-122.18899200014933, 37.83796999992781], [-122.18892299965405, 37.837899999834], [-122.18876500036859, 37.8377369999359], [-122.18860100033709, 37.83775199974135], [-122.18791800044677, 37.83781499988424], [-122.18740100023784, 37.837870999887215], [-122.18733500011557, 37.837865999723974], [-122.18726800016843, 37.837852999865525], [-122.18720399969601, 37.83783800008062], [-122.18713799957376, 37.83781800012617], [-122.18706700032698, 37.83779899977423], [-122.18700399967946, 37.837776000275085], [-122.18691599981594, 37.837771999713695], [-122.18549099958578, 37.83743999989624], [-122.18526899982794, 37.837388000148486], [-122.18511599966706, 37.83735300018849], [-122.18491099962766, 37.836852000339405], [-122.18458099991476, 37.83605000003589], [-122.18455300032566, 37.83598099988108], [-122.18453700043216, 37.835942000011784], [-122.18452599966318, 37.835916000323955], [-122.1845630003714, 37.835914999981085], [-122.18459900035643, 37.83590300012187], [-122.1846960004408, 37.83587200012194], [-122.18476900023573, 37.83584199974337], [-122.18488300003855, 37.8358350001736], [-122.18528600044468, 37.835837000152075], [-122.18552499992096, 37.83586099988998], [-122.18562799985312, 37.83587899968821], [-122.18570800021905, 37.83590599973214], [-122.18579000023485, 37.8359960000436], [-122.18582399967173, 37.836021999703235], [-122.18588499977109, 37.83608299993287], [-122.1859490002435, 37.836169000089534], [-122.18598600005342, 37.83620500024084], [-122.18602399968826, 37.83622899985896], [-122.1860909996354, 37.83624599993849], [-122.1861240001457, 37.8362450003095], [-122.18618900044301, 37.83622499992314], [-122.18622799990275, 37.83620399990183], [-122.18639000028445, 37.83608400027347], [-122.18649700041459, 37.836021999703235], [-122.18659500032389, 37.83597400032444], [-122.18667999981436, 37.83594599996294], [-122.18673599989087, 37.83593600008462], [-122.18680100018821, 37.83593000015702], [-122.18695099997602, 37.83594799993846], [-122.18707700037271, 37.835978000273855], [-122.18716199986322, 37.836017999756194], [-122.18726499979537, 37.83608800021692], [-122.18740100023784, 37.83620900017773], [-122.18744899991839, 37.83623400013317], [-122.18752500008637, 37.83624900024424], [-122.18758199998777, 37.83624700027693], [-122.18761100030012, 37.836236999729934], [-122.1876389998892, 37.83622800022975], [-122.18766499982846, 37.8362099998072], [-122.187688000293, 37.83618499984363], [-122.18776799976062, 37.83607399970443], [-122.18785300014945, 37.83598899977895], [-122.18802899987654, 37.83588999991753], [-122.18797500034817, 37.83585100000013], [-122.18789599980714, 37.83587499973342], [-122.18779000040024, 37.83589100026075], [-122.18767599969912, 37.83590999968525], [-122.18760100025435, 37.83590100014518], [-122.18753099993417, 37.83585299997823], [-122.18736000022994, 37.83559500023067], [-122.18728800025994, 37.83553000033343], [-122.18721299991685, 37.83548599990118], [-122.18715199981747, 37.83544499978113], [-122.1870820003956, 37.83542000026779], [-122.18697400044054, 37.83541899991813], [-122.18697899956513, 37.83530400005957], [-122.18700100020476, 37.83523299992164], [-122.18701399972521, 37.835193999656894], [-122.18704800006039, 37.83512500012036], [-122.18709800028911, 37.83508399979968], [-122.18717199990895, 37.83504999981062], [-122.18728300023704, 37.83503100016469], [-122.1873500001842, 37.8350279998094], [-122.18743600039792, 37.83503700016541], [-122.18747300020785, 37.8350450001657], [-122.18765899998067, 37.83508599979857], [-122.18789800035529, 37.83515500008101], [-122.18795799973144, 37.83517300005156], [-122.18817600018963, 37.83522000030867], [-122.18833799967301, 37.8352429998952], [-122.18847099974239, 37.83524899987873], [-122.18863700032206, 37.83523499991644], [-122.18864900001763, 37.83523499991644], [-122.18888400019429, 37.835193999656894], [-122.1891250002187, 37.83515100008697], [-122.18938499961138, 37.83509199979482], [-122.18989799962239, 37.834955999759394], [-122.19089500023033, 37.83467099993606], [-122.19153700011277, 37.83432700023627], [-122.19174499962692, 37.83420899970571], [-122.19194800001648, 37.834071999803044], [-122.192108999675, 37.833913999682196], [-122.1923570002704, 37.83350600011309], [-122.19256599960947, 37.833213000166104], [-122.19284299961892, 37.83290600007021], [-122.19293899987838, 37.83280899967956], [-122.1930750003208, 37.832669999950745], [-122.1933199996449, 37.83245199971075], [-122.19340900023164, 37.83237399976786], [-122.19357400008808, 37.83226100020457], [-122.19377599975446, 37.83214900015277], [-122.19401500012908, 37.83205200018587], [-122.19553300024565, 37.83167200011845], [-122.19616099988434, 37.83152400030202], [-122.19625100029603, 37.831495999670516], [-122.19640500028181, 37.831450000282494], [-122.19660600012327, 37.83137600018869], [-122.1967709999797, 37.83130100032476], [-122.19709999986767, 37.83114700015699], [-122.19826800017987, 37.83057699978026], [-122.19859600024294, 37.83041800027134], [-122.19892799960566, 37.83024399980033], [-122.19940600035484, 37.82998200002966], [-122.19980200018995, 37.82979200023146], [-122.19995000032796, 37.829725000044], [-122.20015899966702, 37.82963200002188], [-122.20058399981448, 37.82942100020846], [-122.2007629999146, 37.82932299977044], [-122.20098800004551, 37.829155999759436], [-122.201220999674, 37.82893799977974], [-122.20135499956831, 37.82881999985403], [-122.20147799959197, 37.82870199973963], [-122.20152299979782, 37.82864800004523], [-122.20158300007226, 37.8285639998114], [-122.20167900033172, 37.8283979999465], [-122.20186299955644, 37.82810300010296], [-122.2020149998924, 37.827804000106745], [-122.20223199962737, 37.82731199985852], [-122.20223900019836, 37.82729799980923], [-122.20224300039634, 37.82728800017786], [-122.2026219996147, 37.826232999879444], [-122.20273799996563, 37.82590199970125], [-122.2027610004302, 37.825762999732596], [-122.20277300012577, 37.82563400006851], [-122.20276200025512, 37.825518000084536], [-122.20273799996563, 37.82539100025388], [-122.20270799982843, 37.825277000152674], [-122.20264599990414, 37.82514300003264], [-122.20262499998776, 37.82508400025217], [-122.20260499989627, 37.82502600020547], [-122.20256999973618, 37.824890000064094], [-122.20254499962181, 37.824643999860356], [-122.20255399984262, 37.8245000000009], [-122.2025780001321, 37.824401000333715], [-122.20260900009424, 37.8243310001377], [-122.20264199970622, 37.82427099991679], [-122.2026840004373, 37.824209999855114], [-122.20278900001931, 37.82408299990224], [-122.20294800002794, 37.82394099995875], [-122.20304599993725, 37.82386700013975], [-122.20316700031107, 37.82380000024924], [-122.2032269996872, 37.823776000136], [-122.20334399986308, 37.82373799999983], [-122.20342000003103, 37.82372399998204], [-122.20354999972741, 37.823710999760465], [-122.20361500002471, 37.82371300006765], [-122.20369000036779, 37.82372300018345], [-122.20382699973682, 37.823759000021475], [-122.20401000003491, 37.82384500035185], [-122.20413200023367, 37.82391999998889], [-122.2042479996863, 37.823999000148575], [-122.20435900001439, 37.82405100010872], [-122.20446500031962, 37.82408399969599], [-122.20456200040398, 37.8241069999157], [-122.2048030004284, 37.824147999950135], [-122.20508200008766, 37.824209999855114], [-122.2052040002864, 37.824233999827214], [-122.20532499976188, 37.8242520003334], [-122.20541799964833, 37.824270000125566], [-122.20551899993066, 37.82428199974807], [-122.20582600007734, 37.82430400011529], [-122.20595300029893, 37.824318000023], [-122.20605399968296, 37.8243380000893], [-122.20626000044561, 37.82439500017758], [-122.20664000038718, 37.8245430001017], [-122.20676900025862, 37.824603000101426], [-122.20685799994708, 37.82465900019912], [-122.2070629999865, 37.824820000331854], [-122.20714599982718, 37.82486099997019], [-122.20722299982008, 37.82487399998923], [-122.20728399991944, 37.82486899965469], [-122.20738900039974, 37.824847000165484], [-122.20775000007477, 37.82475399967203], [-122.20814500008495, 37.824653999850014], [-122.20832400018513, 37.82461000002727], [-122.20886200031046, 37.82447900019011], [-122.2090420002355, 37.824436000052074], [-122.20908400006832, 37.82434899991059], [-122.20918000032776, 37.82415300033353], [-122.20922600035854, 37.824057000292804], [-122.2092730002142, 37.823962999718034], [-122.20917699995472, 37.82384500035185]]]}}, {"type": "Feature", "properties": {"neighborhood": "Oakmore Highlands"}, "geometry": {"type": "Polygon", "coordinates": [[[-122.20745399979874, 37.80633199967134], [-122.20769999984603, 37.8061030000039], [-122.20778299968671, 37.80602699996976], [-122.2079149999312, 37.80589100031111], [-122.20813300038941, 37.80567000033164], [-122.20831599978918, 37.805489000106306], [-122.20845200023163, 37.80535699964654], [-122.20900700007542, 37.804802999703696], [-122.20962600039162, 37.80420700007008], [-122.20976399958555, 37.80406600028443], [-122.21016399961863, 37.803664000082335], [-122.21018200006031, 37.803647000304494], [-122.21032799965016, 37.80351500010134], [-122.21042899993252, 37.803410000239076], [-122.21045999989465, 37.80337900007543], [-122.21062800012413, 37.80321599987096], [-122.21087400017144, 37.80298799984802], [-122.2110139999135, 37.80286000021155], [-122.21113199991429, 37.8027439999279], [-122.21148599991662, 37.802397000200756], [-122.2116049997423, 37.80228199998878], [-122.21166300036695, 37.80222299968092], [-122.21184099974386, 37.80204800007852], [-122.21190000019341, 37.80198999967674], [-122.21195200007195, 37.80193899988547], [-122.21211000025569, 37.801788999877694], [-122.21216299995912, 37.80173900004404], [-122.21225300037084, 37.80165100002739], [-122.21252299980925, 37.80138900026049], [-122.21261400004583, 37.80130199992916], [-122.21291799981944, 37.80100600028625], [-122.21331299982965, 37.80062399985716], [-122.21380199955121, 37.800138000153254], [-122.21382500001575, 37.800113000036774], [-122.21406000019239, 37.79986100029201], [-122.2141170000938, 37.79980499983764], [-122.21505500025222, 37.800036000107376], [-122.2156949995865, 37.80014799991361], [-122.21622100001628, 37.80029399995102], [-122.21629100033647, 37.80032000012191], [-122.21643600010142, 37.8003690000914], [-122.21673900005014, 37.800470999677444], [-122.21708999967943, 37.800570000205674], [-122.21722600012185, 37.80060900031283], [-122.21731099961237, 37.80062899970456], [-122.21749800010842, 37.80067399973581], [-122.21806899984571, 37.800814000209776], [-122.21824799994587, 37.80085900012831], [-122.21824200009809, 37.800880999668394], [-122.21822600020455, 37.800915999891124], [-122.21820100009022, 37.80097200021295], [-122.2181929996943, 37.80099100010975], [-122.21808300008942, 37.801122999855274], [-122.21795699969273, 37.801245999857485], [-122.21794400017225, 37.801259999879406], [-122.2178839998978, 37.80134399995504], [-122.21783399966908, 37.80141399994514], [-122.2177779995926, 37.80151899980585], [-122.21769499975191, 37.80175500016482], [-122.21768399988126, 37.80178999997341], [-122.21759799966755, 37.8020899996802], [-122.21748100038998, 37.80226000015618], [-122.2173840003056, 37.80236500023382], [-122.21721799972593, 37.80263999976347], [-122.21714900012896, 37.80278800000799], [-122.21704399964865, 37.803099000068535], [-122.21703799980087, 37.80311800012791], [-122.21698900029538, 37.80324900025494], [-122.2169409997165, 37.80333200012302], [-122.21685100020312, 37.80346399994351], [-122.21679900032458, 37.8035209998253], [-122.21672599963135, 37.80360099988408], [-122.21658800043741, 37.80388699981141], [-122.21654599970628, 37.80405200008467], [-122.2165120002694, 37.8043920001305], [-122.21645700001783, 37.804650999720515], [-122.21642199985774, 37.8047110002742], [-122.2161659997647, 37.80500800002598], [-122.21601500015196, 37.80513500014797], [-122.21592399991536, 37.80521099968054], [-122.21582000015827, 37.8053919998775], [-122.21587500040988, 37.805606999715344], [-122.21588200008257, 37.80570000020061], [-122.21584799974735, 37.8058269998423], [-122.21579900024189, 37.80595299993604], [-122.21573700031762, 37.806035000275884], [-122.21571600040122, 37.806150999649], [-122.21570299998243, 37.80632100000418], [-122.21571600040122, 37.80651900014993], [-122.21568899973872, 37.80671699976482], [-122.21571700022614, 37.80692499982085], [-122.21577199957937, 37.807150999709016], [-122.21579300039409, 37.80734300034558], [-122.21579300039409, 37.80746099983114], [-122.21579300039409, 37.80754099988039], [-122.21577199957937, 37.80772800013642], [-122.2157309995715, 37.80801299968415], [-122.21564100005813, 37.808595999785176], [-122.21557199956284, 37.80893100020778], [-122.21546100013309, 37.809222000051086], [-122.21530200012442, 37.80959000015219], [-122.21517699955265, 37.80985399989727], [-122.21508700003928, 37.81003000014918], [-122.2150109998713, 37.81015100025644], [-122.21490799993913, 37.81027700006945], [-122.21481900025066, 37.81036199980489], [-122.21476900002195, 37.810409000251205], [-122.21458200042419, 37.810501999656914], [-122.21448500033983, 37.8105629996919], [-122.21438099968444, 37.81064499988058], [-122.21432600033114, 37.81073899967329], [-122.21414600040613, 37.81102399966474], [-122.21402800040534, 37.81122199997489], [-122.21375800006858, 37.81169500034075], [-122.21359900005993, 37.81194700015973], [-122.21338300014986, 37.81218199988612], [-122.21360099970975, 37.812291999818164], [-122.21365599996133, 37.812314000210726], [-122.21388500029022, 37.81240700005577], [-122.21397099960562, 37.81243700002659], [-122.21407199988796, 37.81247199974055], [-122.21440599979881, 37.81257700020231], [-122.21451700012689, 37.812617000305124], [-122.21458400007403, 37.812640999788684], [-122.21467699996043, 37.81268800020363], [-122.21438700043052, 37.81290799981545], [-122.21418300021602, 37.8130469998645], [-122.21408299975863, 37.81313199995957], [-122.2140109997886, 37.813196999715785], [-122.21398200037459, 37.81322800001606], [-122.2139560004353, 37.813261000184056], [-122.21391500042743, 37.813325999826695], [-122.21382699966559, 37.813487999778786], [-122.21369100012144, 37.81377199987078], [-122.21363599986985, 37.81390200032806], [-122.21357099957254, 37.81402500033706], [-122.21344000005129, 37.814221999768755], [-122.21338499979969, 37.814293000252846], [-122.21320400004971, 37.814505999875955], [-122.21315299999611, 37.81456700015127], [-122.21309100007184, 37.814657000232714], [-122.21303499999532, 37.81475600019561], [-122.21296800004818, 37.814913000258855], [-122.21294399975872, 37.81499499987433], [-122.21290600012388, 37.81516800019238], [-122.21282599975792, 37.81581199981866], [-122.21278800012311, 37.816003000030484], [-122.21275100031322, 37.81612699998884], [-122.21274000044255, 37.816162999983554], [-122.21270699993227, 37.81625599994771], [-122.21269699988652, 37.8162880002822], [-122.21263400013734, 37.81642300005476], [-122.21260700037315, 37.81647199998472], [-122.21246900028088, 37.81672200003355], [-122.2123150002951, 37.81693800012638], [-122.21222300023359, 37.81705500000144], [-122.21200399995047, 37.817284999652], [-122.21188699977462, 37.81739800014961], [-122.21175299988032, 37.81751400012251], [-122.21144599973367, 37.817740000243596], [-122.2113000001438, 37.81783599998521], [-122.21058700011623, 37.81833400018918], [-122.21017799986234, 37.81861300004055], [-122.21007400010525, 37.81868399984966], [-122.20992799961708, 37.81878999985742], [-122.2095569998963, 37.81904300015768], [-122.20883499964795, 37.81955500012607], [-122.20862399976076, 37.819748000292954], [-122.20847099959987, 37.81989899986206], [-122.20832099981205, 37.82006799993923], [-122.20811699959756, 37.820335999915], [-122.2079710000077, 37.82058700020134], [-122.20793400019775, 37.82065300032996], [-122.2079009996875, 37.82071299994414], [-122.20770800024195, 37.82104399997834], [-122.20767499973168, 37.82108900034217], [-122.20744600030115, 37.8213770003179], [-122.20733099977511, 37.82150499978869], [-122.20728800011739, 37.821553999893226], [-122.20670999980909, 37.82085099965215], [-122.20648100037855, 37.820540999689705], [-122.2064000001877, 37.8204419996792], [-122.20618599992744, 37.82017999987802], [-122.20601100002524, 37.81995400013119], [-122.2050140003156, 37.81874199991295], [-122.20482400034481, 37.81850300030135], [-122.20443600000726, 37.818014999997835], [-122.20441400026597, 37.81799100013234], [-122.20434999979355, 37.81792100024356], [-122.20432899987718, 37.817898000225064], [-122.20420900022657, 37.817743999762264], [-122.20351899976525, 37.81690199979998], [-122.20339499991668, 37.816755000059075], [-122.20325699982445, 37.81658999978398], [-122.20286400036235, 37.81609399968257], [-122.20276499972985, 37.81596999966879], [-122.20244099986475, 37.81553499984478], [-122.20220099966521, 37.81520499985913], [-122.20202400011323, 37.81495999993711], [-122.20166099989007, 37.81446700001092], [-122.20148500016298, 37.81421899998672], [-122.20140700034516, 37.814129000080946], [-122.20125800038224, 37.813939999850774], [-122.20109000015276, 37.8137370000634], [-122.20072600010471, 37.81331100002342], [-122.20068000007392, 37.81326200012441], [-122.20033799976716, 37.812890000091166], [-122.19978899977116, 37.81232800026357], [-122.19965499987687, 37.812201999692384], [-122.1994389999668, 37.812006999753294], [-122.19901899984224, 37.81161599978673], [-122.19849499996059, 37.811155999930506], [-122.19834500017276, 37.8110330001097], [-122.1981579996767, 37.81087800025726], [-122.19779100015391, 37.810588999796245], [-122.19799100017045, 37.81043900032412], [-122.19806499979028, 37.81039599981366], [-122.1980780002091, 37.810388999959265], [-122.19821399975321, 37.81031799997909], [-122.19832699973111, 37.81026800024201], [-122.19834900037071, 37.810258999703755], [-122.19844399990696, 37.810226000323105], [-122.19857000030368, 37.810204999999854], [-122.19868900012935, 37.810196000163636], [-122.19881299997793, 37.81018700032633], [-122.19900499959853, 37.81018199970653], [-122.19914699988877, 37.8101789997603], [-122.19926099969157, 37.810193000217964], [-122.19942700027124, 37.81021899974286], [-122.19954699992184, 37.810239000080855], [-122.19967099977042, 37.810264000318334], [-122.20043499985155, 37.81039099991774], [-122.20059600040832, 37.810414000145904], [-122.20077700015831, 37.810445000195294], [-122.20088699976317, 37.81045599995788], [-122.20106300038857, 37.81045999987116], [-122.20114100020639, 37.810450000087606], [-122.20124300031364, 37.81043900032412], [-122.20132899962904, 37.810410000230185], [-122.2014109996448, 37.81037200031008], [-122.20153399966847, 37.8102979996625], [-122.20160399998866, 37.81023400017431], [-122.20165800041535, 37.81016899993875], [-122.201881999823, 37.809837000124915], [-122.20197600043264, 37.80972700008396], [-122.2020929997102, 37.809602000032065], [-122.20213799991605, 37.809563999696145], [-122.20223599982533, 37.80949300034214], [-122.2023889999862, 37.8093999996656], [-122.20259200037579, 37.809290999677486], [-122.20273799996563, 37.809231000006015], [-122.20291600024089, 37.809142999689975], [-122.20307000022669, 37.80904500000501], [-122.20314399984652, 37.80899100012296], [-122.20346000021404, 37.808733000141686], [-122.20480199970518, 37.808045000042824], [-122.20535900009709, 37.80776099992369], [-122.20607299994954, 37.80727899971571], [-122.20625899972237, 37.80715499980127], [-122.20676300041083, 37.80682099986607], [-122.20682000031225, 37.80678400025629], [-122.20700899955982, 37.80666300030962], [-122.20708300007799, 37.80661400025724], [-122.20722899966783, 37.80651800011827], [-122.20730099963787, 37.80646199974301], [-122.20737199978298, 37.806409000134515], [-122.20745399979874, 37.80633199967134]]]}}, {"type": "Feature", "properties": {"neighborhood": "Piedmont Avenue"}, "geometry": {"type": "Polygon", "coordinates": [[[-122.24910300004984, 37.823586999769546], [-122.24876699959084, 37.823373000290985], [-122.24867700007749, 37.823316999927066], [-122.24908399978325, 37.823048000323745], [-122.24929399984553, 37.82290899994668], [-122.24939000010501, 37.822845999847836], [-122.24827200002154, 37.8220580001956], [-122.24771299997978, 37.821664000052884], [-122.24769700008626, 37.821652999831414], [-122.24757300023772, 37.821569000150426], [-122.24760500002475, 37.82156000028033], [-122.24766199992618, 37.821542999655364], [-122.24821000009725, 37.82138700004061], [-122.24824400043246, 37.8213770003179], [-122.24843799970289, 37.821321999689886], [-122.24873099960584, 37.821227999889246], [-122.24911700029352, 37.821105999652474], [-122.24961799971067, 37.820966999875644], [-122.24991499981155, 37.82088600034441], [-122.2499800001089, 37.82086699988962], [-122.25017900030052, 37.82081300013882], [-122.25024500042277, 37.8207950002131], [-122.2504870002721, 37.82072000023889], [-122.25104600031385, 37.82054800000083], [-122.25121600019315, 37.82049400001665], [-122.25145899986741, 37.82041799989323], [-122.2516210002491, 37.820371000141854], [-122.25167999980034, 37.820350999710115], [-122.25176400036425, 37.82032299980623], [-122.2519309998705, 37.8202470002163], [-122.25228300022299, 37.82001299975505], [-122.25247599966853, 37.81988599967632], [-122.25267300021034, 37.81974900014544], [-122.25326599968896, 37.81933800002701], [-122.25346400005569, 37.8192020000485], [-122.25351000008645, 37.81916500025621], [-122.2535350002008, 37.819146000067974], [-122.2536149996684, 37.81908199973412], [-122.2536420003309, 37.81904700031532], [-122.25367900014083, 37.81900100026322], [-122.25380299998939, 37.819097999645415], [-122.25396299982296, 37.8192229999415], [-122.25405300023465, 37.81929300001492], [-122.25423900000747, 37.81943899981239], [-122.2543369999168, 37.81951500023426], [-122.25442300013052, 37.81958099990217], [-122.25444599969673, 37.81959900012394], [-122.254479000207, 37.81962499988459], [-122.25436100020622, 37.81971299977069], [-122.25430099993177, 37.819758000236355], [-122.25419200015185, 37.819806000229775], [-122.25413199987736, 37.819832999768806], [-122.25427699964231, 37.8203390001581], [-122.2543319998939, 37.820576999660624], [-122.25449900029847, 37.821291999781614], [-122.25452900043571, 37.82141699991027], [-122.25456600024563, 37.8215280001025], [-122.25463499984261, 37.82167900028772], [-122.25464999991121, 37.82171099969053], [-122.25473199992699, 37.82183800017714], [-122.2548380002322, 37.821967000090055], [-122.25493799979131, 37.82207099999873], [-122.25494600018723, 37.82207999980656], [-122.25505999999007, 37.822185000085106], [-122.25517999964062, 37.82226799995623], [-122.25554000038908, 37.82251900005883], [-122.25557800002392, 37.822545000210134], [-122.25566099986457, 37.82260300007784], [-122.2557329998346, 37.822649999827085], [-122.25594899974467, 37.82279200012578], [-122.25602200043792, 37.82284000027489], [-122.25614399973836, 37.82292700006644], [-122.25651299980927, 37.82318999985668], [-122.2565770002817, 37.82323500033123], [-122.25660099967283, 37.82326500015935], [-122.25661699956633, 37.823295999779646], [-122.25666299959713, 37.82336600024781], [-122.25675800003165, 37.82343599993998], [-122.25724699975322, 37.823797999944425], [-122.25733499961676, 37.82386400004007], [-122.25740900013491, 37.82392099978486], [-122.25765299963406, 37.824059999675114], [-122.2577959997492, 37.82414199977343], [-122.25808299980439, 37.824297000160406], [-122.25839199960089, 37.824419999878785], [-122.25841199969236, 37.82442699982195], [-122.25856599967813, 37.82447999997851], [-122.25868000037927, 37.82451499965936], [-122.2584999995559, 37.824801000180216], [-122.25796099960564, 37.825659999831934], [-122.25790600025238, 37.825749000098966], [-122.2577809996806, 37.825946999941294], [-122.25761499999925, 37.82623200011479], [-122.25679900003955, 37.827536000286], [-122.25674200013813, 37.82762799965645], [-122.25620300018788, 37.82848300010352], [-122.25530000018958, 37.82990799988261], [-122.25525800035679, 37.82997400018995], [-122.25513399960991, 37.83017299975941], [-122.25509299960201, 37.830240000249546], [-122.2549649995555, 37.83044200035305], [-122.25458200013915, 37.831048999882896], [-122.25445499991754, 37.83125200030626], [-122.25420899987026, 37.831640000068234], [-122.25347400010142, 37.83280500026782], [-122.25322899987906, 37.83319400004701], [-122.25301600034201, 37.83355700009392], [-122.2526270001796, 37.83418100009329], [-122.25258399962357, 37.834249000147224], [-122.25245300010232, 37.8344699997123], [-122.2524100004446, 37.83454299988868], [-122.25233000007867, 37.83449399989487], [-122.25230400013942, 37.83448199980455], [-122.25193500006847, 37.83431199973434], [-122.2507759999771, 37.8338149998741], [-122.25062000034147, 37.83373200021926], [-122.2505230002571, 37.833667999763456], [-122.25034300033207, 37.8335219997353], [-122.25025200009547, 37.83341299989035], [-122.25014800033838, 37.83327100016325], [-122.25009999975948, 37.83319400004701], [-122.24996300039045, 37.8329649999821], [-122.2498470000395, 37.832770999937956], [-122.24970899994723, 37.83258899978381], [-122.24959199977137, 37.83244499981933], [-122.24946500044807, 37.83230100028326], [-122.24925799986053, 37.83209000029779], [-122.24910999972252, 37.83197399982004], [-122.2487420003748, 37.83171399989725], [-122.24818699963272, 37.83212799968069], [-122.24756099964382, 37.83259599966162], [-122.24744099999322, 37.83269100026856], [-122.24708299979295, 37.83297899966567], [-122.24696399996726, 37.83307500016089], [-122.24669799982846, 37.83327300021124], [-122.24656800013216, 37.83316600004935], [-122.24674700023228, 37.83303000001081], [-122.24613299993894, 37.83254600011455], [-122.24601300028834, 37.832636999946004], [-122.24593899977019, 37.832574000347506], [-122.24578899998235, 37.832448000279655], [-122.2453400004438, 37.83206899980892], [-122.24518999975766, 37.83194399998488], [-122.24513500040436, 37.831907000194995], [-122.24544500002575, 37.831674999900706], [-122.24518700028293, 37.83145399976768], [-122.24507099993197, 37.831355000206116], [-122.24455000042337, 37.83092799997299], [-122.24425300032243, 37.83068200003111], [-122.24394299980275, 37.83042499964561], [-122.24354100011983, 37.8300919996892], [-122.24349199971603, 37.83009899980392], [-122.24342099957093, 37.83009800009165], [-122.2433629998446, 37.83009800009165], [-122.24331699981386, 37.83008800013018], [-122.24328800039986, 37.830063000220576], [-122.24332500020977, 37.83004800027081], [-122.24334799977599, 37.83004800027081], [-122.24350799960953, 37.830051000119084], [-122.24361999976257, 37.830031999895226], [-122.24345599973103, 37.82990799988261], [-122.24335799982174, 37.82983299994549], [-122.2434530002563, 37.82975700021529], [-122.24351900037854, 37.82981399966549], [-122.2436230001356, 37.829742000203254], [-122.24359899984614, 37.829720000038215], [-122.24347599982251, 37.829609999824044], [-122.24344999988324, 37.82959300034396], [-122.24335699999682, 37.82954300018091], [-122.24349199971603, 37.82952399982625], [-122.24359999967106, 37.829498000005145], [-122.24367300036431, 37.829462000128636], [-122.24371900039505, 37.82942600023456], [-122.24377999959611, 37.82936099986886], [-122.24382599962688, 37.829266999664426], [-122.24388099987846, 37.82906700005382], [-122.24395799987136, 37.828882999819776], [-122.24405499995574, 37.828764000075765], [-122.24410600000934, 37.828722000036834], [-122.24413199994864, 37.828655000296884], [-122.24417799997937, 37.8284640001854], [-122.2442220003603, 37.82836399971444], [-122.24425999999514, 37.82831700005641], [-122.24441700035398, 37.828204999694016], [-122.24463800028691, 37.828089000203754], [-122.24547599998792, 37.82753799977995], [-122.24590699998313, 37.82726300002915], [-122.24594499961798, 37.82723900033255], [-122.2472359999538, 37.82649599995076], [-122.24768000036781, 37.82624100012474], [-122.2477480001399, 37.8260340003276], [-122.24795300017931, 37.82541700010291], [-122.24802199977628, 37.82521099990157], [-122.24804000021791, 37.8251309998406], [-122.24809799994426, 37.82489399990486], [-122.24811800003575, 37.82481499999365], [-122.24832399990007, 37.82463200029671], [-122.24837300030386, 37.82458600017744], [-122.24912300014131, 37.82388299972334], [-122.24929499967045, 37.82372199967521], [-122.24910300004984, 37.823586999769546]]]}}, {"type": "Feature", "properties": {"neighborhood": "Piedmont Pines"}, "geometry": {"type": "Polygon", "coordinates": [[[-122.20922600035854, 37.824057000292804], [-122.2092730002142, 37.823962999718034], [-122.20917699995472, 37.82384500035185], [-122.20912699972602, 37.82378399993807], [-122.2088949999224, 37.823489000098625], [-122.20880200003597, 37.82337000017117], [-122.20848099964564, 37.82299099990471], [-122.20808300016068, 37.82249500023863], [-122.2073650001103, 37.821647000161484], [-122.20728800011739, 37.821553999893226], [-122.20670999980909, 37.82085099965215], [-122.20648100037855, 37.820540999689705], [-122.2064000001877, 37.8204419996792], [-122.20618599992744, 37.82017999987802], [-122.20601100002524, 37.81995400013119], [-122.2050140003156, 37.81874199991295], [-122.20482400034481, 37.81850300030135], [-122.20443600000726, 37.818014999997835], [-122.20441400026597, 37.81799100013234], [-122.20434999979355, 37.81792100024356], [-122.20432899987718, 37.817898000225064], [-122.20420900022657, 37.817743999762264], [-122.20351899976525, 37.81690199979998], [-122.20339499991668, 37.816755000059075], [-122.20325699982445, 37.81658999978398], [-122.20286400036235, 37.81609399968257], [-122.20276499972985, 37.81596999966879], [-122.20244099986475, 37.81553499984478], [-122.20220099966521, 37.81520499985913], [-122.20202400011323, 37.81495999993711], [-122.20166099989007, 37.81446700001092], [-122.20148500016298, 37.81421899998672], [-122.20140700034516, 37.814129000080946], [-122.20125800038224, 37.813939999850774], [-122.20109000015276, 37.8137370000634], [-122.20072600010471, 37.81331100002342], [-122.20068000007392, 37.81326200012441], [-122.20033799976716, 37.812890000091166], [-122.19978899977116, 37.81232800026357], [-122.19965499987687, 37.812201999692384], [-122.1994389999668, 37.812006999753294], [-122.19901899984224, 37.81161599978673], [-122.19849499996059, 37.811155999930506], [-122.19834500017276, 37.8110330001097], [-122.1981579996767, 37.81087800025726], [-122.19779100015391, 37.810588999796245], [-122.19764100036606, 37.81070299987249], [-122.19753300041103, 37.81077800008817], [-122.19747399996149, 37.8108199996931], [-122.19740100016656, 37.810871999711566], [-122.19727399994495, 37.81093000023487], [-122.19720199997492, 37.81095800015304], [-122.19711800030933, 37.81098100020463], [-122.19701799985191, 37.81099699974258], [-122.19669499981173, 37.81101000007431], [-122.19653800035121, 37.811016999869835], [-122.19600000022588, 37.81100500021997], [-122.19578900033866, 37.81099299985845], [-122.19558199975111, 37.81097099978197], [-122.19518099989311, 37.810911000056244], [-122.19464899961555, 37.81082200034957], [-122.19459699973702, 37.81081099993185], [-122.19444100010143, 37.81077800008817], [-122.19439000004778, 37.81076699966389], [-122.19407299985538, 37.81069700002229], [-122.1937020001346, 37.81061599986755], [-122.19322400028373, 37.810500999679185], [-122.19312499965123, 37.810472000319315], [-122.19281400020492, 37.81038300008355], [-122.19265600002117, 37.81031600001864], [-122.19242099984451, 37.81021599979818], [-122.1921930002389, 37.81009499979738], [-122.19204199972783, 37.81001599966061], [-122.19165099991557, 37.80983000021753], [-122.19154399978545, 37.80978600007466], [-122.19145900029497, 37.80975199978506], [-122.19132399967744, 37.80971200025924], [-122.19113799990458, 37.809672000002024], [-122.19097300004815, 37.80965000024168], [-122.19077899987937, 37.809644000305866], [-122.1904759999307, 37.80965900014444], [-122.18992199991182, 37.809725000107484], [-122.1893779999387, 37.80979100001159], [-122.18925400009016, 37.809808999781595], [-122.18907499998998, 37.80982500028324], [-122.18897399970766, 37.809827000256995], [-122.18887800034649, 37.80982200032255], [-122.18880800002631, 37.809809999768696], [-122.18871199976682, 37.80979899990993], [-122.18854100006263, 37.80976400034829], [-122.18848400016118, 37.80974599985753], [-122.18835299974164, 37.80970600032847], [-122.18780499957055, 37.80951200017593], [-122.18759100020861, 37.80944300004636], [-122.18750599981982, 37.80942000022542], [-122.18740500043579, 37.80939799968027], [-122.18733000009273, 37.80938699976008], [-122.18708900006828, 37.809330000147504], [-122.18702100029623, 37.80931900021719], [-122.18688400002888, 37.80930900027911], [-122.18674500011171, 37.80931400024834], [-122.18640299980495, 37.809361999935454], [-122.18609599965826, 37.809421000217796], [-122.18585299998402, 37.80947799976017], [-122.18579400043278, 37.80949300034214], [-122.18545399977586, 37.80958900016216], [-122.1849840003209, 37.809723000130965], [-122.18479000015212, 37.809743999881626], [-122.18463399961819, 37.809753999760744], [-122.18443199995185, 37.80975799971205], [-122.18408399979731, 37.80974699984548], [-122.18378699969637, 37.809723000130965], [-122.1835830003802, 37.8096909997898], [-122.18339400023429, 37.80966200011175], [-122.18323799970038, 37.80962899975461], [-122.183104999631, 37.809602000032065], [-122.18276300022255, 37.80951000019369], [-122.18268500040476, 37.80948999965819], [-122.18235700034168, 37.809383999781595], [-122.1820579996926, 37.80926099984782], [-122.18153600035912, 37.80899600011373], [-122.18142099983308, 37.80893000020877], [-122.18132899977158, 37.80887700024242], [-122.18117999980865, 37.808785000210435], [-122.18101499995221, 37.80865999998335], [-122.18081199956262, 37.808474999968595], [-122.18068799971405, 37.80833799984316], [-122.18047500017704, 37.808056000162935], [-122.18046799960604, 37.808047000064796], [-122.18040499985683, 37.807935000171256], [-122.17988299962502, 37.80686799972731], [-122.17979300011166, 37.80666300030962], [-122.17949400036092, 37.805829999965354], [-122.17928599994846, 37.80525000017615], [-122.17921300015352, 37.80506800028967], [-122.17915700007703, 37.80498100003338], [-122.17913899963537, 37.805001999713035], [-122.1790359997032, 37.805125999693836], [-122.1789999997182, 37.80516999977433], [-122.17881200029552, 37.80540100029917], [-122.17880499972452, 37.80540899996339], [-122.17850699979869, 37.80577000032079], [-122.17829699973642, 37.80602499989308], [-122.17776899965679, 37.806666999718615], [-122.17751199973885, 37.8067790001158], [-122.17651300037936, 37.807213999717824], [-122.17586899994882, 37.807493999737744], [-122.17561200003085, 37.8079129998934], [-122.17541799986209, 37.808226999689836], [-122.17538900044809, 37.80827200005982], [-122.1750930001721, 37.80875500017524], [-122.17433300028891, 37.80998800009489], [-122.17415900021163, 37.81027000020372], [-122.17475199969023, 37.81221199994836], [-122.17537500020438, 37.8142660001068], [-122.17547399993863, 37.81458999978823], [-122.17565800006162, 37.814722999986174], [-122.17631599983756, 37.81519799975098], [-122.17752799963236, 37.81607400022096], [-122.17787300031219, 37.81632300029947], [-122.1803520001534, 37.81815199990855], [-122.18122400018957, 37.819341000310665], [-122.18182599988904, 37.81961900004981], [-122.18359000005287, 37.82047900025061], [-122.1855769997995, 37.82072599998418], [-122.18611599974977, 37.82128299987774], [-122.18626999973554, 37.82144699976768], [-122.18655500014091, 37.82174999998614], [-122.1868709996101, 37.822082000157906], [-122.18669499988297, 37.822602000264006], [-122.18663700015668, 37.82277399997309], [-122.18654500009517, 37.82300599986986], [-122.18636799964484, 37.82354699993409], [-122.18618900044301, 37.82409399976154], [-122.18611999994772, 37.824284999830816], [-122.18594400022063, 37.8247720000514], [-122.18572900013548, 37.825366000172075], [-122.18618299969691, 37.82615300021681], [-122.18654400027025, 37.826792000299356], [-122.18702399977097, 37.827537000032976], [-122.18696100002175, 37.827909999788396], [-122.18675400033253, 37.82939899994766], [-122.18668800021028, 37.82987700020168], [-122.18643299994216, 37.83027599974648], [-122.1860000002971, 37.83094900007716], [-122.1858429999383, 37.83119200003654], [-122.18574599985392, 37.831343000314696], [-122.18571700043992, 37.83138899976948], [-122.18573699963308, 37.831589000181275], [-122.18564700011969, 37.83172599972826], [-122.18561399960942, 37.831775999831045], [-122.18558400037053, 37.83181800026009], [-122.18554400018755, 37.831859000267364], [-122.18552499992096, 37.83187800002075], [-122.18551599970012, 37.831889000137096], [-122.18546800001957, 37.83194499967214], [-122.18540899957001, 37.83204199977971], [-122.18537500013316, 37.832106999912085], [-122.18533599977508, 37.8321899999761], [-122.18527600039891, 37.83229700013446], [-122.18525100028458, 37.83234299970398], [-122.18520699990366, 37.83243399978582], [-122.18514099978141, 37.83254199997905], [-122.18508499970491, 37.83261200019063], [-122.18501000026016, 37.832709000130784], [-122.18476400021285, 37.83285699969863], [-122.18431499977598, 37.833574999744876], [-122.18422600008753, 37.833717000305846], [-122.1838179996585, 37.83435299977464], [-122.18395800029893, 37.83466200024484], [-122.1840610002311, 37.83488900000449], [-122.18413200037621, 37.835047000165595], [-122.1843800000733, 37.835593000245574], [-122.18450899994474, 37.835862000233575], [-122.18452599966318, 37.835916000323955], [-122.1845630003714, 37.835914999981085], [-122.18459900035643, 37.83590300012187], [-122.1846960004408, 37.83587200012194], [-122.18476900023573, 37.83584199974337], [-122.18488300003855, 37.8358350001736], [-122.18528600044468, 37.835837000152075], [-122.18552499992096, 37.83586099988998], [-122.18562799985312, 37.83587899968821], [-122.18570800021905, 37.83590599973214], [-122.18579000023485, 37.8359960000436], [-122.18582399967173, 37.836021999703235], [-122.18588499977109, 37.83608299993287], [-122.1859490002435, 37.836169000089534], [-122.18598600005342, 37.83620500024084], [-122.18602399968826, 37.83622899985896], [-122.1860909996354, 37.83624599993849], [-122.1861240001457, 37.8362450003095], [-122.18618900044301, 37.83622499992314], [-122.18622799990275, 37.83620399990183], [-122.18639000028445, 37.83608400027347], [-122.18649700041459, 37.836021999703235], [-122.18659500032389, 37.83597400032444], [-122.18667999981436, 37.83594599996294], [-122.18673599989087, 37.83593600008462], [-122.18680100018821, 37.83593000015702], [-122.18695099997602, 37.83594799993846], [-122.18707700037271, 37.835978000273855], [-122.18716199986322, 37.836017999756194], [-122.18726499979537, 37.83608800021692], [-122.18740100023784, 37.83620900017773], [-122.18744899991839, 37.83623400013317], [-122.18752500008637, 37.83624900024424], [-122.18758199998777, 37.83624700027693], [-122.18761100030012, 37.836236999729934], [-122.1876389998892, 37.83622800022975], [-122.18766499982846, 37.8362099998072], [-122.187688000293, 37.83618499984363], [-122.18776799976062, 37.83607399970443], [-122.18785300014945, 37.83598899977895], [-122.18802899987654, 37.83588999991753], [-122.18797500034817, 37.83585100000013], [-122.18789599980714, 37.83587499973342], [-122.18779000040024, 37.83589100026075], [-122.18767599969912, 37.83590999968525], [-122.18760100025435, 37.83590100014518], [-122.18753099993417, 37.83585299997823], [-122.18736000022994, 37.83559500023067], [-122.18728800025994, 37.83553000033343], [-122.18721299991685, 37.83548599990118], [-122.18715199981747, 37.83544499978113], [-122.1870820003956, 37.83542000026779], [-122.18697400044054, 37.83541899991813], [-122.18697899956513, 37.83530400005957], [-122.18700100020476, 37.83523299992164], [-122.18701399972521, 37.835193999656894], [-122.18704800006039, 37.83512500012036], [-122.18709800028911, 37.83508399979968], [-122.18717199990895, 37.83504999981062], [-122.18728300023704, 37.83503100016469], [-122.1873500001842, 37.8350279998094], [-122.18743600039792, 37.83503700016541], [-122.18747300020785, 37.8350450001657], [-122.18765899998067, 37.83508599979857], [-122.18789800035529, 37.83515500008101], [-122.18795799973144, 37.83517300005156], [-122.18817600018963, 37.83522000030867], [-122.18833799967301, 37.8352429998952], [-122.18847099974239, 37.83524899987873], [-122.18863700032206, 37.83523499991644], [-122.18864900001763, 37.83523499991644], [-122.18888400019429, 37.835193999656894], [-122.1891250002187, 37.83515100008697], [-122.18938499961138, 37.83509199979482], [-122.18989799962239, 37.834955999759394], [-122.19089500023033, 37.83467099993606], [-122.19153700011277, 37.83432700023627], [-122.19174499962692, 37.83420899970571], [-122.19194800001648, 37.834071999803044], [-122.192108999675, 37.833913999682196], [-122.1923570002704, 37.83350600011309], [-122.19256599960947, 37.833213000166104], [-122.19284299961892, 37.83290600007021], [-122.19293899987838, 37.83280899967956], [-122.1930750003208, 37.832669999950745], [-122.1933199996449, 37.83245199971075], [-122.19340900023164, 37.83237399976786], [-122.19357400008808, 37.83226100020457], [-122.19377599975446, 37.83214900015277], [-122.19401500012908, 37.83205200018587], [-122.19553300024565, 37.83167200011845], [-122.19616099988434, 37.83152400030202], [-122.19625100029603, 37.831495999670516], [-122.19640500028181, 37.831450000282494], [-122.19660600012327, 37.83137600018869], [-122.1967709999797, 37.83130100032476], [-122.19709999986767, 37.83114700015699], [-122.19826800017987, 37.83057699978026], [-122.19859600024294, 37.83041800027134], [-122.19892799960566, 37.83024399980033], [-122.19940600035484, 37.82998200002966], [-122.19980200018995, 37.82979200023146], [-122.19995000032796, 37.829725000044], [-122.20015899966702, 37.82963200002188], [-122.20058399981448, 37.82942100020846], [-122.2007629999146, 37.82932299977044], [-122.20098800004551, 37.829155999759436], [-122.201220999674, 37.82893799977974], [-122.20135499956831, 37.82881999985403], [-122.20147799959197, 37.82870199973963], [-122.20152299979782, 37.82864800004523], [-122.20158300007226, 37.8285639998114], [-122.20167900033172, 37.8283979999465], [-122.20186299955644, 37.82810300010296], [-122.2020149998924, 37.827804000106745], [-122.20223199962737, 37.82731199985852], [-122.20223900019836, 37.82729799980923], [-122.20224300039634, 37.82728800017786], [-122.2026219996147, 37.826232999879444], [-122.20273799996563, 37.82590199970125], [-122.2027610004302, 37.825762999732596], [-122.20277300012577, 37.82563400006851], [-122.20276200025512, 37.825518000084536], [-122.20273799996563, 37.82539100025388], [-122.20270799982843, 37.825277000152674], [-122.20264599990414, 37.82514300003264], [-122.20262499998776, 37.82508400025217], [-122.20260499989627, 37.82502600020547], [-122.20256999973618, 37.824890000064094], [-122.20254499962181, 37.824643999860356], [-122.20255399984262, 37.8245000000009], [-122.2025780001321, 37.824401000333715], [-122.20260900009424, 37.8243310001377], [-122.20264199970622, 37.82427099991679], [-122.2026840004373, 37.824209999855114], [-122.20278900001931, 37.82408299990224], [-122.20294800002794, 37.82394099995875], [-122.20304599993725, 37.82386700013975], [-122.20316700031107, 37.82380000024924], [-122.2032269996872, 37.823776000136], [-122.20334399986308, 37.82373799999983], [-122.20342000003103, 37.82372399998204], [-122.20354999972741, 37.823710999760465], [-122.20361500002471, 37.82371300006765], [-122.20369000036779, 37.82372300018345], [-122.20382699973682, 37.823759000021475], [-122.20401000003491, 37.82384500035185], [-122.20413200023367, 37.82391999998889], [-122.2042479996863, 37.823999000148575], [-122.20435900001439, 37.82405100010872], [-122.20446500031962, 37.82408399969599], [-122.20456200040398, 37.8241069999157], [-122.2048030004284, 37.824147999950135], [-122.20508200008766, 37.824209999855114], [-122.2052040002864, 37.824233999827214], [-122.20532499976188, 37.8242520003334], [-122.20541799964833, 37.824270000125566], [-122.20551899993066, 37.82428199974807], [-122.20582600007734, 37.82430400011529], [-122.20595300029893, 37.824318000023], [-122.20605399968296, 37.8243380000893], [-122.20626000044561, 37.82439500017758], [-122.20664000038718, 37.8245430001017], [-122.20676900025862, 37.824603000101426], [-122.20685799994708, 37.82465900019912], [-122.2070629999865, 37.824820000331854], [-122.20714599982718, 37.82486099997019], [-122.20722299982008, 37.82487399998923], [-122.20728399991944, 37.82486899965469], [-122.20738900039974, 37.824847000165484], [-122.20775000007477, 37.82475399967203], [-122.20814500008495, 37.824653999850014], [-122.20832400018513, 37.82461000002727], [-122.20886200031046, 37.82447900019011], [-122.2090420002355, 37.824436000052074], [-122.20908400006832, 37.82434899991059], [-122.20918000032776, 37.82415300033353], [-122.20922600035854, 37.824057000292804]]]}}, {"type": "Feature", "properties": {"neighborhood": "Pill Hill"}, "geometry": {"type": "Polygon", "coordinates": [[[-122.26847000024574, 37.824436999841005], [-122.26841499999414, 37.82442299995588], [-122.26831799990977, 37.82439699975664], [-122.268271999879, 37.82438500015284], [-122.26800599974024, 37.82431400015102], [-122.26779700040117, 37.82426199966659], [-122.2675449996078, 37.824199999805295], [-122.2659699995898, 37.82388100013041], [-122.26584999993922, 37.823846999945815], [-122.26339700003727, 37.8232999997068], [-122.26199600009657, 37.82301200013892], [-122.26145299994835, 37.8228869998732], [-122.26120699990106, 37.82282399975558], [-122.26083199998233, 37.82272599978106], [-122.26042500027653, 37.82258700021676], [-122.26000599997693, 37.82242099967938], [-122.2600970002135, 37.82228200025021], [-122.26014999991696, 37.82220299967178], [-122.26017699968112, 37.822160000336424], [-122.26032200034439, 37.82192700008619], [-122.26035900015431, 37.82186099967757], [-122.26044199999498, 37.82171799989063], [-122.26052900003361, 37.821564000301564], [-122.26064500038457, 37.821362999852255], [-122.26080199984511, 37.82110700019618], [-122.26089599955644, 37.82095700009603], [-122.26092999989162, 37.82090599992157], [-122.26096099985375, 37.820861000155794], [-122.261026999976, 37.82076199986486], [-122.26104000039479, 37.82075299989636], [-122.2610620001361, 37.820700999741355], [-122.26108499970232, 37.82066300015075], [-122.2611540001976, 37.820552999918505], [-122.26117799958874, 37.820516000093804], [-122.26141500031352, 37.82013499966962], [-122.26212800034105, 37.818993999805386], [-122.26236599999241, 37.81861399990841], [-122.26250900010756, 37.8183799999473], [-122.26294000010277, 37.81768200010271], [-122.26308400004281, 37.817448999909345], [-122.26375600006246, 37.81638100008886], [-122.26413799965388, 37.815793000186716], [-122.26419299990546, 37.815710000131084], [-122.26425400000484, 37.81560900021113], [-122.26470400026663, 37.81486300008508], [-122.26516000037621, 37.81414499964642], [-122.26524599969161, 37.81399399966176], [-122.26550599998261, 37.81354499972993], [-122.26559300002125, 37.813394999876024], [-122.265751000205, 37.813146999799216], [-122.2660829995677, 37.81263000035161], [-122.26622599968285, 37.81240700005577], [-122.26638600041473, 37.81216100011918], [-122.26677100037921, 37.81155299998506], [-122.2678700001961, 37.81174199993855], [-122.26892999965494, 37.81193399999299], [-122.26899499995228, 37.811943000327005], [-122.26905799970147, 37.8119589996565], [-122.26925500024328, 37.81199400030676], [-122.26953599955236, 37.812040999714235], [-122.27027200004443, 37.81216699985042], [-122.27097199965317, 37.81228899995765], [-122.27117699969257, 37.81232499969483], [-122.27131099958687, 37.81234899998301], [-122.27137800043234, 37.81236399998172], [-122.27145000040237, 37.81237999992969], [-122.2716570000916, 37.8124180002357], [-122.27226499963882, 37.812528999766435], [-122.27273699964194, 37.81261299979905], [-122.27278100002286, 37.8126239999483], [-122.2728250004038, 37.812628999693054], [-122.2728670002366, 37.81263600004479], [-122.27304299996369, 37.8126689997677], [-122.27312499997943, 37.81268499964957], [-122.2732620002468, 37.81270400008139], [-122.27339399959298, 37.81272299979861], [-122.27353900025622, 37.81274300016803], [-122.27397699992413, 37.812807000320205], [-122.27412199968909, 37.81282899984962], [-122.27416199987209, 37.81297299976886], [-122.274282000421, 37.81340499997041], [-122.27432300042886, 37.81354900018554], [-122.2743950003989, 37.81376099989257], [-122.27461100030897, 37.814399000178746], [-122.27468300027897, 37.814612000205706], [-122.2747180004391, 37.81471499991171], [-122.27474699985308, 37.81480000021539], [-122.2747889996859, 37.81491200034086], [-122.27482600039411, 37.815026000129365], [-122.27485999983098, 37.815130999797475], [-122.27489499999109, 37.81524799969781], [-122.27492599995323, 37.815350999935774], [-122.2750020001212, 37.81560000032397], [-122.27503800010622, 37.81571800009778], [-122.27506400004549, 37.815802999956304], [-122.2751419998633, 37.816059000266385], [-122.27516899962747, 37.8161450003432], [-122.27524599962038, 37.81639199967675], [-122.27526499988696, 37.81645199991585], [-122.27541700022289, 37.81692199974694], [-122.27551199975916, 37.81721300002977], [-122.27562899993501, 37.817635000028524], [-122.27567699961558, 37.81777500028216], [-122.2757279996692, 37.81790400019973], [-122.27592600003592, 37.81848399994277], [-122.27605300025753, 37.81886999969548], [-122.27609099989239, 37.81899100021726], [-122.27620700024332, 37.81935600030803], [-122.27624599970308, 37.81947799988924], [-122.27630799962735, 37.81967200011098], [-122.27646800035923, 37.8201640002013], [-122.27649699977323, 37.820253999845676], [-122.27656000042073, 37.820448000156695], [-122.27658700018492, 37.820534999929386], [-122.27666900020068, 37.82079600005141], [-122.27669699978978, 37.82088300012356], [-122.27673899962257, 37.821013999957074], [-122.27680999976768, 37.82123599996755], [-122.27686599984418, 37.82140700019157], [-122.27690900040021, 37.8215390003426], [-122.27694500038521, 37.821644999798366], [-122.27705400016517, 37.821964999735606], [-122.27709099997509, 37.82207199981975], [-122.27713299980788, 37.82220299967178], [-122.27725199963355, 37.8225680001998], [-122.27726099985439, 37.82259800029903], [-122.27730500023534, 37.82272999973916], [-122.2773179997558, 37.82277000001743], [-122.27735799993877, 37.822893000151936], [-122.27737200018248, 37.82293400015126], [-122.27741499984016, 37.82307400028863], [-122.27754600025973, 37.8234969999318], [-122.27758999974236, 37.82363800022025], [-122.2776559998646, 37.8238339997459], [-122.27785500005622, 37.82442399974503], [-122.27786699975178, 37.82445799966376], [-122.2779150003307, 37.82462300009053], [-122.27793600024707, 37.824696999861025], [-122.27799999982118, 37.824919999928994], [-122.2780219995625, 37.82499499989268], [-122.27804300037721, 37.82505500023455], [-122.27810799977621, 37.82523699981402], [-122.27813000041584, 37.8252979997364], [-122.27819499981486, 37.82552299966553], [-122.27839099963342, 37.8261980003038], [-122.27845699975566, 37.82642400008918], [-122.2784869998929, 37.82650199993607], [-122.27852600025096, 37.82660200009222], [-122.27861099974146, 37.82687799993355], [-122.2784879997178, 37.82684800015505], [-122.2751360000155, 37.82608000025383], [-122.27506099967243, 37.82605900018311], [-122.27445300012519, 37.825934999879955], [-122.27440200007158, 37.82592400029505], [-122.27336500017896, 37.82563700009624], [-122.27274000001498, 37.8254640001888], [-122.27179600000875, 37.825226000125085], [-122.26971600037571, 37.82470399977796], [-122.2696860002385, 37.82469600007557], [-122.26934800012971, 37.824630999800796], [-122.26904799965574, 37.82457099982384], [-122.26883000009586, 37.824530999812055], [-122.26856300013215, 37.82446200023757], [-122.26847000024574, 37.824436999841005]]]}}, {"type": "Feature", "properties": {"neighborhood": "Rockridge"}, "geometry": {"type": "Polygon", "coordinates": [[[-122.24382499980196, 37.84836100035403], [-122.24392000023654, 37.84822899995118], [-122.24418800002513, 37.847912999724976], [-122.24428500010951, 37.84773299970009], [-122.24457999966229, 37.84719400001647], [-122.24467799957156, 37.84701499984756], [-122.24469500018833, 37.84698199987595], [-122.24473199999822, 37.84691499969479], [-122.24475000043991, 37.84688299987262], [-122.24476799998325, 37.84685100003656], [-122.24498399989332, 37.846435000194965], [-122.24539599962199, 37.84579799970235], [-122.24608299971023, 37.84466700022457], [-122.24610799982459, 37.84462900020683], [-122.24618499981749, 37.844515000036246], [-122.24621099975673, 37.844478000166994], [-122.24632000043503, 37.84430100024821], [-122.24664799959976, 37.843774000307036], [-122.24675800010293, 37.84359799964669], [-122.24682599987499, 37.843488999792925], [-122.2470309999144, 37.84316300021903], [-122.24710000040969, 37.84305499996845], [-122.24749000039704, 37.84242700023839], [-122.24812999973132, 37.84139199974371], [-122.24919500011134, 37.83971100005288], [-122.24946100025012, 37.83926699985293], [-122.24972999986365, 37.838840000009284], [-122.25053999997554, 37.837560999767724], [-122.25081000031228, 37.83713500030698], [-122.25083600025154, 37.837093999684505], [-122.25091499989429, 37.83697299975646], [-122.25094199965845, 37.836933000082546], [-122.25102000037458, 37.83680400008174], [-122.251253999828, 37.8364230000329], [-122.25133900021679, 37.83629100025527], [-122.25141299983663, 37.8361749999977], [-122.25163600031773, 37.83582700025903], [-122.25171099976248, 37.83571200032695], [-122.2522820003981, 37.834763000342946], [-122.2524100004446, 37.83454299988868], [-122.2526060002632, 37.834685999655505], [-122.25274600000526, 37.83478699972071], [-122.25285200031048, 37.83486499995037], [-122.25303800008331, 37.83497500013413], [-122.25323399990191, 37.83505399981015], [-122.25345999985774, 37.8351459997394], [-122.25362399988924, 37.83520800033644], [-122.25411799963368, 37.83539700002691], [-122.25428300038843, 37.835460000052635], [-122.25450900034423, 37.8355489998509], [-122.25518700021165, 37.8358190003436], [-122.25541399999237, 37.835909000051714], [-122.25555499955937, 37.83596399974049], [-122.25563199955226, 37.83599400006938], [-122.25576499962163, 37.836044999749205], [-122.25628400037873, 37.83624700027693], [-122.25650899961133, 37.83633500020737], [-122.25671299982581, 37.83640799995721], [-122.256851999743, 37.83645399980129], [-122.25697099956868, 37.83649300010937], [-122.25734800003555, 37.83658400003854], [-122.2576400001136, 37.83663699997674], [-122.2577609995891, 37.836655000295096], [-122.25791899977285, 37.83668000009938], [-122.25807899960641, 37.83670499989519], [-122.25828000034619, 37.83672900006011], [-122.25860400021126, 37.836783000225296], [-122.25951600043044, 37.836935000031254], [-122.25957699963149, 37.83694400015464], [-122.25990200021984, 37.83699400026833], [-122.25992399996113, 37.836996999834184], [-122.25999000008336, 37.8370070002781], [-122.26001199982468, 37.83701100017151], [-122.2608720001653, 37.8371240002633], [-122.26117000009114, 37.83715699967984], [-122.26163000039867, 37.837209999915814], [-122.26206399986864, 37.83726699999323], [-122.2622589998623, 37.83729299991437], [-122.26236099996954, 37.83731400033508], [-122.26254799956729, 37.837355000125825], [-122.2628210002771, 37.83745000028015], [-122.26304899988273, 37.83757499999805], [-122.26328099968632, 37.83771800027256], [-122.2634620003346, 37.83779600024093], [-122.26360299990158, 37.837836999763766], [-122.26372299955219, 37.837856000105916], [-122.26386499984241, 37.83786799964738], [-122.26405499981321, 37.837858000029655], [-122.26416899961602, 37.837870000280255], [-122.26426900007347, 37.83785999995329], [-122.264320999952, 37.83782599982482], [-122.26438299987626, 37.837805999867115], [-122.26458399971773, 37.83777800020099], [-122.2647429997264, 37.83776099976507], [-122.26482899994012, 37.83774599996144], [-122.26502599958357, 37.83770000021353], [-122.26512699986596, 37.837687000325836], [-122.26522800014827, 37.8376809998312], [-122.26540800007334, 37.83766799994015], [-122.26543599966243, 37.83766600001131], [-122.26545199955592, 37.837662999763204], [-122.26558600034856, 37.83764200015125], [-122.2656309996561, 37.83763599965289], [-122.26556500043218, 37.837847000093795], [-122.26551000018058, 37.83802700012737], [-122.26534000030126, 37.83846099974209], [-122.26522399995032, 37.83865999983128], [-122.26514399958438, 37.838796000132454], [-122.26495799981151, 37.83909200008801], [-122.26476899966563, 37.83936600014824], [-122.2645889997406, 37.83956499992418], [-122.26452500016649, 37.83963199968866], [-122.26450800044806, 37.83964899969338], [-122.2644830003337, 37.83967399990185], [-122.26444599962545, 37.83971100005288], [-122.2644199996862, 37.83973699982195], [-122.26438299987626, 37.83977399994144], [-122.26416399959317, 37.83999699984652], [-122.26392900031485, 37.8401960000483], [-122.26367900006959, 37.84039999970499], [-122.26343700022022, 37.84056100025279], [-122.26314099994423, 37.84074299989373], [-122.2628570002621, 37.84090199985171], [-122.26281100023134, 37.84092600006987], [-122.26254099989461, 37.84106400028625], [-122.2618599996541, 37.841352999897595], [-122.26182600021727, 37.84162299971904], [-122.26180500030087, 37.841789999886366], [-122.26176000009502, 37.842044999888024], [-122.26168599957686, 37.842466999770686], [-122.26163200004851, 37.84281099981839], [-122.26159299969044, 37.84306800032883], [-122.26156599992625, 37.84326500027106], [-122.26148599956032, 37.84385800024844], [-122.26145999962105, 37.84405599973171], [-122.26144799992548, 37.84410300000392], [-122.26141399959029, 37.844246999911846], [-122.26140400044287, 37.844295000291574], [-122.26138199980326, 37.84444100027924], [-122.26131700040423, 37.844880000147974], [-122.26129599958952, 37.84502699990619], [-122.26127499967312, 37.845181000183075], [-122.26121399957374, 37.84564599971708], [-122.2611950002055, 37.84580100032894], [-122.26117900031196, 37.84594000014286], [-122.26117500011401, 37.84598100010432], [-122.26113099973308, 37.84635899983395], [-122.26111499983955, 37.84649900021424], [-122.26109499974808, 37.8466450000946], [-122.26103700002173, 37.84708599999427], [-122.26101899958007, 37.84723300032056], [-122.26099500018894, 37.84737900016639], [-122.26092499986875, 37.84781800027891], [-122.26090300012744, 37.84796499985529], [-122.26088300003596, 37.8481100002023], [-122.2608239995864, 37.848548000047344], [-122.26080500021817, 37.84869400012683], [-122.2607819997536, 37.84884500004585], [-122.26071399998155, 37.84929800007555], [-122.26069200024024, 37.84945000033573], [-122.26067299997365, 37.84958999981278], [-122.26061699989718, 37.850010000195645], [-122.26059900035384, 37.8501510001779], [-122.26058699975994, 37.85022300029122], [-122.26057099986642, 37.85032999982728], [-122.26049499969844, 37.85086899999497], [-122.26046999958409, 37.85104900016691], [-122.26044100017009, 37.851244999933165], [-122.26035599978127, 37.85183600003315], [-122.26032900001711, 37.852032999959505], [-122.26030999975052, 37.85217400032889], [-122.26026399971975, 37.8525349996532], [-122.26025799987197, 37.85256900009381], [-122.2602529998491, 37.85260000016895], [-122.2602319999327, 37.85274200027793], [-122.26022299971189, 37.85279299972589], [-122.26012499980256, 37.85280599978809], [-122.2599719996417, 37.85282599993396], [-122.25975300025691, 37.852854000270895], [-122.2597869996938, 37.853011000139254], [-122.25836700038481, 37.85319599988027], [-122.25833800007251, 37.853040999917894], [-122.25820900020108, 37.85305199971548], [-122.25813399985799, 37.85306100000002], [-122.25804000014669, 37.853074000015006], [-122.2579020000544, 37.853091999868276], [-122.25777200035807, 37.85310999971715], [-122.2575079998691, 37.85314500000184], [-122.25732899976896, 37.85316799967324], [-122.25725099995117, 37.853175999834775], [-122.25727400041569, 37.85329800024056], [-122.25705799960734, 37.8533300001159], [-122.25694800000247, 37.85334699980023], [-122.25641200042524, 37.853419000338974], [-122.2561970003401, 37.853448999951645], [-122.25609799970758, 37.85346199989817], [-122.25580200032988, 37.853500999724154], [-122.25570400042061, 37.85351499976579], [-122.25558700024473, 37.853529999908744], [-122.2552390000902, 37.85357699981679], [-122.25512299973924, 37.8535930000503], [-122.25505900016513, 37.85360399976548], [-122.25487000001924, 37.85363700031989], [-122.25480700027006, 37.853649000130915], [-122.25464400006342, 37.853667999945955], [-122.25415699999171, 37.853726000172294], [-122.25399499961003, 37.85374600006858], [-122.25398600028751, 37.85370199986405], [-122.25396799984583, 37.853610999776855], [-122.25383300012663, 37.853619999993136], [-122.25367900014083, 37.853641000020644], [-122.25359299992711, 37.85365399993337], [-122.25344599961402, 37.85367200035433], [-122.25345999985774, 37.853727999665686], [-122.25346800025366, 37.85376299965692], [-122.25348300032223, 37.85381100022594], [-122.2533460000549, 37.85382999999922], [-122.25332900033646, 37.853742999765295], [-122.25331799956749, 37.85368799985792], [-122.25326499986406, 37.85369499986132], [-122.25324099957461, 37.85347499984246], [-122.25327200043506, 37.85347100013265], [-122.25329500000127, 37.85346799981823], [-122.25331000006989, 37.85346600031778], [-122.25328300030571, 37.853340999870376], [-122.25322399985616, 37.85305999988963], [-122.25319700009197, 37.8530630002207], [-122.25316699995477, 37.852788999979076], [-122.25313299961958, 37.852506999904435], [-122.25311500007624, 37.8523780001898], [-122.253120999924, 37.85236999994166], [-122.25310599985539, 37.852232000312014], [-122.2530790000912, 37.85198400023583], [-122.25305599962668, 37.851769000006676], [-122.25303100041063, 37.85155499999069], [-122.2530000004485, 37.85127999968459], [-122.25299500042563, 37.85123799969715], [-122.25298000035701, 37.851164999729576], [-122.2529660001133, 37.85111100016379], [-122.25296399956517, 37.851098999939666], [-122.25296000026552, 37.85107199978285], [-122.25294000017404, 37.850927999725386], [-122.25291900025765, 37.85077199981864], [-122.25255199983651, 37.850821000347814], [-122.25250300033103, 37.850826000342046], [-122.25241299991937, 37.85083000019535], [-122.25233299955342, 37.85083400004845], [-122.25189300023567, 37.85097899971882], [-122.25172900020414, 37.85102199999179], [-122.2515159997688, 37.85109500010095], [-122.25127300009457, 37.851169999700545], [-122.25108300012374, 37.85123000003458], [-122.25100799978068, 37.85118400018477], [-122.25096000010011, 37.85115900033148], [-122.25088300010721, 37.85111799970253], [-122.25080899958907, 37.85121600026836], [-122.25068100044085, 37.85138500025781], [-122.25053199957962, 37.851379000168286], [-122.25047200020349, 37.851386999814686], [-122.25032800026342, 37.85139299990356], [-122.2501850001483, 37.85140600021267], [-122.2500370000103, 37.85141600012151], [-122.25002500031472, 37.851386999814686], [-122.25000299967512, 37.8513460000218], [-122.2499809999338, 37.85129400014794], [-122.24962899958129, 37.85141100016723], [-122.24947299994571, 37.851448000104405], [-122.24943000028797, 37.85144999965952], [-122.24938699973197, 37.851451999923974], [-122.2491549999284, 37.85146600035465], [-122.24898400022414, 37.85147500012347], [-122.24878099983455, 37.85148700028645], [-122.24875700044342, 37.85148799970885], [-122.24821699976995, 37.85151999966049], [-122.24775700036074, 37.85155200030757], [-122.24750100026769, 37.85157099995371], [-122.2474329995973, 37.85161600014141], [-122.24737999989384, 37.8516480000375], [-122.2473539999546, 37.85164699990794], [-122.24725299967226, 37.851575999897086], [-122.24713100037182, 37.85158599978288], [-122.24692799998223, 37.851599000057945], [-122.24688600014944, 37.85160199973916], [-122.24661800036084, 37.85161899982193], [-122.24658800022362, 37.851574999766605], [-122.2461089996495, 37.85160299986933], [-122.2461220000683, 37.85166500010966], [-122.24601499993817, 37.85166399998033], [-122.24577899993662, 37.851677000241665], [-122.24553700008727, 37.8516909999203], [-122.24511899961254, 37.85171500017395], [-122.24503400012205, 37.85171600030257], [-122.24502300025138, 37.851790999979734], [-122.24501200038073, 37.851812999946276], [-122.24499999978683, 37.85183399977919], [-122.24499399993907, 37.85184700001054], [-122.24494899973323, 37.851883000311865], [-122.24493100018988, 37.85189900020371], [-122.24483599975531, 37.85184200008548], [-122.24482300023485, 37.85181600032804], [-122.24478100040204, 37.851732999649734], [-122.24446699968439, 37.8517509998304], [-122.24399100038163, 37.851777000320084], [-122.24383599967261, 37.851786000050936], [-122.24370299960323, 37.85179399965318], [-122.24366099977044, 37.85179599990824], [-122.24364700042504, 37.85179999970892], [-122.24363300018133, 37.85180300009128], [-122.24361300008984, 37.85180599976419], [-122.24359899984614, 37.85180699989153], [-122.24349000006619, 37.85181400007353], [-122.24339600035486, 37.85181900000048], [-122.24327900017902, 37.851826000181276], [-122.24322899995028, 37.8518289998533], [-122.24309500005597, 37.85183700016016], [-122.24301200021532, 37.85184200008548], [-122.24288699964352, 37.851849999681654], [-122.24267499993142, 37.85186299991019], [-122.24252599996852, 37.85187100021334], [-122.24245999984628, 37.85187500000996], [-122.24242899988414, 37.851877000262874], [-122.24228999996694, 37.851884999855194], [-122.24225900000481, 37.85188700010778], [-122.24215699989757, 37.85189300015602], [-122.24212199973749, 37.85189499969907], [-122.24205899998827, 37.85189900020371], [-122.24191400022332, 37.85190900004568], [-122.24191000002537, 37.85181400007353], [-122.24193799961445, 37.85165400010513], [-122.24194600001039, 37.85162899970187], [-122.2419560000561, 37.851600000188164], [-122.24197100012474, 37.85153500020936], [-122.24199100021622, 37.85144699997213], [-122.24200799993466, 37.85139600030247], [-122.24201899980532, 37.851373000078276], [-122.2420399997217, 37.85133499996973], [-122.24224499976113, 37.851040999774554], [-122.24231500008132, 37.85095999992007], [-122.2424270002343, 37.85083299990785], [-122.24266599971061, 37.85075599968223], [-122.2433829999361, 37.85052899981114], [-122.2436230001356, 37.85045300012308], [-122.24370699980118, 37.85041299995713], [-122.24395899969628, 37.85029599977279], [-122.24404400008507, 37.850256999670094], [-122.24388400025151, 37.84999600019778], [-122.24362099958746, 37.8495650001283], [-122.24352400040141, 37.84944500024812], [-122.24338200011118, 37.84931799975439], [-122.24334100010331, 37.84926499970706], [-122.24333100005755, 37.84925199972974], [-122.24330900031623, 37.849204999901886], [-122.2433059999432, 37.84915100031932], [-122.24332299966163, 37.84907200013616], [-122.24338100028626, 37.848988999915456], [-122.24351900037854, 37.84878200010315], [-122.243716000022, 37.84851299970836], [-122.24382499980196, 37.84836100035403]]]}}, {"type": "Feature", "properties": {"neighborhood": "San Antonio"}, "geometry": {"type": "Polygon", "coordinates": [[[-122.23118899967317, 37.78916199994093], [-122.231486999599, 37.78884399964973], [-122.23165400000356, 37.7886680000254], [-122.23178799989789, 37.78847099986809], [-122.23185200037031, 37.78834700032495], [-122.23189699967784, 37.78824599989638], [-122.23192699981506, 37.78816100026518], [-122.23196000032534, 37.78804400004494], [-122.23197600021885, 37.7879420003389], [-122.23201300002877, 37.787579999883846], [-122.23202399989944, 37.787417999894195], [-122.23203800014315, 37.78735000000306], [-122.23205300021178, 37.78728500021568], [-122.23209000002167, 37.78719000009593], [-122.23215600014392, 37.787055999711924], [-122.23232600002325, 37.786797999782365], [-122.23236500038131, 37.786743999963754], [-122.23250299957523, 37.78655800012889], [-122.23299800004287, 37.78602499986796], [-122.23318700018875, 37.785832000301326], [-122.23330000016666, 37.78572700015247], [-122.23372399959088, 37.7854259997037], [-122.23405400020208, 37.78519299996741], [-122.2341129997533, 37.78513800007483], [-122.23429299967836, 37.784971999828215], [-122.23486400031398, 37.78445499980601], [-122.2351120000111, 37.784217999934064], [-122.235513999694, 37.78380399982618], [-122.23590000038172, 37.783410000032404], [-122.2359709996285, 37.78345499990245], [-122.23612299996445, 37.783545000270365], [-122.23677200041791, 37.78393100019505], [-122.23679499998413, 37.78394499994838], [-122.23701699974195, 37.784083999840846], [-122.23718400014654, 37.784183999943984], [-122.23768700011176, 37.78448699972153], [-122.23785500034128, 37.78458899993654], [-122.23792800013621, 37.78463500012664], [-122.23806399968032, 37.78471300010574], [-122.23869600041535, 37.78507900027365], [-122.23890700030249, 37.78520200001048], [-122.23897900027252, 37.7852459998897], [-122.23912300021259, 37.78533100003398], [-122.23977400031585, 37.785718999776705], [-122.23999100005081, 37.785848999919246], [-122.24020100011309, 37.785976000323664], [-122.24083299994976, 37.786359000126836], [-122.24104399983696, 37.786486999957766], [-122.24125499972413, 37.786610000190926], [-122.24188800028405, 37.786981999840755], [-122.24209999999617, 37.78710699983907], [-122.2423069996854, 37.78723200033584], [-122.24293000019955, 37.78760699984759], [-122.2431379997137, 37.78773299978463], [-122.24334799977599, 37.78785699964808], [-122.24369500010563, 37.78806099986391], [-122.24397899978776, 37.78823099996854], [-122.24418899985004, 37.788357000261485], [-122.24439800008739, 37.788483999905445], [-122.24502800027427, 37.78886499965757], [-122.24523800033653, 37.78899199984832], [-122.24542800030733, 37.78909400023476], [-122.245475000163, 37.78912000008803], [-122.24601999996106, 37.78936199975792], [-122.2461019999768, 37.78939900028588], [-122.24621699960453, 37.789453999846906], [-122.24682300040025, 37.78972400000233], [-122.24702500006663, 37.789824000282756], [-122.24717499985444, 37.789912999737076], [-122.2473129999467, 37.79002000012756], [-122.24801400027867, 37.79062600027794], [-122.24818199960986, 37.7907749999918], [-122.24868799994815, 37.79122200017024], [-122.24885700000256, 37.791372000338804], [-122.24902299968389, 37.7915179999738], [-122.2495220003495, 37.79195899996389], [-122.24968899985575, 37.79210600008559], [-122.24985399971219, 37.792251000175014], [-122.25034900017982, 37.79268799988375], [-122.25051499986118, 37.79283399975785], [-122.25033699958595, 37.79296000001041], [-122.24980199983365, 37.793341000109294], [-122.24962500028167, 37.79346799970565], [-122.24943899961049, 37.79360000011673], [-122.2488820001169, 37.79399899982872], [-122.24869700016896, 37.79413200020037], [-122.24851200022106, 37.79426199973979], [-122.24795700037728, 37.79465499969215], [-122.24777300025424, 37.79478599992152], [-122.24758300028344, 37.79492399981982], [-122.24701300037106, 37.795338000097686], [-122.24689199999723, 37.79542700000874], [-122.24682400022517, 37.79547599967475], [-122.24664400030011, 37.79560199968075], [-122.24610699999967, 37.79598200017767], [-122.24592600024971, 37.79610599968518], [-122.2457410003018, 37.79623700018108], [-122.24518599955968, 37.79663300006171], [-122.24500200033499, 37.79676499978678], [-122.24483699958023, 37.796617000251075], [-122.24434500038396, 37.796174000036594], [-122.24418100035243, 37.79602700020049], [-122.24401399994784, 37.79587899989609], [-122.24351299963243, 37.795436000225116], [-122.24334600012615, 37.79528900034015], [-122.24317899972156, 37.79514300034843], [-122.24267999995429, 37.79470799992671], [-122.24251400027296, 37.79456299969018], [-122.24235000024143, 37.79441500000223], [-122.24185800014683, 37.79397200007099], [-122.2416940001153, 37.7938250001125], [-122.24150599979434, 37.79395599968405], [-122.24094099990482, 37.794350000040836], [-122.24075400030706, 37.7944820002958], [-122.24056900035912, 37.79461199992924], [-122.24001699999008, 37.79500399996177], [-122.23983299986708, 37.79513599975816], [-122.23964600026933, 37.795268000028514], [-122.23908399985453, 37.79566599978173], [-122.23889800008168, 37.795798999991796], [-122.23871300013376, 37.795930999787394], [-122.23815699956675, 37.79632699988864], [-122.23797300034205, 37.79646000032835], [-122.23780199973952, 37.796578000165795], [-122.23729100027666, 37.796933000128305], [-122.23712100039735, 37.79705200007987], [-122.23702500013788, 37.79713499981333], [-122.23701099989417, 37.79715199967027], [-122.23673200023491, 37.797500000057326], [-122.23664000017341, 37.79761700021085], [-122.23602400023027, 37.798407999948694], [-122.23386000003333, 37.797129999729435], [-122.23321399995294, 37.7967429997307], [-122.23317399976996, 37.79669099970109], [-122.23312299971636, 37.79659100019651], [-122.23300399989067, 37.79663499968288], [-122.23196199997517, 37.79700699997163], [-122.23060000039251, 37.79747599991193], [-122.23059700001949, 37.797360999846404], [-122.23062600033178, 37.79731800023892], [-122.23067400001236, 37.797264999747256], [-122.2311960002442, 37.79670200009262], [-122.23133500016135, 37.79655099993088], [-122.23175199991289, 37.796101999704305], [-122.23189199965495, 37.79595199991061], [-122.23147599972835, 37.79570299999233], [-122.2302310003216, 37.794956999649294], [-122.22988900001484, 37.79475199982469], [-122.2298170000448, 37.79470799992671], [-122.22962000040131, 37.794588000265335], [-122.22951999994389, 37.79452800000658], [-122.22902799984927, 37.79423200019402], [-122.22883100020579, 37.794114000158736], [-122.22863899968685, 37.794001000231056], [-122.22860199987691, 37.79397900006169], [-122.22841000025633, 37.79387199972542], [-122.22830700032416, 37.79382600031603], [-122.22823500035413, 37.79380100019294], [-122.22802399956862, 37.79376499994402], [-122.22797199969008, 37.79375699972859], [-122.2278050001838, 37.793731000087185], [-122.22758099987782, 37.7936930001034], [-122.2269089998582, 37.79358099973866], [-122.226769999941, 37.793559000154104], [-122.2266849995522, 37.7935450000924], [-122.22671800006249, 37.793481999781925], [-122.22677199959084, 37.793396999784946], [-122.22686200000251, 37.793268999855485], [-122.22743600011286, 37.792467999664694], [-122.2276269999086, 37.792201999789874], [-122.22769499968065, 37.79211900019333], [-122.22775599978002, 37.792050999659004], [-122.22778199971928, 37.79202299967132], [-122.22816900023189, 37.79162299970309], [-122.22825700009545, 37.791531999709676], [-122.22830800014908, 37.79148099979695], [-122.22832999989038, 37.791459999822656], [-122.2283960000126, 37.791396999864034], [-122.2284179997539, 37.79137599986588], [-122.22854599980045, 37.79124799998465], [-122.22874300034225, 37.791053000088766], [-122.22890499982563, 37.79089399992388], [-122.22893499996286, 37.79087100000564], [-122.2290010000851, 37.79082099988088], [-122.22908599957562, 37.790771999967156], [-122.22929399998807, 37.790660999680306], [-122.22991999997697, 37.79033200024228], [-122.23012900021435, 37.79022200025663], [-122.23020100018435, 37.79017299994569], [-122.23036299966773, 37.7900249999828], [-122.23076199987592, 37.78959499983815], [-122.23091400021188, 37.789440999980144], [-122.23118899967317, 37.78916199994093]]]}}, {"type": "Feature", "properties": {"neighborhood": "Seminary Park"}, "geometry": {"type": "Polygon", "coordinates": [[[-122.19950199971598, 37.76514900027008], [-122.19935299975307, 37.76507900001187], [-122.19890900023739, 37.76487199991589], [-122.19876100009938, 37.764802999991836], [-122.19866900003787, 37.76476099979046], [-122.19839500040148, 37.76463499975324], [-122.1983040001649, 37.76459300016657], [-122.19823700021773, 37.76455799978265], [-122.19803899985104, 37.764456000334555], [-122.19797299972879, 37.76442199977711], [-122.19780399967436, 37.764347000079596], [-122.1972980002344, 37.764122999715894], [-122.19713000000489, 37.76404900032164], [-122.19697600001912, 37.763976999937874], [-122.19651400006177, 37.763760999786406], [-122.19636099990089, 37.76368999973366], [-122.19623899970215, 37.76363199976002], [-122.19587300000424, 37.76345900018071], [-122.19575199963042, 37.76340199993103], [-122.19569200025428, 37.76337299983697], [-122.19551399997906, 37.7632860001967], [-122.19545500042781, 37.7632579999642], [-122.19526999958157, 37.76316799975385], [-122.19471499973781, 37.762898999797834], [-122.1945309996148, 37.76280999977387], [-122.1944899996069, 37.76279000008892], [-122.1943699999563, 37.76273300003378], [-122.19432999977332, 37.762714000242404], [-122.19420400027496, 37.762651999842554], [-122.19382900035623, 37.76246800029724], [-122.19370399978446, 37.76240700031996], [-122.1936159999209, 37.762366000097394], [-122.19335200033026, 37.76224399992419], [-122.19326399956837, 37.76220400024273], [-122.1932229995605, 37.76218500031546], [-122.19317599970483, 37.762161999985786], [-122.19290999956606, 37.76203699970553], [-122.19283000009843, 37.76199599998805], [-122.19231100023967, 37.76233399983856], [-122.19075399976504, 37.76334800006511], [-122.19023499990628, 37.763686000128764], [-122.19016899978402, 37.76375000017277], [-122.18997100031564, 37.763944999665924], [-122.18990600001831, 37.76401000009292], [-122.18943700038825, 37.764430000327394], [-122.18934299977859, 37.764516000152256], [-122.18904999987564, 37.764701000171506], [-122.18902399993638, 37.764716999790586], [-122.18785399997435, 37.76545799992811], [-122.18732300042002, 37.76579600029104], [-122.18673800043901, 37.76617199977057], [-122.1849840003209, 37.76730299978885], [-122.1844000001648, 37.76767999997519], [-122.18292499970593, 37.7686219999267], [-122.18218099971625, 37.76909700004091], [-122.18205100001992, 37.76918399994649], [-122.18200599981408, 37.76922199975071], [-122.18195999978333, 37.76927799994981], [-122.18192200014849, 37.76933400010654], [-122.18187600011775, 37.769455999946025], [-122.18186900044506, 37.76952099979002], [-122.18187100009486, 37.7695710001227], [-122.18194600043795, 37.76957800029439], [-122.18191899977543, 37.76965199983717], [-122.18178400005624, 37.770380999665875], [-122.18176800016269, 37.77046400024263], [-122.18170500041353, 37.77082699983099], [-122.18164400031415, 37.77110600020482], [-122.18159599973525, 37.77139300003302], [-122.1815920004356, 37.77142100002589], [-122.1815630001233, 37.771662000337706], [-122.18157900001681, 37.77180399997982], [-122.18159499991033, 37.77187199997192], [-122.18162599987247, 37.771948000348516], [-122.18168000029915, 37.772059000337755], [-122.18176599961456, 37.772201999713644], [-122.18177700038356, 37.77221399998634], [-122.18183500010986, 37.772276999965996], [-122.18198099969973, 37.77242199990668], [-122.1815279999632, 37.772713000134466], [-122.18017200022834, 37.77358900034867], [-122.17996100034114, 37.77372600030289], [-122.17972899963925, 37.773893000007355], [-122.18016499965731, 37.774257000271376], [-122.18035999965099, 37.774386999982056], [-122.18066400032292, 37.77457599988565], [-122.18116700028817, 37.77487699978648], [-122.18137099960434, 37.77497899977216], [-122.18232399983141, 37.775512999906184], [-122.18312600044568, 37.775966999659126], [-122.18400900035253, 37.77648499984755], [-122.18419799960013, 37.77642600023953], [-122.1844360001498, 37.77629500012318], [-122.18506899981138, 37.77565299977387], [-122.18531200038395, 37.775469999655215], [-122.1853650000874, 37.77542499989422], [-122.1855340001418, 37.775269999876656], [-122.1861960001157, 37.77466899967209], [-122.18641700004864, 37.77446899985679], [-122.18726800016843, 37.7737829996959], [-122.1874139997583, 37.773669000155806], [-122.18785200032453, 37.77332999979351], [-122.1879989997393, 37.77321700003737], [-122.18807099970934, 37.77316499978369], [-122.18828699961938, 37.773009999998486], [-122.18836000031264, 37.77295900008514], [-122.18843200028267, 37.77290800013666], [-122.18864999984255, 37.77275400030142], [-122.18872299963749, 37.77270399999087], [-122.1888430001864, 37.77261799974681], [-122.18920300003653, 37.77236500017447], [-122.18932400041035, 37.77228000003131], [-122.18976700010111, 37.77197399984277], [-122.1902290000585, 37.771650999768994], [-122.19034500040945, 37.771576000301856], [-122.19043200044808, 37.77152200001353], [-122.19080200034392, 37.77126500033632], [-122.19133500044639, 37.77089000028232], [-122.19141599973895, 37.77082999995513], [-122.19219400006382, 37.770292000124535], [-122.19268299978533, 37.76994000015491], [-122.193250000223, 37.76953999996299], [-122.19328200001003, 37.76951699979031], [-122.19338199956917, 37.769451000119545], [-122.19341500007944, 37.769428999742786], [-122.19352200020957, 37.76935300032761], [-122.19366799979943, 37.76924999985556], [-122.19384400042483, 37.76912699984848], [-122.19395200037987, 37.769051999951635], [-122.19423600006199, 37.76884799981885], [-122.19433599962113, 37.768776999678884], [-122.19498400024963, 37.76832199996438], [-122.19511200029616, 37.76823899982377], [-122.1957290000642, 37.76780400010434], [-122.19651900008463, 37.76724399995491], [-122.19670400003254, 37.76711299990268], [-122.19725999970127, 37.76672200020447], [-122.19744600037241, 37.76659199979962], [-122.19758600011447, 37.76649299990622], [-122.19800600023906, 37.766196000140816], [-122.19814599998112, 37.76609699971725], [-122.1984170001428, 37.765907000283335], [-122.19922999972941, 37.765338000352116], [-122.19950199971598, 37.76514900027008]]]}}, {"type": "Feature", "properties": {"neighborhood": "Temescal"}, "geometry": {"type": "MultiPolygon", "coordinates": [[[[-122.25828000034619, 37.83672900006011], [-122.25807899960641, 37.83670499989519], [-122.25791899977285, 37.83668000009938], [-122.2577609995891, 37.836655000295096], [-122.2576400001136, 37.83663699997674], [-122.25734800003555, 37.83658400003854], [-122.25697099956868, 37.83649300010937], [-122.256851999743, 37.83645399980129], [-122.25671299982581, 37.83640799995721], [-122.25650899961133, 37.83633500020737], [-122.25628400037873, 37.83624700027693], [-122.25576499962163, 37.836044999749205], [-122.25563199955226, 37.83599400006938], [-122.25555499955937, 37.83596399974049], [-122.25541399999237, 37.835909000051714], [-122.25518700021165, 37.8358190003436], [-122.25450900034423, 37.8355489998509], [-122.25428300038843, 37.835460000052635], [-122.25411799963368, 37.83539700002691], [-122.25362399988924, 37.83520800033644], [-122.25345999985774, 37.8351459997394], [-122.25323399990191, 37.83505399981015], [-122.25303800008331, 37.83497500013413], [-122.25285200031048, 37.83486499995037], [-122.25274600000526, 37.83478699972071], [-122.2526060002632, 37.834685999655505], [-122.2524100004446, 37.83454299988868], [-122.25245300010232, 37.8344699997123], [-122.25258399962357, 37.834249000147224], [-122.2526270001796, 37.83418100009329], [-122.25301600034201, 37.83355700009392], [-122.25322899987906, 37.83319400004701], [-122.25347400010142, 37.83280500026782], [-122.25420899987026, 37.831640000068234], [-122.25445499991754, 37.83125200030626], [-122.25458200013915, 37.831048999882896], [-122.2549649995555, 37.83044200035305], [-122.25509299960201, 37.830240000249546], [-122.25513399960991, 37.83017299975941], [-122.25525800035679, 37.82997400018995], [-122.25530000018958, 37.82990799988261], [-122.25620300018788, 37.82848300010352], [-122.25674200013813, 37.82762799965645], [-122.25679900003955, 37.827536000286], [-122.25761499999925, 37.82623200011479], [-122.2577809996806, 37.825946999941294], [-122.25790600025238, 37.825749000098966], [-122.25796099960564, 37.825659999831934], [-122.2584999995559, 37.824801000180216], [-122.25868000037927, 37.82451499965936], [-122.25875599964894, 37.82440699977977], [-122.2589489999928, 37.824099000148586], [-122.25974099966301, 37.82284000027489], [-122.26000599997693, 37.82242099967938], [-122.26042500027653, 37.82258700021676], [-122.26083199998233, 37.82272599978106], [-122.26120699990106, 37.82282399975558], [-122.26145299994835, 37.8228869998732], [-122.26199600009657, 37.82301200013892], [-122.26339700003727, 37.8232999997068], [-122.26584999993922, 37.823846999945815], [-122.2659699995898, 37.82388100013041], [-122.2675449996078, 37.824199999805295], [-122.26779700040117, 37.82426199966659], [-122.26800599974024, 37.82431400015102], [-122.268271999879, 37.82438500015284], [-122.26831799990977, 37.82439699975664], [-122.26841499999414, 37.82442299995588], [-122.26847000024574, 37.824436999841005], [-122.26856300013215, 37.82446200023757], [-122.2685460004137, 37.824532000309325], [-122.26847600009351, 37.824812999716386], [-122.26841099979616, 37.825040999757015], [-122.26836499976545, 37.82519300033892], [-122.26833999965106, 37.82528199975], [-122.26816200027415, 37.82589400012872], [-122.26809899962664, 37.826108999868715], [-122.26785900032544, 37.82693299996883], [-122.26782800036331, 37.82704399967003], [-122.2676430004154, 37.82782900007217], [-122.26759900003445, 37.828043000110696], [-122.2675660004225, 37.828204999694016], [-122.26755499965353, 37.82826099989646], [-122.2674559999193, 37.82869000012629], [-122.26741900010938, 37.82885199970821], [-122.26739599964486, 37.82895200022742], [-122.26727699981919, 37.82953000027483], [-122.26725099987992, 37.82965599964972], [-122.26707699980263, 37.83053799989224], [-122.26704300036575, 37.830698000265734], [-122.26700599965751, 37.830878000005065], [-122.26694100025851, 37.83118099981621], [-122.26693899971038, 37.83119299973398], [-122.26689500022776, 37.83133900011397], [-122.26686500009053, 37.831499999862736], [-122.26677700022697, 37.831984999922135], [-122.26674799991466, 37.83214700007425], [-122.26671799977744, 37.83230299964807], [-122.26662800026406, 37.83277399967553], [-122.26659899995174, 37.832930999725974], [-122.26657800003535, 37.83302500022893], [-122.26651399956295, 37.83331000002559], [-122.26649400036976, 37.83340499971314], [-122.26646500005745, 37.83353800006348], [-122.26637899984372, 37.83393699967589], [-122.26635100025464, 37.834071000144604], [-122.2663269999652, 37.83418100009329], [-122.2662990003761, 37.83431199973434], [-122.2662580003682, 37.83451400004109], [-122.2662359997286, 37.83462499968962], [-122.26611799972781, 37.83521699996106], [-122.26611500025308, 37.8352269999368], [-122.26575500040298, 37.837033999909174], [-122.26564700044794, 37.83757800024975], [-122.2656309996561, 37.83763599965289], [-122.26558600034856, 37.83764200015125], [-122.26545199955592, 37.837662999763204], [-122.26543599966243, 37.83766600001131], [-122.26540800007334, 37.83766799994015], [-122.26522800014827, 37.8376809998312], [-122.26512699986596, 37.837687000325836], [-122.26502599958357, 37.83770000021353], [-122.26482899994012, 37.83774599996144], [-122.2647429997264, 37.83776099976507], [-122.26458399971773, 37.83777800020099], [-122.26438299987626, 37.837805999867115], [-122.264320999952, 37.83782599982482], [-122.26426900007347, 37.83785999995329], [-122.26416899961602, 37.837870000280255], [-122.26405499981321, 37.837858000029655], [-122.26386499984241, 37.83786799964738], [-122.26372299955219, 37.837856000105916], [-122.26360299990158, 37.837836999763766], [-122.2634620003346, 37.83779600024093], [-122.26328099968632, 37.83771800027256], [-122.26304899988273, 37.83757499999805], [-122.2628210002771, 37.83745000028015], [-122.26254799956729, 37.837355000125825], [-122.26236099996954, 37.83731400033508], [-122.2622589998623, 37.83729299991437], [-122.26206399986864, 37.83726699999323], [-122.26163000039867, 37.837209999915814], [-122.26117000009114, 37.83715699967984], [-122.2608720001653, 37.8371240002633], [-122.26001199982468, 37.83701100017151], [-122.25999000008336, 37.8370070002781], [-122.25992399996113, 37.836996999834184], [-122.25990200021984, 37.83699400026833], [-122.25957699963149, 37.83694400015464], [-122.25951600043044, 37.836935000031254], [-122.25860400021126, 37.836783000225296], [-122.25828000034619, 37.83672900006011]]], [[[-122.26138199980326, 37.84444100027924], [-122.26140400044287, 37.844295000291574], [-122.26141399959029, 37.844246999911846], [-122.26144799992548, 37.84410300000392], [-122.26145999962105, 37.84405599973171], [-122.26148599956032, 37.84385800024844], [-122.26156599992625, 37.84326500027106], [-122.26159299969044, 37.84306800032883], [-122.26163200004851, 37.84281099981839], [-122.26168599957686, 37.842466999770686], [-122.26176000009502, 37.842044999888024], [-122.26180500030087, 37.841789999886366], [-122.26182600021727, 37.84162299971904], [-122.2618599996541, 37.841352999897595], [-122.26254099989461, 37.84106400028625], [-122.26281100023134, 37.84092600006987], [-122.2628570002621, 37.84090199985171], [-122.26314099994423, 37.84074299989373], [-122.26343700022022, 37.84056100025279], [-122.26367900006959, 37.84039999970499], [-122.26392900031485, 37.8401960000483], [-122.26416399959317, 37.83999699984652], [-122.26438299987626, 37.83977399994144], [-122.2644199996862, 37.83973699982195], [-122.26444599962545, 37.83971100005288], [-122.2644830003337, 37.83967399990185], [-122.26450800044806, 37.83964899969338], [-122.26452500016649, 37.83963199968866], [-122.2645889997406, 37.83956499992418], [-122.26476899966563, 37.83936600014824], [-122.26495799981151, 37.83909200008801], [-122.26514399958438, 37.838796000132454], [-122.26522399995032, 37.83865999983128], [-122.26534000030126, 37.83846099974209], [-122.26551000018058, 37.83802700012737], [-122.26556500043218, 37.837847000093795], [-122.2656309996561, 37.83763599965289], [-122.26583499987058, 37.83760599999177], [-122.26612000027595, 37.83756500034055], [-122.266448000339, 37.83751100003836], [-122.266588999906, 37.83748900006161], [-122.26665300037841, 37.83748199993864], [-122.26668400034055, 37.83749600018391], [-122.26671199992965, 37.83751400029271], [-122.2667239996252, 37.837529999755084], [-122.26674200006688, 37.83759100015659], [-122.26674799991466, 37.837622999753975], [-122.26686099989256, 37.838165000092154], [-122.26690500027351, 37.83834500005914], [-122.26693799988546, 37.83852200008315], [-122.26703999999272, 37.83905599992676], [-122.26707400032788, 37.83923399996148], [-122.26711000031291, 37.8394170003345], [-122.26721999991777, 37.839968000014686], [-122.26724099983416, 37.84006799965567], [-122.26725699972769, 37.84015200027092], [-122.26728500021508, 37.84030400022896], [-122.26737200025373, 37.84076000035175], [-122.26740200039096, 37.8409119997662], [-122.26743400017801, 37.84106400028625], [-122.26753000043747, 37.84151999996685], [-122.26756200022453, 37.841671999943266], [-122.26758700033889, 37.84179199970339], [-122.2676650001567, 37.84215199994056], [-122.26769100009595, 37.842272999885786], [-122.26772799990589, 37.842461999918996], [-122.26784099988379, 37.84302899995019], [-122.26787900041694, 37.84321899970868], [-122.2678979997852, 37.84331299987118], [-122.26795499968658, 37.84359599987859], [-122.26797399995316, 37.84369099979805], [-122.26799300021975, 37.84378000030601], [-122.26805000012116, 37.84404699976676], [-122.26807000021265, 37.844135999845086], [-122.26809199995395, 37.84422499981602], [-122.26815999972601, 37.84449499976415], [-122.26818300019055, 37.844585000236584], [-122.26830500038929, 37.84525099975119], [-122.26836899996337, 37.84547400012131], [-122.26841099979616, 37.845598000216704], [-122.26853299999492, 37.846182999667946], [-122.26857400000281, 37.84637400001411], [-122.2686090001629, 37.846561999979436], [-122.26868100013293, 37.84690200001257], [-122.2687630001487, 37.84726099994414], [-122.26913399986945, 37.84721300007624], [-122.26922599993097, 37.84720099992707], [-122.26927899963441, 37.847478999689926], [-122.26938800031266, 37.84799900027536], [-122.26940900022907, 37.84810699966966], [-122.26942000009974, 37.848162000193696], [-122.26943500016831, 37.8482300001271], [-122.26949700009261, 37.84853200013762], [-122.26950700013835, 37.848582000198526], [-122.26936999987103, 37.84859999972981], [-122.26923699980162, 37.848616999795404], [-122.26910399973222, 37.84863399985707], [-122.26904299963284, 37.84864100034032], [-122.26904900037897, 37.8486709997691], [-122.26905100002877, 37.848681000048884], [-122.26897800023384, 37.84869000015764], [-122.26861199963763, 37.84873700031376], [-122.26841099979616, 37.8487650000756], [-122.26837399998627, 37.84876799987211], [-122.2684479996061, 37.849120000212636], [-122.26845699982694, 37.849172999654854], [-122.26846900042082, 37.84917100003797], [-122.26848500031433, 37.84922400015288], [-122.26852200012425, 37.84939299974288], [-122.26855800010925, 37.84956399997049], [-122.26859200044447, 37.84975100015954], [-122.26863000007928, 37.84994599967703], [-122.26863900030013, 37.84997999989297], [-122.26865400036874, 37.850034000287096], [-122.26867600011005, 37.85015000002804], [-122.2687079998971, 37.850314000304294], [-122.26870899972201, 37.85033999988207], [-122.26871999959266, 37.850428000021886], [-122.26878700043814, 37.85076099968093], [-122.26882900027093, 37.850983000273104], [-122.26885100001222, 37.851070000217426], [-122.26886799973067, 37.851143000279066], [-122.26891499958633, 37.85138299999159], [-122.26896499981505, 37.85161600014141], [-122.26890399971568, 37.85162899970187], [-122.26866900043734, 37.8516810000488], [-122.2686519998206, 37.85168300030693], [-122.26843599991054, 37.851728999845406], [-122.26820999995473, 37.85177600019228], [-122.26795200021186, 37.85182199967274], [-122.26785000010463, 37.85179599990824], [-122.2677780001346, 37.85179599990824], [-122.26776600043904, 37.85179800016325], [-122.26761300027816, 37.85181900000048], [-122.26724099983416, 37.85186699970724], [-122.26706699975688, 37.85188999977733], [-122.26701099968038, 37.85189499969907], [-122.26701400005344, 37.85191100029762], [-122.26652100013395, 37.851963999861596], [-122.2664979996694, 37.851967000237224], [-122.26640999980586, 37.85197700006998], [-122.26620800013949, 37.85199899998103], [-122.26617499962921, 37.85200299977064], [-122.26612799977356, 37.852008999809435], [-122.26606599984929, 37.852015999972195], [-122.26595799989423, 37.85202900017145], [-122.26552400042429, 37.85208700026865], [-122.26526800033125, 37.85212200032968], [-122.26519800001107, 37.85213100001842], [-122.26518399976733, 37.85213300026439], [-122.26395100005612, 37.852296000264886], [-122.26392400029195, 37.852167000181076], [-122.2638349997052, 37.852203000326156], [-122.26360799992445, 37.852296000264886], [-122.26361999962003, 37.85233999988993], [-122.26362999966577, 37.8523720001811], [-122.26364399990948, 37.852421999765895], [-122.26359399968077, 37.85251099966649], [-122.26356899956639, 37.85254700035291], [-122.26348900009879, 37.852547999760944], [-122.26342899982433, 37.852549999995546], [-122.26236699981733, 37.852681000349584], [-122.26228599962646, 37.85269100008549], [-122.26224999964148, 37.852695999952914], [-122.26224499961859, 37.85265699970108], [-122.26224100031895, 37.85262899999865], [-122.2622379999459, 37.852606000159106], [-122.26223399974795, 37.85258499983678], [-122.26222100022746, 37.852527000131346], [-122.26214900025745, 37.85253699988815], [-122.26182899969197, 37.852579999961826], [-122.26169899999564, 37.852596999819035], [-122.26168599957686, 37.85259900005236], [-122.26151099967467, 37.85262300001037], [-122.26102399960294, 37.85269100008549], [-122.26093999993736, 37.852700999820044], [-122.26082600013453, 37.85271500001355], [-122.26079299962427, 37.852718999764384], [-122.2605480003002, 37.85274999977645], [-122.26022299971189, 37.85279299972589], [-122.2602319999327, 37.85274200027793], [-122.2602529998491, 37.85260000016895], [-122.26025799987197, 37.85256900009381], [-122.26026399971975, 37.8525349996532], [-122.26030999975052, 37.85217400032889], [-122.26032900001711, 37.852032999959505], [-122.26035599978127, 37.85183600003315], [-122.26044100017009, 37.851244999933165], [-122.26046999958409, 37.85104900016691], [-122.26049499969844, 37.85086899999497], [-122.26057099986642, 37.85032999982728], [-122.26058699975994, 37.85022300029122], [-122.26059900035384, 37.8501510001779], [-122.26061699989718, 37.850010000195645], [-122.26067299997365, 37.84958999981278], [-122.26069200024024, 37.84945000033573], [-122.26071399998155, 37.84929800007555], [-122.2607819997536, 37.84884500004585], [-122.26080500021817, 37.84869400012683], [-122.2608239995864, 37.848548000047344], [-122.26088300003596, 37.8481100002023], [-122.26090300012744, 37.84796499985529], [-122.26092499986875, 37.84781800027891], [-122.26099500018894, 37.84737900016639], [-122.26101899958007, 37.84723300032056], [-122.26103700002173, 37.84708599999427], [-122.26109499974808, 37.8466450000946], [-122.26111499983955, 37.84649900021424], [-122.26113099973308, 37.84635899983395], [-122.26117500011401, 37.84598100010432], [-122.26117900031196, 37.84594000014286], [-122.2611950002055, 37.84580100032894], [-122.26121399957374, 37.84564599971708], [-122.26127499967312, 37.845181000183075], [-122.26129599958952, 37.84502699990619], [-122.26131700040423, 37.844880000147974], [-122.26138199980326, 37.84444100027924]]]]}}, {"type": "Feature", "properties": {"neighborhood": "Upper Rockridge"}, "geometry": {"type": "Polygon", "coordinates": [[[-122.2172849996731, 37.8328199996571], [-122.21764000039865, 37.83296900009468], [-122.21799900042383, 37.83301799968236], [-122.21813999999084, 37.83301799968236], [-122.21832499993874, 37.83299000032737], [-122.21851599973448, 37.832938999954585], [-122.21865999967451, 37.832923000205994], [-122.21909400004279, 37.832877999963216], [-122.21923899980774, 37.83286299987616], [-122.2194680001366, 37.83283800019736], [-122.21961899974934, 37.832821000041996], [-122.22038600020356, 37.832737000301876], [-122.22076100012225, 37.83270099987723], [-122.22114299971366, 37.83266599982197], [-122.22117700004888, 37.83267499975663], [-122.22120499963796, 37.83267499975663], [-122.22146199955593, 37.8326450002065], [-122.22159899982326, 37.83261499993466], [-122.22188400022864, 37.832504000099874], [-122.22194000030512, 37.832460999671575], [-122.22196600024438, 37.83243000035375], [-122.22197600029013, 37.83241000035213], [-122.22216700008582, 37.832052999871664], [-122.22233000029246, 37.83170200006421], [-122.22239200021673, 37.831637999975975], [-122.2224320003997, 37.83150899993968], [-122.22248900030111, 37.831360999796274], [-122.22255500042336, 37.83123800029499], [-122.22263999991385, 37.8310939998222], [-122.22277700018118, 37.830885000045214], [-122.22288900033422, 37.8307490000591], [-122.22301400000765, 37.83065500020386], [-122.22311799976474, 37.830598999689784], [-122.22319800013068, 37.8305680002991], [-122.2233060000857, 37.83053500006377], [-122.22352700001866, 37.83048499982952], [-122.22362099972997, 37.83046900025824], [-122.22372399966214, 37.83045200026654], [-122.22402300031119, 37.83039600030786], [-122.22411100017476, 37.8303800000078], [-122.2243470001763, 37.830316000191786], [-122.22436899991762, 37.83030400013144], [-122.22445599995625, 37.83025599987049], [-122.22451899970544, 37.83034100001566], [-122.22459400004853, 37.83044000022826], [-122.22460200044442, 37.830453999681424], [-122.22475700025511, 37.83066799991174], [-122.22490600021804, 37.83086899985115], [-122.22504299958709, 37.83098999985781], [-122.22515599956496, 37.83108499969464], [-122.22539099974163, 37.83128300011903], [-122.22544799964304, 37.83133000001628], [-122.22587899963825, 37.83169099991999], [-122.22598099974552, 37.831633000099764], [-122.226000999837, 37.831660999969756], [-122.2260850004009, 37.831757999741185], [-122.22611299998998, 37.83178999974023], [-122.22622900034094, 37.83189499968389], [-122.22628000039457, 37.831928999707934], [-122.22637999995368, 37.83197199973684], [-122.22638199960349, 37.83205000010472], [-122.22655200038112, 37.83219099965997], [-122.22653200028964, 37.83220700027687], [-122.22680199972805, 37.83244400013884], [-122.22695200041422, 37.832575000026225], [-122.2269809998282, 37.832630000072136], [-122.22701000014051, 37.83266399975747], [-122.22706700004194, 37.832722999862874], [-122.2272400002943, 37.83290499968647], [-122.22731200026433, 37.832871999786846], [-122.22727200008136, 37.832810000064605], [-122.2275159995805, 37.832698000136645], [-122.22751700030373, 37.832685000076985], [-122.22751800012863, 37.83266500014447], [-122.22751700030373, 37.83264700027151], [-122.22751200028087, 37.83261499993466], [-122.22750600043308, 37.83259200023828], [-122.22748399979345, 37.83254100029988], [-122.22746100022724, 37.832506000168706], [-122.22743199991491, 37.83247199970105], [-122.22740099995278, 37.83244499981933], [-122.22739099990702, 37.83243799992719], [-122.22737599983844, 37.83242699989269], [-122.22733999985341, 37.83240600020925], [-122.22730999971617, 37.832395000169925], [-122.22727799992914, 37.83237900030337], [-122.22731800011209, 37.832386999882324], [-122.2273530002722, 37.832391000026234], [-122.2273969997548, 37.83239199970743], [-122.2274389995876, 37.832390000345015], [-122.22749200018939, 37.83237999998473], [-122.22754800026587, 37.832364000114865], [-122.22763600012944, 37.83233599980221], [-122.22766200006869, 37.83232800021767], [-122.22768800000796, 37.832326999826144], [-122.22770999974928, 37.83232800021767], [-122.22775300030528, 37.83233599980221], [-122.22781699987937, 37.832364000114865], [-122.22792099963645, 37.83241500017567], [-122.2284660003328, 37.832682000335794], [-122.22849399992191, 37.83275999995306], [-122.22850899999052, 37.8327689998763], [-122.22864700008277, 37.83284999984557], [-122.2287950002208, 37.83293600022372], [-122.2291480003982, 37.83314400019576], [-122.23079299983806, 37.83271599999716], [-122.23074900035544, 37.8325570001313], [-122.23100999957305, 37.832117999994345], [-122.23123600042716, 37.831727000128], [-122.23132199974256, 37.83158000011409], [-122.23138500039008, 37.831457999962176], [-122.23157700001072, 37.83145399976768], [-122.23204599964075, 37.831443999989986], [-122.2321619999917, 37.83143099970937], [-122.2321960003269, 37.83141800013598], [-122.23227400014468, 37.83134600011038], [-122.23237700007685, 37.831457000268315], [-122.23242499975744, 37.83155099981126], [-122.2324940002527, 37.83168600004737], [-122.23260899988045, 37.83166500015302], [-122.23351899955146, 37.8313929999675], [-122.23424499999781, 37.83128199971327], [-122.23504199969092, 37.831168999896555], [-122.2352099999204, 37.831147999855055], [-122.23522699963883, 37.831182000223336], [-122.23525699977607, 37.83126000000741], [-122.23533899979184, 37.83147300033482], [-122.23588299976495, 37.83133999980942], [-122.23611200009381, 37.831283999815234], [-122.2363720003848, 37.83122000007388], [-122.23667799980825, 37.831145000051315], [-122.23712700024512, 37.83103200002478], [-122.23707199999355, 37.830882999932435], [-122.23704799970409, 37.830823000072165], [-122.23715099963626, 37.83084200009233], [-122.23725100009368, 37.83083599975044], [-122.23729899977427, 37.83081699972873], [-122.23732700026166, 37.83080699986471], [-122.23755200039257, 37.83069600014789], [-122.23772300009679, 37.830655999908586], [-122.2378920001512, 37.83062299971256], [-122.23822699988693, 37.830595999863725], [-122.23845600021579, 37.830581000022306], [-122.23859599995788, 37.83057199983216], [-122.23885200005093, 37.83053700018593], [-122.23906399976303, 37.830503000229946], [-122.23966800001062, 37.830479000168076], [-122.23974800037655, 37.83047799975142], [-122.24078100007124, 37.83046599971743], [-122.24093500005701, 37.83045799993018], [-122.24108700039297, 37.83043899981114], [-122.2412289997849, 37.83040600022758], [-122.24235100006632, 37.830107000339616], [-122.24240200011995, 37.830093999823426], [-122.2427150001144, 37.8300210002115], [-122.24282499971925, 37.83000900010318], [-122.24290099988723, 37.830006999966706], [-122.24291500013094, 37.830006999966706], [-122.2430249997358, 37.8300119999531], [-122.24317899972156, 37.83004100015125], [-122.24328800039986, 37.830063000220576], [-122.24331699981386, 37.83008800013018], [-122.2433629998446, 37.83009800009165], [-122.24342099957093, 37.83009800009165], [-122.24349199971603, 37.83009899980392], [-122.24354100011983, 37.8300919996892], [-122.24394299980275, 37.83042499964561], [-122.24425300032243, 37.83068200003111], [-122.24455000042337, 37.83092799997299], [-122.24507099993197, 37.831355000206116], [-122.24518700028293, 37.83145399976768], [-122.24544500002575, 37.831674999900706], [-122.24513500040436, 37.831907000194995], [-122.24518999975766, 37.83194399998488], [-122.2453400004438, 37.83206899980892], [-122.24578899998235, 37.832448000279655], [-122.24593899977019, 37.832574000347506], [-122.24601300028834, 37.832636999946004], [-122.24613299993894, 37.83254600011455], [-122.24674700023228, 37.83303000001081], [-122.24656800013216, 37.83316600004935], [-122.24669799982846, 37.83327300021124], [-122.24696399996726, 37.83307500016089], [-122.24708299979295, 37.83297899966567], [-122.24744099999322, 37.83269100026856], [-122.24756099964382, 37.83259599966162], [-122.24818699963272, 37.83212799968069], [-122.2487420003748, 37.83171399989725], [-122.24910999972252, 37.83197399982004], [-122.24925799986053, 37.83209000029779], [-122.24946500044807, 37.83230100028326], [-122.24959199977137, 37.83244499981933], [-122.24970899994723, 37.83258899978381], [-122.2498470000395, 37.832770999937956], [-122.24996300039045, 37.8329649999821], [-122.25009999975948, 37.83319400004701], [-122.25014800033838, 37.83327100016325], [-122.25025200009547, 37.83341299989035], [-122.25034300033207, 37.8335219997353], [-122.2505230002571, 37.833667999763456], [-122.25062000034147, 37.83373200021926], [-122.2507759999771, 37.8338149998741], [-122.25193500006847, 37.83431199973434], [-122.25230400013942, 37.83448199980455], [-122.25233000007867, 37.83449399989487], [-122.2524100004446, 37.83454299988868], [-122.2522820003981, 37.834763000342946], [-122.25171099976248, 37.83571200032695], [-122.25163600031773, 37.83582700025903], [-122.25141299983663, 37.8361749999977], [-122.25133900021679, 37.83629100025527], [-122.251253999828, 37.8364230000329], [-122.25102000037458, 37.83680400008174], [-122.25094199965845, 37.836933000082546], [-122.25091499989429, 37.83697299975646], [-122.25083600025154, 37.837093999684505], [-122.25081000031228, 37.83713500030698], [-122.25053999997554, 37.837560999767724], [-122.24972999986365, 37.838840000009284], [-122.24946100025012, 37.83926699985293], [-122.24919500011134, 37.83971100005288], [-122.24812999973132, 37.84139199974371], [-122.24749000039704, 37.84242700023839], [-122.24710000040969, 37.84305499996845], [-122.2470309999144, 37.84316300021903], [-122.24682599987499, 37.843488999792925], [-122.24675800010293, 37.84359799964669], [-122.24664799959976, 37.843774000307036], [-122.24632000043503, 37.84430100024821], [-122.24621099975673, 37.844478000166994], [-122.24618499981749, 37.844515000036246], [-122.24610799982459, 37.84462900020683], [-122.24608299971023, 37.84466700022457], [-122.24539599962199, 37.84579799970235], [-122.24498399989332, 37.846435000194965], [-122.24476799998325, 37.84685100003656], [-122.24475000043991, 37.84688299987262], [-122.24473199999822, 37.84691499969479], [-122.24469500018833, 37.84698199987595], [-122.24467799957156, 37.84701499984756], [-122.24457999966229, 37.84719400001647], [-122.24428500010951, 37.84773299970009], [-122.24418800002513, 37.847912999724976], [-122.24392000023654, 37.84822899995118], [-122.24382499980196, 37.84836100035403], [-122.243716000022, 37.84851299970836], [-122.24351900037854, 37.84878200010315], [-122.24338100028626, 37.848988999915456], [-122.24332299966163, 37.84907200013616], [-122.2433059999432, 37.84915100031932], [-122.24330900031623, 37.849204999901886], [-122.24333100005755, 37.84925199972974], [-122.24334100010331, 37.84926499970706], [-122.24338200011118, 37.84931799975439], [-122.24352400040141, 37.84944500024812], [-122.24362099958746, 37.8495650001283], [-122.24388400025151, 37.84999600019778], [-122.24404400008507, 37.850256999670094], [-122.24395899969628, 37.85029599977279], [-122.24370699980118, 37.85041299995713], [-122.2436230001356, 37.85045300012308], [-122.2433829999361, 37.85052899981114], [-122.24266599971061, 37.85075599968223], [-122.2424270002343, 37.85083299990785], [-122.24231500008132, 37.85095999992007], [-122.24224499976113, 37.851040999774554], [-122.2420399997217, 37.85133499996973], [-122.24201899980532, 37.851373000078276], [-122.24200799993466, 37.85139600030247], [-122.24199100021622, 37.85144699997213], [-122.24197100012474, 37.85153500020936], [-122.2419560000561, 37.851600000188164], [-122.24194600001039, 37.85162899970187], [-122.24193799961445, 37.85165400010513], [-122.24191000002537, 37.85181400007353], [-122.24191400022332, 37.85190900004568], [-122.24143299999939, 37.8519409998146], [-122.24079899961457, 37.85197999973586], [-122.23852900001074, 37.85212200032968], [-122.23835900013142, 37.85213200014141], [-122.23820799962039, 37.85213999970611], [-122.2376460001039, 37.85216999983917], [-122.23687699999986, 37.8522109998831], [-122.23627100010245, 37.852242000108824], [-122.23622900026966, 37.85224400035173], [-122.23612200013955, 37.85225099978291], [-122.23528100006551, 37.85230000003839], [-122.23417899987554, 37.85237700007015], [-122.2341820002486, 37.85244900013764], [-122.23419099957111, 37.85254400000083], [-122.23430500027223, 37.85360700007442], [-122.23438999976277, 37.85438099980582], [-122.23449299969491, 37.85541099988979], [-122.23453200005297, 37.85568400024141], [-122.23455799999222, 37.85587299994717], [-122.23460200037314, 37.85633099968229], [-122.23463699963497, 37.85665900003279], [-122.23465400025171, 37.85681799971861], [-122.2346810000159, 37.85707300023824], [-122.23468900041182, 37.857140999755025], [-122.23476100038182, 37.8577899999761], [-122.23520400007261, 37.85776000000223], [-122.23565000013643, 37.85773000001614], [-122.2361899999116, 37.857689000204566], [-122.23620300033039, 37.85768800015696], [-122.23630299988953, 37.85768099982346], [-122.23638800027835, 37.85767200010297], [-122.23642900028622, 37.857667999911655], [-122.23674099955744, 37.85764999975715], [-122.23673700025778, 37.85763100025915], [-122.23671899981612, 37.857571000169756], [-122.23675599962604, 37.857593999878844], [-122.23682599994626, 37.85760399965755], [-122.23682900031929, 37.857637999888134], [-122.23683099996913, 37.857658000141576], [-122.2370059998713, 37.85765199985333], [-122.2374429997143, 37.857613000095604], [-122.23770800002816, 37.857589999683235], [-122.23802799969532, 37.8575700001206], [-122.23810100038857, 37.85754899979379], [-122.23811800010701, 37.857546999694826], [-122.23813499982546, 37.85756499987448], [-122.23813999984833, 37.85757599970626], [-122.23816400013774, 37.85762800011398], [-122.23819199972684, 37.857687000109344], [-122.23822699988693, 37.85767899972807], [-122.23834300023792, 37.85764600027385], [-122.2386660002781, 37.85755199994217], [-122.23878000008092, 37.85754999984328], [-122.23890999977725, 37.857547999744284], [-122.23892499984586, 37.85755299999162], [-122.23910599959585, 37.85772299968663], [-122.23942299978823, 37.85750899993154], [-122.23957099992624, 37.857501000240205], [-122.23964500044441, 37.85750200029035], [-122.23968300007922, 37.85750300034042], [-122.23974199963047, 37.85756000033723], [-122.24037900038833, 37.85728599978756], [-122.24041700002316, 37.85734800021335], [-122.24050700043485, 37.85749700003956], [-122.24054300041985, 37.85754100010681], [-122.24079299976681, 37.857432000295226], [-122.24112500002784, 37.85740400027856], [-122.2412150004395, 37.8574010001242], [-122.24115400034013, 37.857261999929044], [-122.24122700013505, 37.85723099968653], [-122.24152500006089, 37.85710399983798], [-122.24156900044184, 37.85708300008768], [-122.24161399974935, 37.85706599984638], [-122.24167700039685, 37.85717999976247], [-122.24171500003169, 37.85724799988977], [-122.24173099992522, 37.85726700019573], [-122.24148999990081, 37.85737400014764], [-122.24180200007034, 37.85734800021335], [-122.24181200011607, 37.857359000077565], [-122.2418699998424, 37.85740899982639], [-122.24191699969805, 37.85743599979013], [-122.24197799979743, 37.857472000199266], [-122.24202899985103, 37.857501000240205], [-122.24207099968382, 37.857525000020914], [-122.2421879998597, 37.857573000268125], [-122.24224599958602, 37.85758800029464], [-122.2423069996854, 37.857603000318115], [-122.24234699986837, 37.85760999994971], [-122.24238500040151, 37.85763200030752], [-122.242397999922, 37.85763399969491], [-122.24241299999059, 37.85764200008113], [-122.24255100008286, 37.857712999924054], [-122.2425600003037, 37.85772399973376], [-122.24260399978634, 37.85778100026893], [-122.24271000009153, 37.857922000283466], [-122.24271799958913, 37.857933000061976], [-122.24257700002212, 37.85793400010625], [-122.24252099994564, 37.85793400010625], [-122.2426020001365, 37.858720000202446], [-122.24329500007255, 37.858677000163965], [-122.24370400032645, 37.85864999994552], [-122.24392500025938, 37.85863900027401], [-122.24392799973411, 37.85868299965952], [-122.24394000032801, 37.85885000019926], [-122.24394500035088, 37.85892000026623], [-122.24395500039662, 37.85894500032468], [-122.24396399971913, 37.85896800031424], [-122.24401800014581, 37.85900199991566], [-122.24409099994074, 37.859016000331046], [-122.24413799979642, 37.859014000271884], [-122.24450400039261, 37.8590050000049], [-122.24453000033189, 37.8590050000049], [-122.24462700041627, 37.859008000094015], [-122.24450500021753, 37.85912900004025], [-122.24444099974511, 37.859333999829985], [-122.24439999973723, 37.859658000210096], [-122.24437799999592, 37.85983600016304], [-122.24435700007952, 37.86002599987752], [-122.24433899963786, 37.8602030003467], [-122.24428299956138, 37.86041200002891], [-122.24422300018522, 37.86053799984279], [-122.24419700024595, 37.86057200013843], [-122.24417200013158, 37.86060699971715], [-122.24411900042813, 37.860656000092305], [-122.24405800032876, 37.86070199970567], [-122.24401499977276, 37.86073499991944], [-122.2440650000015, 37.860776000164364], [-122.24425199959921, 37.860969000301914], [-122.2442349998808, 37.861065999827424], [-122.24427400023886, 37.86142700028853], [-122.24416600028383, 37.86149700003579], [-122.24414799984214, 37.86150799999001], [-122.2441710003067, 37.86153399987532], [-122.2442990003532, 37.861675999796255], [-122.2444249998516, 37.861817000161246], [-122.24447300043047, 37.86187099968636], [-122.24445800036187, 37.86191100001826], [-122.24441599963076, 37.86201900030964], [-122.2444120003311, 37.86203800009496], [-122.2444109996079, 37.86204999995688], [-122.2444120003311, 37.86205899985204], [-122.24441499980584, 37.862073999674806], [-122.24434200001092, 37.862073999674806], [-122.24436799995017, 37.862320999864004], [-122.24440399993517, 37.86266300023233], [-122.24440899995805, 37.862710999970396], [-122.24476499961021, 37.86285499970617], [-122.24494899973323, 37.86305799982112], [-122.24500700035786, 37.86320200029733], [-122.2450240000763, 37.86335500022904], [-122.2453400004438, 37.86378399988717], [-122.24552500039171, 37.86403599982632], [-122.24525000003212, 37.864257000197874], [-122.24510400044223, 37.86438599969126], [-122.24487299956525, 37.8647050000857], [-122.24475999958733, 37.86471600027031], [-122.2446220003934, 37.86472100003131], [-122.24463400008896, 37.864835000163865], [-122.24473299982316, 37.86578800013319], [-122.24488199978609, 37.8657909999462], [-122.24519099958258, 37.865797000281], [-122.24533799989567, 37.86598600029502], [-122.24553399971424, 37.86623699986442], [-122.24533600024583, 37.866247999820345], [-122.24524400018431, 37.86625400011798], [-122.24517399986414, 37.86625799984337], [-122.24496399980185, 37.86626999972728], [-122.24487699976319, 37.86627600002313], [-122.24487299956525, 37.8663360001178], [-122.24487199974031, 37.866357000068476], [-122.24486800044069, 37.86640800002512], [-122.24486500006763, 37.86645899994646], [-122.24484499997615, 37.866594000110204], [-122.24482900008263, 37.86664599982883], [-122.24481200036418, 37.866666999691176], [-122.24480599961811, 37.86667499980601], [-122.24477899985392, 37.866706000331426], [-122.24494399971034, 37.86680100025907], [-122.24506300043433, 37.866869999943084], [-122.24502200042646, 37.866912000243275], [-122.24501300020565, 37.86692000033151], [-122.24497600039572, 37.86694399988183], [-122.24493600021275, 37.86696999997684], [-122.24481400001402, 37.86705099996856], [-122.24474899971668, 37.86720999992966], [-122.24470400040914, 37.86726800013783], [-122.24460300012683, 37.86739999978123], [-122.24482599970958, 37.867581999836496], [-122.24492799981682, 37.867684000146276], [-122.24494200006053, 37.86792499980974], [-122.24495100028135, 37.86800199983034], [-122.24499099956601, 37.86835299990859], [-122.24500099961175, 37.868452000155685], [-122.2450249999012, 37.86864599994618], [-122.245074000305, 37.86903300022857], [-122.2450809999777, 37.86910100005725], [-122.24508699982549, 37.86914700007261], [-122.245102999719, 37.86931400030325], [-122.24512700000847, 37.86946599971279], [-122.24514999957468, 37.869663999919645], [-122.24515600032079, 37.869737000004946], [-122.24517100038939, 37.869889999842144], [-122.24517600041226, 37.86993600007408], [-122.24519700032866, 37.870124000230106], [-122.24526699975053, 37.87073600013124], [-122.24544300037597, 37.87233400001653], [-122.24549500025446, 37.87281199996781], [-122.24552899969136, 37.87306400023346], [-122.24572799988299, 37.874850999935205], [-122.24576800006596, 37.87521399984872], [-122.24580200040117, 37.87551800024595], [-122.24582800034041, 37.87572599994419], [-122.24586500015033, 37.87608000020061], [-122.24590100013535, 37.876400999899865], [-122.24592600024971, 37.87662599992875], [-122.2460040000675, 37.87731799997413], [-122.24613999961164, 37.8785399997259], [-122.2461639999011, 37.878750000341185], [-122.24616899992394, 37.878790000019094], [-122.24633299995548, 37.880230999932664], [-122.24637499978827, 37.880669000347915], [-122.24641400014633, 37.88098299965451], [-122.2464390002607, 37.88120299980722], [-122.2464459999334, 37.881267000127906], [-122.24653399979694, 37.8820180001897], [-122.24655700026149, 37.88214600006796], [-122.24660999996495, 37.88243899984371], [-122.24661699963762, 37.882578999763], [-122.24662800040657, 37.8827979996955], [-122.24663900027724, 37.88299999975511], [-122.24665599999565, 37.883075999914894], [-122.24665900036874, 37.88314400025262], [-122.24666600004143, 37.883206000193], [-122.24669100015579, 37.88346300025838], [-122.24671000042235, 37.88363600024148], [-122.24674100038447, 37.88386899981418], [-122.24675499972987, 37.88397300035308], [-122.2468269996999, 37.88407299986024], [-122.24681900020231, 37.884106000242014], [-122.24681199963128, 37.88414199967488], [-122.24680499995858, 37.88419700025152], [-122.24679099971488, 37.884243000057744], [-122.24678300021728, 37.88428100021502], [-122.24677599964627, 37.88434499998785], [-122.24677800019441, 37.88438100001288], [-122.24677999984422, 37.88440599994115], [-122.24678700041525, 37.88443999985832], [-122.24679200043812, 37.884464000082325], [-122.24679999993572, 37.88449199974294], [-122.24680699960841, 37.8845130001904], [-122.24682199967701, 37.88454700005817], [-122.24686699988288, 37.884961000274785], [-122.24690000039315, 37.88527499971584], [-122.24691000043892, 37.8853549997613], [-122.246645000125, 37.88515099972169], [-122.24558999979071, 37.884340000140575], [-122.24461499982237, 37.88364600003137], [-122.24411400040529, 37.88325199990922], [-122.24407900024518, 37.883223999777094], [-122.24242999970903, 37.88220300014714], [-122.24197100012474, 37.881927000323714], [-122.24185499977378, 37.88196599997619], [-122.24145899993867, 37.88215699977575], [-122.24027300008312, 37.882731999871794], [-122.24026100038756, 37.88273899995259], [-122.24013699964068, 37.88279900011131], [-122.2398789998978, 37.88292499993103], [-122.2397850001865, 37.88295599999993], [-122.2395059996289, 37.8830479997159], [-122.2394129997425, 37.88308000014508], [-122.23935300036634, 37.88309999987447], [-122.23904200002174, 37.88320299967107], [-122.23867899979855, 37.883325000000966], [-122.23857000001863, 37.883296000196566], [-122.23791600044063, 37.88312399982617], [-122.2375969997001, 37.883039999960985], [-122.23754300017173, 37.883025999855946], [-122.23603799957564, 37.882622999743454], [-122.23597300017664, 37.88260500001247], [-122.23562599984702, 37.88251100032162], [-122.23434100025726, 37.88221399984636], [-122.23253600008552, 37.88173599992771], [-122.23194299970858, 37.881621999711406], [-122.23124999977253, 37.88148799986595], [-122.23030900013936, 37.88130699985697], [-122.22884000042663, 37.881023000246806], [-122.22652100041898, 37.87993199998894], [-122.22603500017217, 37.87970299971868], [-122.22587600016351, 37.879619999955814], [-122.2258109998662, 37.87959700003061], [-122.22556599964383, 37.8794820002968], [-122.22509000034105, 37.87925800023821], [-122.22361999990508, 37.878565999983124], [-122.22240800011026, 37.876957999860124], [-122.22236799992729, 37.87690499983261], [-122.22141399987534, 37.875639999833325], [-122.22076199994717, 37.874772000349914], [-122.21980399969725, 37.873494999762066], [-122.21849499981805, 37.872733000323315], [-122.21764000039865, 37.87224999990049], [-122.21748899988758, 37.8718259998792], [-122.21654999990426, 37.86954599991057], [-122.21637199962903, 37.869075000005026], [-122.21697199967862, 37.868776000163315], [-122.21778400033868, 37.86835600032635], [-122.21885300001837, 37.867805999941986], [-122.21979100017678, 37.86733199980104], [-122.22060799996139, 37.86640099981069], [-122.2214180000733, 37.865468000229754], [-122.22114799973656, 37.865348999940004], [-122.21982600033688, 37.86477099975037], [-122.21887200028495, 37.863800999997366], [-122.21702399955718, 37.8619560002771], [-122.21526600013942, 37.860192000197706], [-122.21375600041878, 37.85867800019815], [-122.21338899999765, 37.85830900014458], [-122.21327699984465, 37.858183000066504], [-122.21292299984233, 37.8577839996986], [-122.21295899982734, 37.85774900019785], [-122.21288900040544, 37.85760699980369], [-122.21281400006238, 37.85743100024414], [-122.21237999969411, 37.85723399984785], [-122.21201200034639, 37.85701299969471], [-122.21193299980537, 37.85694600011753], [-122.21192600013265, 37.856937000307305], [-122.2119069998661, 37.856909000102604], [-122.21190199984323, 37.85690000028787], [-122.21189000014765, 37.85687999982876], [-122.21188500012478, 37.856869999951776], [-122.21186199966026, 37.856819999837356], [-122.21185400016265, 37.85680100012541], [-122.21158600037406, 37.85636000017213], [-122.21040800001612, 37.85506500029331], [-122.21080999969902, 37.854334999794155], [-122.21087499999634, 37.854226000207014], [-122.20983499973066, 37.85303999980724], [-122.20889800029546, 37.8519409998146], [-122.20781100017412, 37.85179800016325], [-122.2077600001205, 37.85179200010734], [-122.20650599959457, 37.851630999961415], [-122.20616599983595, 37.85154699965319], [-122.20605299985804, 37.85155200030757], [-122.20569100035812, 37.85152699986968], [-122.20480099988026, 37.851414999988805], [-122.2040939997005, 37.851386999814686], [-122.2031000003639, 37.85119199985234], [-122.20265699977479, 37.850479999797244], [-122.2023680000698, 37.8500190001422], [-122.20152899964557, 37.84872700004157], [-122.20121599965114, 37.84821199979614], [-122.20099700026633, 37.84787799979399], [-122.20086300037202, 37.84766200017634], [-122.20084199955731, 37.84761600022857], [-122.20076100026479, 37.847444999739466], [-122.200170000436, 37.84718300005429], [-122.19998200011501, 37.847101000026534], [-122.19975399961108, 37.84699199967548], [-122.19966699957241, 37.846974999944564], [-122.19961399986897, 37.84696500014278], [-122.19934600008037, 37.846845999772775], [-122.199100999858, 37.84668900025449], [-122.19881600035096, 37.84648800014837], [-122.19871800044166, 37.84641899982681], [-122.19863399987776, 37.846348999948646], [-122.19789699956078, 37.84573399978406], [-122.19754199973355, 37.84545800025402], [-122.19744499964918, 37.84538299980997], [-122.1969259997904, 37.84498099973347], [-122.19663100023762, 37.844759000223654], [-122.19657099996317, 37.844714000107324], [-122.19644200009174, 37.844616000121626], [-122.19510600044838, 37.84360499989863], [-122.19504600017392, 37.84299999989172], [-122.19518599991598, 37.84282600001082], [-122.19534800029771, 37.84262600026847], [-122.19528700019833, 37.84281699989576], [-122.19596599989067, 37.84296600000434], [-122.19800600023906, 37.84341299994274], [-122.19868800030444, 37.84356299979578], [-122.19871800044166, 37.84359400011048], [-122.19874000018298, 37.84360099965339], [-122.1989390003746, 37.84360199989209], [-122.19899299990294, 37.84360099965339], [-122.19940299998181, 37.84359500034921], [-122.19952699983035, 37.84358999986465], [-122.19970000008271, 37.84357199981985], [-122.19974399956534, 37.843561000026774], [-122.19990199974909, 37.84351100010831], [-122.19993799973409, 37.84349199980406], [-122.20002099957476, 37.8434509998776], [-122.2002209995913, 37.843343000048776], [-122.20051799969224, 37.84329400022533], [-122.20056500044619, 37.84328699994387], [-122.20093699999188, 37.843212999664075], [-122.20106300038857, 37.84320700032833], [-122.2011639997726, 37.843215000151915], [-122.20125699965901, 37.84323699983964], [-122.20130900043588, 37.843256999743495], [-122.20139899994925, 37.843300000263405], [-122.20153899969132, 37.843373000214115], [-122.20161700040745, 37.84340800015519], [-122.20167400030886, 37.843423000226196], [-122.20200400002174, 37.843455000130966], [-122.2020869998624, 37.84346299992765], [-122.20229100007693, 37.84347600021611], [-122.20233799993258, 37.84347199996388], [-122.20249000026854, 37.84345399989028], [-122.20261900013998, 37.84341899997109], [-122.20298200036314, 37.843326000186075], [-122.2030569998079, 37.843308000076846], [-122.20319200042543, 37.843279999661746], [-122.20330500040332, 37.84324899992451], [-122.20340800033549, 37.843215000151915], [-122.20344099994746, 37.843200000038614], [-122.20375899996476, 37.84306299980853], [-122.20383699978257, 37.84302200035298], [-122.20396700037723, 37.842956999906306], [-122.20401599988271, 37.84294199974058], [-122.20405699989061, 37.84292299999915], [-122.20406699993634, 37.8429169999304], [-122.20413999973127, 37.842875000145206], [-122.2042050000286, 37.84284199973978], [-122.20428500039455, 37.84279399983312], [-122.2043459995956, 37.84275099972765], [-122.20443600000726, 37.84269000004641], [-122.20448200003806, 37.84261299983018], [-122.20452700024387, 37.842558999676655], [-122.20458300032038, 37.84250599973711], [-122.2046350001989, 37.84246800002471], [-122.20470299997096, 37.84243200009245], [-122.2047809997888, 37.842407999654924], [-122.20496200043706, 37.8423779998064], [-122.20505600014839, 37.84235400006066], [-122.20513999981398, 37.84232700024871], [-122.20524799976903, 37.84228500012752], [-122.20529100032503, 37.842269000277724], [-122.20576199960492, 37.84209300028216], [-122.20594499990301, 37.84203000024618], [-122.20634800030913, 37.84187200014445], [-122.20657699973968, 37.84179499978356], [-122.20670399996129, 37.84177399992919], [-122.20685399974913, 37.84176499968575], [-122.20698900036663, 37.841767999767015], [-122.2071180002381, 37.84178100035425], [-122.2072749996986, 37.84180400002339], [-122.20759699991389, 37.841834000105386], [-122.20774900024985, 37.84184099981534], [-122.20798799972613, 37.841834000105386], [-122.2080260002593, 37.84183299984271], [-122.20831300031446, 37.84179900012675], [-122.20858500030101, 37.8417510002507], [-122.20870199957858, 37.84171900031599], [-122.20890999999104, 37.841644999881694], [-122.20898000031123, 37.841619000075724], [-122.20902600034199, 37.841603000081484], [-122.20912300042637, 37.84156100025737], [-122.20918700000045, 37.84152100023376], [-122.20924300007698, 37.841475000002404], [-122.20930300035141, 37.841399000205044], [-122.20933299959033, 37.84134100021364], [-122.20934799965895, 37.841288999668876], [-122.2093650002757, 37.841236999796884], [-122.20939299986479, 37.84110599968396], [-122.20948199955323, 37.84080199992257], [-122.20953199978196, 37.84068699994287], [-122.2095400001779, 37.840670000177454], [-122.20964099956191, 37.84047899995602], [-122.20982899988289, 37.84020600005851], [-122.21004499979294, 37.83989299966291], [-122.21037700005397, 37.83942100009723], [-122.21039600032054, 37.839388000274624], [-122.21046099971957, 37.83928099975947], [-122.21054699993329, 37.83909399997824], [-122.21057299987255, 37.83902699972501], [-122.21065499988832, 37.838826000019054], [-122.21068300037572, 37.838759999826735], [-122.21075100014778, 37.83855999970029], [-122.21095899966195, 37.8379609999296], [-122.21102899998213, 37.837762000082954], [-122.21113100008938, 37.83751100003836], [-122.21121300010513, 37.83731400033508], [-122.21130699981647, 37.83708500028887], [-122.21143200038824, 37.83675700012441], [-122.21148500009173, 37.836618999653936], [-122.21152399955145, 37.83650299991214], [-122.21162599965868, 37.83620500024084], [-122.21181200032986, 37.83566800000327], [-122.21193700000332, 37.83531200003085], [-122.21204300030853, 37.835015999805954], [-122.21216100030932, 37.83470399974049], [-122.2122099998148, 37.83460399992232], [-122.21223900012713, 37.834563000021575], [-122.21232799981557, 37.83444200019887], [-122.21241900005217, 37.83436299986749], [-122.21251699996147, 37.834286000181535], [-122.21273200004663, 37.83414199998188], [-122.21282300028322, 37.83408500032774], [-122.21335800003553, 37.833759000339434], [-122.2134350000284, 37.83370199967994], [-122.21363800041799, 37.83355700009392], [-122.2138429995591, 37.83342199973394], [-122.21398300019949, 37.83329599969533], [-122.2144069996237, 37.83291799970737], [-122.21454800008902, 37.83279299990273], [-122.21467699996043, 37.83257200028057], [-122.21496800021359, 37.832079000211415], [-122.21506699994778, 37.831909000280014], [-122.21519699964412, 37.831688999829055], [-122.2152169997356, 37.831654999694415], [-122.21525500026877, 37.831518999708564], [-122.21528899970563, 37.83157500023395], [-122.2153010002995, 37.83159499975242], [-122.21556599971505, 37.83139999995879], [-122.21558099978368, 37.83138899976948], [-122.21560099987516, 37.83137400008923], [-122.21562699981442, 37.83135800000125], [-122.21578099980022, 37.83126000000741], [-122.21591499969452, 37.83137899998299], [-122.21598199964168, 37.831437999697], [-122.21677000001227, 37.83233799987555], [-122.21682299971572, 37.83240600020925], [-122.21685899970075, 37.83245100003037], [-122.21693900006667, 37.83255200031738], [-122.21703600015105, 37.832674000079315], [-122.21709999972516, 37.83275799989111], [-122.2172849996731, 37.8328199996571]]]}}, {"type": "Feature", "properties": {"neighborhood": "Uptown"}, "geometry": {"type": "Polygon", "coordinates": [[[-122.2715099997785, 37.804453000244536], [-122.27222000033129, 37.80472899986299], [-122.27245700015776, 37.80482200003443], [-122.27268599958829, 37.804916000142136], [-122.27337500022469, 37.805199999846465], [-122.27360500037847, 37.805295000231006], [-122.27384399985475, 37.805388999736664], [-122.27456100008024, 37.80567399979436], [-122.27480100027977, 37.80576900027897], [-122.27503599955807, 37.805858999728784], [-122.27574299973783, 37.80613100033299], [-122.27597899973938, 37.80622200008708], [-122.27620899989316, 37.806313999763496], [-122.27665300030716, 37.806492000000006], [-122.27690000017937, 37.80659399964715], [-122.2770080001344, 37.80663900030252], [-122.27712199993722, 37.80670700018413], [-122.27724999998374, 37.806752000060925], [-122.27737499965721, 37.806795999882404], [-122.27756800000104, 37.806864999646436], [-122.2776349999482, 37.80688900028985], [-122.27776399981961, 37.806936000107804], [-122.27781499987324, 37.80695399986405], [-122.27796999968395, 37.80701099989121], [-122.2780219995625, 37.80702999965393], [-122.27815399980696, 37.80707700009185], [-122.2782409998456, 37.807108000122746], [-122.27844300041029, 37.807177000305], [-122.27855399984006, 37.807216999784515], [-122.27858099960423, 37.8072270000059], [-122.27867799968863, 37.807283999822346], [-122.27884500009318, 37.807349999778985], [-122.27934899988334, 37.80755100005784], [-122.27951700011285, 37.80761799979264], [-122.27981199966563, 37.80774299965446], [-122.27991100029814, 37.80778400026137], [-122.28025100005677, 37.80792900009613], [-122.28035599963874, 37.80797699997379], [-122.28068899972469, 37.80813800029678], [-122.28082199979407, 37.80820300019103], [-122.28096499990922, 37.80830100028377], [-122.28087700004565, 37.80853300024561], [-122.28073599958036, 37.80892600021261], [-122.28062000012768, 37.80919100019797], [-122.2805129999976, 37.80943800008592], [-122.28042900033202, 37.80966100012265], [-122.27996300017666, 37.81105400019746], [-122.27994200026029, 37.811117999684626], [-122.27992100034388, 37.811182999794475], [-122.27988199998582, 37.81129499972944], [-122.27976399998505, 37.81163199989679], [-122.27972600035021, 37.81174499982128], [-122.27967699994639, 37.81188899972561], [-122.2796059998013, 37.81209500020446], [-122.27952999963333, 37.81232199983572], [-122.27948199995274, 37.81246699998516], [-122.27942099985336, 37.8126239999483], [-122.27923699973034, 37.8130949999636], [-122.27917700035421, 37.8132520000107], [-122.27916499976033, 37.813280999698094], [-122.27913100032345, 37.81336999998904], [-122.27911999955447, 37.81340000027821], [-122.27907500024695, 37.81352199976741], [-122.27894100035265, 37.81388999972771], [-122.27889699997172, 37.814012999756706], [-122.27885500013893, 37.81412600029508], [-122.27873899978798, 37.81444600018422], [-122.27872999956716, 37.814464000238786], [-122.27870700000092, 37.814513000049715], [-122.27868100006168, 37.81457400031925], [-122.27860200041894, 37.814541999951466], [-122.27853499957348, 37.814515999819804], [-122.27833799992999, 37.81443900000411], [-122.2780989995554, 37.81434200017721], [-122.27795499961536, 37.814283000278735], [-122.27777300004045, 37.81420999993009], [-122.27722700041753, 37.813992999731326], [-122.27704499994432, 37.81392099973705], [-122.27680700029296, 37.81383000024505], [-122.27609500009034, 37.8135580003227], [-122.27585800026387, 37.813468000320825], [-122.27561899988928, 37.81337299980558], [-122.27490199966377, 37.81308799965539], [-122.27466400001241, 37.81299400001454], [-122.27455600005734, 37.81295899983833], [-122.2743879998279, 37.81290499997997], [-122.27422999964415, 37.81286000030446], [-122.27412199968909, 37.81282899984962], [-122.27397699992413, 37.812807000320205], [-122.27353900025622, 37.81274300016803], [-122.27339399959298, 37.81272299979861], [-122.2732620002468, 37.81270400008139], [-122.27312499997943, 37.81268499964957], [-122.27304299996369, 37.8126689997677], [-122.2728670002366, 37.81263600004479], [-122.2728250004038, 37.812628999693054], [-122.27278100002286, 37.8126239999483], [-122.27273699964194, 37.81261299979905], [-122.27226499963882, 37.812528999766435], [-122.2716570000916, 37.8124180002357], [-122.27145000040237, 37.81237999992969], [-122.27137800043234, 37.81236399998172], [-122.27131099958687, 37.81234899998301], [-122.27117699969257, 37.81232499969483], [-122.27097199965317, 37.81228899995765], [-122.27027200004443, 37.81216699985042], [-122.26953599955236, 37.812040999714235], [-122.26925500024328, 37.81199400030676], [-122.26905799970147, 37.8119589996565], [-122.26899499995228, 37.811943000327005], [-122.26892999965494, 37.81193399999299], [-122.2678700001961, 37.81174199993855], [-122.26677100037921, 37.81155299998506], [-122.26683999997616, 37.811445000301376], [-122.26716600038942, 37.810938000009806], [-122.26748699988147, 37.81040800027222], [-122.26773200010385, 37.810048999844796], [-122.26784199970871, 37.8098579998431], [-122.2681739999697, 37.80928699970089], [-122.2682850002978, 37.809096999854034], [-122.26834200019921, 37.80900500009621], [-122.26844900032933, 37.80883500024203], [-122.26894700027171, 37.80805500015207], [-122.26911299995307, 37.807794999710616], [-122.26924900039549, 37.80756999968162], [-122.2696579997511, 37.80689499973976], [-122.26979500001842, 37.806670999837145], [-122.26998499998923, 37.806387000111734], [-122.27019099985355, 37.806080999890014], [-122.27028999958777, 37.80592400020952], [-122.2705249997644, 37.80551599991318], [-122.27069800001678, 37.80522100017357], [-122.27079799957586, 37.80503800016392], [-122.2710029996153, 37.80466799997698], [-122.27113599968467, 37.80451699977473], [-122.27127399977695, 37.80436099966931], [-122.2715099997785, 37.804453000244536]]]}}, {"type": "Feature", "properties": {"neighborhood": "West Oakland"}, "geometry": {"type": "Polygon", "coordinates": [[[-122.28874000043994, 37.80256000008334], [-122.28874899976246, 37.80253700024797], [-122.28887099996119, 37.80225400032978], [-122.28887599998406, 37.80224300005523], [-122.28920200039731, 37.80138999965181], [-122.28931299982709, 37.8011029998875], [-122.28948000023165, 37.8009099999555], [-122.28950699999584, 37.80085800002], [-122.28951399966851, 37.800837999980466], [-122.28956999974503, 37.800703000104235], [-122.28973999962433, 37.80008900003052], [-122.28978800020323, 37.79997499989435], [-122.28983099986094, 37.79988800002694], [-122.289862999648, 37.79982600027918], [-122.29003099987747, 37.799621999894704], [-122.2900760000833, 37.799580999725045], [-122.29008799977888, 37.79957099988798], [-122.29015499972601, 37.7995220000989], [-122.29022800041929, 37.79947700007565], [-122.29028100012273, 37.79944500026329], [-122.29042599988769, 37.79937900034026], [-122.29055200028436, 37.799333000100944], [-122.29078599973779, 37.79926900033753], [-122.29089200004299, 37.79924700031734], [-122.29099400015026, 37.79923799985549], [-122.29239400026604, 37.7990439998863], [-122.29262600006965, 37.79901199988635], [-122.29389599959079, 37.79880499968482], [-122.29411999989675, 37.79876399977151], [-122.29467399991563, 37.79864800015324], [-122.2983260000919, 37.797782000294404], [-122.2987350003458, 37.79771500015438], [-122.30068299973436, 37.79739900007307], [-122.3008679996823, 37.79736899967161], [-122.30085199978876, 37.797319999841534], [-122.30084199974303, 37.797285000044376], [-122.30081400015395, 37.797186000082206], [-122.30080800030616, 37.7971740003144], [-122.3007899998645, 37.79712800012166], [-122.30078599966653, 37.79708000029115], [-122.3007890000396, 37.79702799978893], [-122.3008049999331, 37.79698499998755], [-122.30086000018468, 37.796948999870494], [-122.30119999994332, 37.79688900010958], [-122.30284899958113, 37.79660000027103], [-122.30324699996439, 37.79653100014484], [-122.3033950001024, 37.796489000221655], [-122.3045140000108, 37.796367000275566], [-122.30467700021741, 37.79634600027031], [-122.30493400013536, 37.796300999732004], [-122.30774299968945, 37.79581600015617], [-122.30954000036361, 37.79568699998028], [-122.31108699989414, 37.79557700015859], [-122.3115120000416, 37.79552200018635], [-122.31278599976069, 37.7953570000239], [-122.31321199973304, 37.795303000071414], [-122.31350499963598, 37.79518800017244], [-122.31438599989302, 37.79484199992166], [-122.31506399976044, 37.79457899994566], [-122.32018299999966, 37.79568900033692], [-122.32850699962808, 37.797492999690405], [-122.33213799988795, 37.7987510001232], [-122.33261999993682, 37.79892199990085], [-122.34051500011816, 37.80166399987514], [-122.34102099955813, 37.80183000024131], [-122.34156100023164, 37.802706999695104], [-122.34540099983055, 37.80894700018993], [-122.34668100029575, 37.81102700028631], [-122.34093000021984, 37.81953000019621], [-122.34093100004475, 37.81962499988459], [-122.34093799971745, 37.82008100009292], [-122.34094500028846, 37.82050200017452], [-122.34103899999981, 37.82645700003446], [-122.31747800020264, 37.83230699979654], [-122.31227299974971, 37.83220100004593], [-122.31874600007394, 37.83541699992833], [-122.31899200012123, 37.8359209999099], [-122.31948599986565, 37.8369319997534], [-122.31378099982052, 37.83547500032113], [-122.30743899991586, 37.83385499981969], [-122.2961660000929, 37.83097500009644], [-122.29446999970112, 37.83055799969186], [-122.29404899975164, 37.83062100030226], [-122.29403299985812, 37.830607999876634], [-122.29402199998745, 37.83062499983239], [-122.29397299958366, 37.830633000311046], [-122.29384999956, 37.83065199967061], [-122.29358699979429, 37.830689999794124], [-122.29350700032666, 37.830701999791685], [-122.29345600027303, 37.830689999794124], [-122.29339099997573, 37.830674000267294], [-122.29335699964051, 37.83066599979308], [-122.29330399993707, 37.8306530000849], [-122.29322899959398, 37.83063499972108], [-122.29319799963184, 37.83062799965721], [-122.2929690002013, 37.83057300024748], [-122.29102900031035, 37.830107000339616], [-122.29086299973069, 37.83006699978101], [-122.29083199976854, 37.83005999966325], [-122.29065600004145, 37.830017999652476], [-122.29005900036488, 37.829874000346265], [-122.289946000387, 37.82988599976707], [-122.28971000038543, 37.829818999664965], [-122.28947299966062, 37.82975099978511], [-122.2890960000921, 37.82964400019157], [-122.28890399957317, 37.82959900007746], [-122.28882599975536, 37.82958100016598], [-122.28813799984218, 37.829414000029416], [-122.28799800010009, 37.82937899983395], [-122.28760899993767, 37.82928300020584], [-122.28751400040143, 37.82925899974714], [-122.28739999970031, 37.82921499983202], [-122.28635899960972, 37.82897300018439], [-122.2860480001634, 37.82890099990147], [-122.28562100036613, 37.828798000123584], [-122.2855679997644, 37.82878599981636], [-122.28515900040878, 37.82869200029845], [-122.28506700034727, 37.82867100026151], [-122.28506300014932, 37.82865899993364], [-122.28503600038512, 37.82866400001132], [-122.28493000007992, 37.82864000006089], [-122.2837109997141, 37.828352999782055], [-122.2828179997615, 37.82813999967177], [-122.28252499985857, 37.82806700025535], [-122.28238400029159, 37.82803299987077], [-122.28231899999423, 37.828018000217824], [-122.28223799980339, 37.827997999729746], [-122.282028999566, 37.82794799990494], [-122.28187100028057, 37.827909999788396], [-122.28163500027902, 37.82785400002912], [-122.28138900023174, 37.827793999834384], [-122.28123500024594, 37.827757000092085], [-122.28115700042812, 37.82773799998708], [-122.28104500027514, 37.82771099979206], [-122.28094999984059, 37.82768899973102], [-122.28105899962054, 37.82755199978371], [-122.28112999976564, 37.82746199981457], [-122.28130600039106, 37.82723199994656], [-122.28161299963939, 37.82683600024021], [-122.28197699968747, 37.826358999917275], [-122.2821619996354, 37.82614899973471], [-122.28234699958331, 37.825952000202804], [-122.28245500043667, 37.82582499969989], [-122.28278099995158, 37.82544599997828], [-122.28288999973154, 37.82531999980075], [-122.28306200015898, 37.82512499974383], [-122.28364299994205, 37.82440599999038], [-122.28370200039157, 37.82433000034729], [-122.2839090000808, 37.82406500006447], [-122.28465100042067, 37.82315900019186], [-122.28470800032207, 37.823079999842605], [-122.2848809996761, 37.82284699965835], [-122.28493900030077, 37.82276900020587], [-122.28532599991503, 37.82229100003227], [-122.28614400042285, 37.821268000271985], [-122.28622600043865, 37.82116300010813], [-122.28616799981401, 37.82115400018852], [-122.2861179995853, 37.82113800001326], [-122.28548900012167, 37.82099399969962], [-122.28537600014374, 37.82097300031047], [-122.28528499990716, 37.820956000259905], [-122.28496600006493, 37.820896000133644], [-122.28467900000977, 37.82082500032339], [-122.28447899999321, 37.820775999734884], [-122.2842589998852, 37.8207240003057], [-122.28360199993416, 37.820570000061885], [-122.28338299965105, 37.82051900032964], [-122.28317699978672, 37.820471000090265], [-122.28255900019376, 37.82033000013802], [-122.28235300032945, 37.82028300033061], [-122.28231399997136, 37.82027799968501], [-122.28226399974263, 37.820265000275654], [-122.28212400000056, 37.82023400009191], [-122.28144000028536, 37.82008299978886], [-122.28121299960634, 37.820033000278336], [-122.28099800041947, 37.819984999722955], [-122.28035599963874, 37.819844000261526], [-122.28014200027681, 37.81979700014466], [-122.27993499968927, 37.819746999730825], [-122.27931600027138, 37.819599999978436], [-122.27911000040706, 37.819550999995954], [-122.27890399964443, 37.81950500025789], [-122.27828699987636, 37.81936899987748], [-122.27808199983696, 37.81932399988423], [-122.27787799962243, 37.81927499971853], [-122.27726599987726, 37.81912900030627], [-122.27706300038598, 37.819080999872654], [-122.27697600034735, 37.819060999801], [-122.27686099982131, 37.8190370002756], [-122.27625499992389, 37.81891099980066], [-122.27605300025753, 37.81886999969548], [-122.27592600003592, 37.81848399994277], [-122.2757279996692, 37.81790400019973], [-122.27567699961558, 37.81777500028216], [-122.27562899993501, 37.817635000028524], [-122.27551199975916, 37.81721300002977], [-122.27541700022289, 37.81692199974694], [-122.27526499988696, 37.81645199991585], [-122.27524599962038, 37.81639199967675], [-122.27516899962747, 37.8161450003432], [-122.2751419998633, 37.816059000266385], [-122.27506400004549, 37.815802999956304], [-122.27503800010622, 37.81571800009778], [-122.2750020001212, 37.81560000032397], [-122.27492599995323, 37.815350999935774], [-122.27489499999109, 37.81524799969781], [-122.27485999983098, 37.815130999797475], [-122.27482600039411, 37.815026000129365], [-122.2747889996859, 37.81491200034086], [-122.27474699985308, 37.81480000021539], [-122.2747180004391, 37.81471499991171], [-122.27468300027897, 37.814612000205706], [-122.27461100030897, 37.814399000178746], [-122.2743950003989, 37.81376099989257], [-122.27432300042886, 37.81354900018554], [-122.274282000421, 37.81340499997041], [-122.27416199987209, 37.81297299976886], [-122.27412199968909, 37.81282899984962], [-122.27422999964415, 37.81286000030446], [-122.2743879998279, 37.81290499997997], [-122.27455600005734, 37.81295899983833], [-122.27466400001241, 37.81299400001454], [-122.27490199966377, 37.81308799965539], [-122.27561899988928, 37.81337299980558], [-122.27585800026387, 37.813468000320825], [-122.27609500009034, 37.8135580003227], [-122.27680700029296, 37.81383000024505], [-122.27704499994432, 37.81392099973705], [-122.27722700041753, 37.813992999731326], [-122.27777300004045, 37.81420999993009], [-122.27795499961536, 37.814283000278735], [-122.2780989995554, 37.81434200017721], [-122.27833799992999, 37.81443900000411], [-122.27853499957348, 37.814515999819804], [-122.27860200041894, 37.814541999951466], [-122.27868100006168, 37.81457400031925], [-122.27870700000092, 37.814513000049715], [-122.27872999956716, 37.814464000238786], [-122.27873899978798, 37.81444600018422], [-122.27885500013893, 37.81412600029508], [-122.27889699997172, 37.814012999756706], [-122.27894100035265, 37.81388999972771], [-122.27907500024695, 37.81352199976741], [-122.27911999955447, 37.81340000027821], [-122.27913100032345, 37.81336999998904], [-122.27916499976033, 37.813280999698094], [-122.27917700035421, 37.8132520000107], [-122.27923699973034, 37.8130949999636], [-122.27942099985336, 37.8126239999483], [-122.27948199995274, 37.81246699998516], [-122.27952999963333, 37.81232199983572], [-122.2796059998013, 37.81209500020446], [-122.27967699994639, 37.81188899972561], [-122.27972600035021, 37.81174499982128], [-122.27976399998505, 37.81163199989679], [-122.27988199998582, 37.81129499972944], [-122.27992100034388, 37.811182999794475], [-122.27994200026029, 37.811117999684626], [-122.27996300017666, 37.81105400019746], [-122.28042900033202, 37.80966100012265], [-122.2805129999976, 37.80943800008592], [-122.28062000012768, 37.80919100019797], [-122.28073599958036, 37.80892600021261], [-122.28087700004565, 37.80853300024561], [-122.28096499990922, 37.80830100028377], [-122.28101400031301, 37.80815599976003], [-122.28111800007007, 37.807856999866274], [-122.28129299997227, 37.80737200022462], [-122.28155300026326, 37.80671399967786], [-122.28158099985234, 37.80664399974278], [-122.28161600001245, 37.806553999830136], [-122.28166100021829, 37.806467999937325], [-122.28188200015123, 37.80605300025174], [-122.2819220003342, 37.805953999975365], [-122.28199400030424, 37.80573799968598], [-122.28208100034284, 37.80548399987809], [-122.28210499973397, 37.80541700033647], [-122.28221199986412, 37.8051210001508], [-122.28235800035229, 37.804720000069146], [-122.28255800036882, 37.80417099992384], [-122.2826069998743, 37.80403599975164], [-122.28273999994371, 37.80367500014524], [-122.28279799967004, 37.8035089996671], [-122.28295699967867, 37.80305899977809], [-122.28296800044765, 37.80301000017356], [-122.28301000028044, 37.802840000004316], [-122.28301899960297, 37.80277699981298], [-122.2830410002426, 37.80268700015624], [-122.28304899974019, 37.802654000230945], [-122.28319600005327, 37.80210300016047], [-122.2832189996195, 37.802019000238225], [-122.28324799993183, 37.801920000232535], [-122.28326200017554, 37.80187500025066], [-122.28330700038136, 37.801743999815955], [-122.28332199955167, 37.80169999982372], [-122.2838580000272, 37.80187500025066], [-122.28546900003018, 37.802403000015545], [-122.28565399997811, 37.80246400035278], [-122.28601800002619, 37.802531999819934], [-122.28634699991416, 37.802593000050635], [-122.28683200033603, 37.802684999989104], [-122.28723999986673, 37.8027439999279], [-122.28734100014907, 37.802755000127824], [-122.28740399989826, 37.802763000078606], [-122.28767599988481, 37.802774000275704], [-122.28787400025153, 37.80277799989531], [-122.28791899955907, 37.80278000005987], [-122.28842599972226, 37.80275799966587], [-122.28847099992812, 37.80275700029307], [-122.2885889999289, 37.802755000127824], [-122.28867000011975, 37.802755000127824], [-122.28870600010475, 37.802655000314935], [-122.28871399960238, 37.802630999715056], [-122.28874000043994, 37.80256000008334]]]}}, {"type": "Feature", "properties": {"neighborhood": "Westlake"}, "geometry": {"type": "Polygon", "coordinates": [[[-122.25386099971571, 37.818372000269086], [-122.2534149996519, 37.81795600019625], [-122.25312400029705, 37.817686000334106], [-122.25280700010464, 37.81719400004874], [-122.25317399962745, 37.81699199987339], [-122.2532539999934, 37.81695899995386], [-122.2533889997126, 37.81688999968729], [-122.25355699994208, 37.816782999897136], [-122.25368499998862, 37.81670700021065], [-122.25378500044604, 37.8166419999965], [-122.25388699965498, 37.816563999664034], [-122.25414500029615, 37.81638999988082], [-122.25604900020211, 37.81532699991386], [-122.25808600017741, 37.81417500033035], [-122.25838999995104, 37.813978999994205], [-122.25861000005908, 37.81381599976733], [-122.25889299991628, 37.8135470003126], [-122.25901900031297, 37.81342799996938], [-122.25907200001643, 37.81337900014801], [-122.25938199963782, 37.813052000290256], [-122.25950200018676, 37.81292700018987], [-122.25980299958731, 37.81267400021906], [-122.25990100039492, 37.81260700010405], [-122.2601180001299, 37.812484999812575], [-122.26020500016851, 37.812447000250685], [-122.26029600040513, 37.81242299999442], [-122.2604140004059, 37.81239899973029], [-122.26052300018586, 37.8123900001615], [-122.26062899959273, 37.81239100011365], [-122.26086700014243, 37.812406000103834], [-122.2611540001976, 37.81270699992503], [-122.26133499994756, 37.812866999924594], [-122.26140600009268, 37.81294100012648], [-122.26149499978114, 37.81303399989143], [-122.26158199981977, 37.81287800003601], [-122.2616539997898, 37.812748999852026], [-122.26169800017072, 37.812651999933756], [-122.26200199994436, 37.81199900009418], [-122.26224100031895, 37.81148400034334], [-122.26228499980157, 37.81137599984902], [-122.26241799987096, 37.81105200025699], [-122.26246300007679, 37.81094499981215], [-122.26283299997266, 37.81101200001597], [-122.26338199996864, 37.8111129998376], [-122.26394400038345, 37.81122199997489], [-122.26431500010419, 37.811293999762455], [-122.26542099959379, 37.81146800020121], [-122.2655529998383, 37.81147799984689], [-122.26593199995499, 37.81148199970481], [-122.26654399970016, 37.81150400033869], [-122.2666669997238, 37.811533999966706], [-122.26677100037921, 37.81155299998506], [-122.26638600041473, 37.81216100011918], [-122.26622599968285, 37.81240700005577], [-122.2660829995677, 37.81263000035161], [-122.265751000205, 37.813146999799216], [-122.26559300002125, 37.813394999876024], [-122.26550599998261, 37.81354499972993], [-122.26524599969161, 37.81399399966176], [-122.26516000037621, 37.81414499964642], [-122.26470400026663, 37.81486300008508], [-122.26425400000484, 37.81560900021113], [-122.26419299990546, 37.815710000131084], [-122.26413799965388, 37.815793000186716], [-122.26375600006246, 37.81638100008886], [-122.26308400004281, 37.817448999909345], [-122.26294000010277, 37.81768200010271], [-122.26250900010756, 37.8183799999473], [-122.26236599999241, 37.81861399990841], [-122.26212800034105, 37.818993999805386], [-122.26141500031352, 37.82013499966962], [-122.26117799958874, 37.820516000093804], [-122.2611540001976, 37.820552999918505], [-122.26108499970232, 37.82066300015075], [-122.2610620001361, 37.820700999741355], [-122.26104000039479, 37.82075299989636], [-122.261026999976, 37.82076199986486], [-122.26096099985375, 37.820861000155794], [-122.26092999989162, 37.82090599992157], [-122.26089599955644, 37.82095700009603], [-122.26080199984511, 37.82110700019618], [-122.26064500038457, 37.821362999852255], [-122.26052900003361, 37.821564000301564], [-122.26044199999498, 37.82171799989063], [-122.26035900015431, 37.82186099967757], [-122.26032200034439, 37.82192700008619], [-122.26017699968112, 37.822160000336424], [-122.26014999991696, 37.82220299967178], [-122.2600970002135, 37.82228200025021], [-122.26000599997693, 37.82242099967938], [-122.25974099966301, 37.82284000027489], [-122.2589489999928, 37.824099000148586], [-122.25875599964894, 37.82440699977977], [-122.25868000037927, 37.82451499965936], [-122.25856599967813, 37.82447999997851], [-122.25841199969236, 37.82442699982195], [-122.25839199960089, 37.824419999878785], [-122.25808299980439, 37.824297000160406], [-122.2577959997492, 37.82414199977343], [-122.25765299963406, 37.824059999675114], [-122.25740900013491, 37.82392099978486], [-122.25733499961676, 37.82386400004007], [-122.25724699975322, 37.823797999944425], [-122.25675800003165, 37.82343599993998], [-122.25666299959713, 37.82336600024781], [-122.25661699956633, 37.823295999779646], [-122.25660099967283, 37.82326500015935], [-122.2565770002817, 37.82323500033123], [-122.25651299980927, 37.82318999985668], [-122.25614399973836, 37.82292700006644], [-122.25602200043792, 37.82284000027489], [-122.25594899974467, 37.82279200012578], [-122.2557329998346, 37.822649999827085], [-122.25566099986457, 37.82260300007784], [-122.25557800002392, 37.822545000210134], [-122.25554000038908, 37.82251900005883], [-122.25517999964062, 37.82226799995623], [-122.25505999999007, 37.822185000085106], [-122.25494600018723, 37.82207999980656], [-122.25493799979131, 37.82207099999873], [-122.2548380002322, 37.821967000090055], [-122.25473199992699, 37.82183800017714], [-122.25464999991121, 37.82171099969053], [-122.25463499984261, 37.82167900028772], [-122.25456600024563, 37.8215280001025], [-122.25452900043571, 37.82141699991027], [-122.25449900029847, 37.821291999781614], [-122.2543319998939, 37.820576999660624], [-122.25427699964231, 37.8203390001581], [-122.25413199987736, 37.819832999768806], [-122.25419200015185, 37.819806000229775], [-122.25430099993177, 37.819758000236355], [-122.25436100020622, 37.81971299977069], [-122.254479000207, 37.81962499988459], [-122.25444599969673, 37.81959900012394], [-122.25442300013052, 37.81958099990217], [-122.2543369999168, 37.81951500023426], [-122.25423900000747, 37.81943899981239], [-122.25405300023465, 37.81929300001492], [-122.25396299982296, 37.8192229999415], [-122.25380299998939, 37.819097999645415], [-122.25367900014083, 37.81900100026322], [-122.25375000028593, 37.818945000130206], [-122.25385099966998, 37.818868999831096], [-122.25402700029538, 37.81874299977906], [-122.25404200036398, 37.818730999965595], [-122.2541550003419, 37.81864599993037], [-122.25386099971571, 37.818372000269086]]]}}]}